seed	classification	layout_id	rank_cells	count	total	frequency
0	straight	mask_00ff	0,1,2,3,4,5,6,7	7520724	18815065	0.39971820453450468
0	straight	mask_017f	0,1,2,3,4,5,6,8	2068890	18815065	0.10995922682169847
0	straight	mask_01bf	0,1,2,3,4,5,7,8	113833	18815065	0.0060500986842192683
0	straight	mask_01df	0,1,2,3,4,6,7,8	36439	18815065	0.0019366927512607583
0	straight	mask_01ef	0,1,2,3,5,6,7,8	894892	18815065	0.047562525029809892
0	straight	mask_01f7	0,1,2,4,5,6,7,8	87020	18815065	0.0046250172401742966
0	straight	mask_01fb	0,1,3,4,5,6,7,8	3692	18815065	0.0001962257371951678
0	straight	mask_01fd	0,2,3,4,5,6,7,8	1812	18815065	9.6305806012362966e-05
0	straight	mask_01fe	1,2,3,4,5,6,7,8	50813	18815065	0.0027006550336126926
0	straight	mask_027f	0,1,2,3,4,5,6,9	3450258	18815065	0.18337741591644779
0	straight	mask_02bf	0,1,2,3,4,5,7,9	162298	18815065	0.0086259601016525859
0	straight	mask_02df	0,1,2,3,4,6,7,9	139702	18815065	0.0074250075670745756
0	straight	mask_02ef	0,1,2,3,5,6,7,9	2446657	18815065	0.13003712716379134
0	straight	mask_02f7	0,1,2,4,5,6,7,9	66717	18815065	0.0035459351322995694
0	straight	mask_02fb	0,1,3,4,5,6,7,9	4016	18815065	0.00021344598065433206
0	straight	mask_02fd	0,2,3,4,5,6,7,9	5078	18815065	0.00026989011199270375
0	straight	mask_02fe	1,2,3,4,5,6,7,9	44144	18815065	0.0023462050224115623
0	straight	mask_033f	0,1,2,3,4,5,8,9	282945	18815065	0.015038215387509955
0	straight	mask_035f	0,1,2,3,4,6,8,9	37435	18815065	0.001989629055227819
0	straight	mask_036f	0,1,2,3,5,6,8,9	70715	18815065	0.003758424432761726
0	straight	mask_0377	0,1,2,4,5,6,8,9	43694	18815065	0.0023222880176071675
0	straight	mask_037b	0,1,3,4,5,6,8,9	11206	18815065	0.0005955865685289952
0	straight	mask_037d	0,2,3,4,5,6,8,9	6320	18815065	0.00033590104525283332
0	straight	mask_037e	1,2,3,4,5,6,8,9	23362	18815065	0.0012416645916450461
0	straight	mask_039f	0,1,2,3,4,7,8,9	4628	18815065	0.00024597310718830893
0	straight	mask_03af	0,1,2,3,5,7,8,9	29106	18815065	0.0015469518707482541
0	straight	mask_03b7	0,1,2,4,5,7,8,9	4052	18815065	0.00021535934103868363
0	straight	mask_03bb	0,1,3,4,5,7,8,9	55	18815065	2.9231894760926948e-06
0	straight	mask_03bd	0,2,3,4,5,7,8,9	269	18815065	1.4297053983071543e-05
0	straight	mask_03be	1,2,3,4,5,7,8,9	805	18815065	4.2784864150083992e-05
0	straight	mask_03cf	0,1,2,3,6,7,8,9	23656	18815065	0.0012572903681172508
0	straight	mask_03d7	0,1,2,4,6,7,8,9	685	18815065	3.640699620224538e-05
0	straight	mask_03db	0,1,3,4,6,7,8,9	119	18815065	6.3247190482732853e-06
0	straight	mask_03dd	0,2,3,4,6,7,8,9	11	18815065	5.8463789521853896e-07
0	straight	mask_03de	1,2,3,4,6,7,8,9	429	18815065	2.2800877913523019e-05
0	straight	mask_03e7	0,1,2,5,6,7,8,9	9642	18815065	0.00051246168960883203
0	straight	mask_03eb	0,1,3,5,6,7,8,9	947	18815065	5.0332007888359676e-05
0	straight	mask_03ed	0,2,3,5,6,7,8,9	1066	18815065	5.665672693663296e-05
0	straight	mask_03ee	1,2,3,5,6,7,8,9	2223	18815065	0.0001181500037337102
0	straight	mask_03f3	0,1,4,5,6,7,8,9	4999	18815065	0.00026569134892704332
0	straight	mask_03f5	0,2,4,5,6,7,8,9	2362	18815065	0.0001255377007732899
0	straight	mask_03f6	1,2,4,5,6,7,8,9	16947	18815065	0.00090071440093350726
0	straight	mask_03f9	0,3,4,5,6,7,8,9	171	18815065	9.0884618256700151e-06
0	straight	mask_03fa	1,3,4,5,6,7,8,9	777	18815065	4.1296694962254979e-05
0	straight	mask_03fc	2,3,4,5,6,7,8,9	1019	18815065	5.4158728657062841e-05
0	straight	mask_053f	0,1,2,3,4,5,8,10	25271	18815065	0.0013431258409152453
0	straight	mask_055f	0,1,2,3,4,6,8,10	2560	18815065	0.00013606118288722361
0	straight	mask_056f	0,1,2,3,5,6,8,10	10020	18815065	0.00053255197364452365
0	straight	mask_0577	0,1,2,4,5,6,8,10	6739	18815065	0.00035817043417070313
0	straight	mask_057b	0,1,3,4,5,6,8,10	1712	18815065	9.0990916055830795e-05
0	straight	mask_057d	0,2,3,4,5,6,8,10	446	18815065	2.3704409206133488e-05
0	straight	mask_057e	1,2,3,4,5,6,8,10	3464	18815065	0.00018410778809427444
0	straight	mask_059f	0,1,2,3,4,7,8,10	188	18815065	9.9919931182804848e-06
0	straight	mask_05af	0,1,2,3,5,7,8,10	4393	18815065	0.00023348311579045834
0	straight	mask_05b7	0,1,2,4,5,7,8,10	223	18815065	1.1852204603066744e-05
0	straight	mask_05bb	0,1,3,4,5,7,8,10	12	18815065	6.3778679478386071e-07
0	straight	mask_05bd	0,2,3,4,5,7,8,10	13	18815065	6.9093569434918247e-07
0	straight	mask_05be	1,2,3,4,5,7,8,10	180	18815065	9.56680192175791e-06
0	straight	mask_05cf	0,1,2,3,6,7,8,10	9951	18815065	0.00052888469957451645
0	straight	mask_05d7	0,1,2,4,6,7,8,10	84	18815065	4.4645075634870251e-06
0	straight	mask_05db	0,1,3,4,6,7,8,10	30	18815065	1.5944669869596517e-06
0	straight	mask_05dd	0,2,3,4,6,7,8,10	2	18815065	1.0629779913064345e-07
0	straight	mask_05de	1,2,3,4,6,7,8,10	135	18815065	7.1751014413184325e-06
0	straight	mask_05e7	0,1,2,5,6,7,8,10	1960	18815065	0.00010417184314803058
0	straight	mask_05eb	0,1,3,5,6,7,8,10	308	18815065	1.6369861066119091e-05
0	straight	mask_05ed	0,2,3,5,6,7,8,10	280	18815065	1.4881691878290083e-05
0	straight	mask_05ee	1,2,3,5,6,7,8,10	1227	18815065	6.521369976664975e-05
0	straight	mask_05f3	0,1,4,5,6,7,8,10	798	18815065	4.2412821853126738e-05
0	straight	mask_05f5	0,2,4,5,6,7,8,10	329	18815065	1.7485987956990847e-05
0	straight	mask_05f6	1,2,4,5,6,7,8,10	3630	18815065	0.00019293050542211785
0	straight	mask_05f9	0,3,4,5,6,7,8,10	48	18815065	2.5511471791354429e-06
0	straight	mask_05fa	1,3,4,5,6,7,8,10	1215	18815065	6.4575912971865897e-05
0	straight	mask_05fc	2,3,4,5,6,7,8,10	179	18815065	9.5136530221925883e-06
0	straight	mask_063f	0,1,2,3,4,5,9,10	85208	18815065	0.0045287114341619333
0	straight	mask_065f	0,1,2,3,4,6,9,10	26917	18815065	0.0014306089295997649
0	straight	mask_066f	0,1,2,3,5,6,9,10	25725	18815065	0.0013672554413179014
0	straight	mask_0677	0,1,2,4,5,6,9,10	11896	18815065	0.00063225930922906719
0	straight	mask_067b	0,1,3,4,5,6,9,10	2978	18815065	0.0001582774229055281
0	straight	mask_067d	0,2,3,4,5,6,9,10	2235	18815065	0.00011878779052849405
0	straight	mask_067e	1,2,3,4,5,6,9,10	15738	18815065	0.00083645738135903331
0	straight	mask_069f	0,1,2,3,4,7,9,10	917	18815065	4.8737540901400023e-05
0	straight	mask_06b7	0,1,2,4,5,7,9,10	692	18815065	3.6779038499202634e-05
0	straight	mask_06bb	0,1,3,4,5,7,9,10	31	18815065	1.6476158865249734e-06
0	straight	mask_06bd	0,2,3,4,5,7,9,10	115	18815065	6.1121234500119987e-06
0	straight	mask_06be	1,2,3,4,5,7,9,10	461	18815065	2.4501642699613315e-05
0	straight	mask_06f3	0,1,4,5,6,7,9,10	2047	18815065	0.00010879579741021358
0	straight	mask_06f5	0,2,4,5,6,7,9,10	1873	18815065	9.9547888885847592e-05
0	straight	mask_06f6	1,2,4,5,6,7,9,10	7446	18815065	0.00039574670616338557
0	straight	mask_06f9	0,3,4,5,6,7,9,10	175	18815065	9.3010574239313017e-06
0	straight	mask_071f	0,1,2,3,4,8,9,10	10199	18815065	0.00054206562666671624
0	straight	mask_072f	0,1,2,3,5,8,9,10	1613	18815065	8.5729174998863943e-05
0	straight	mask_073b	0,1,3,4,5,8,9,10	510	18815065	2.710593877831408e-05
0	straight	mask_073d	0,2,3,4,5,8,9,10	503	18815065	2.6733896481356827e-05
0	straight	mask_073e	1,2,3,4,5,8,9,10	1236	18815065	6.5692039862737657e-05
0	straight	mask_074f	0,1,2,3,6,8,9,10	455	18815065	2.4182749302221385e-05
0	straight	mask_0757	0,1,2,4,6,8,9,10	322	18815065	1.7113945660033594e-05
0	straight	mask_075b	0,1,3,4,6,8,9,10	276	18815065	1.4669096280028797e-05
0	straight	mask_075d	0,2,3,4,6,8,9,10	21	18815065	1.1161268908717563e-06
0	straight	mask_075e	1,2,3,4,6,8,9,10	266	18815065	1.4137607284375578e-05
0	straight	mask_0767	0,1,2,5,6,8,9,10	2683	18815065	0.00014259849753375819
0	straight	mask_076b	0,1,3,5,6,8,9,10	531	18815065	2.8222065669185837e-05
0	straight	mask_076d	0,2,3,5,6,8,9,10	307	18815065	1.6316712166553771e-05
0	straight	mask_076e	1,2,3,5,6,8,9,10	894	18815065	4.7515116211397623e-05
0	straight	mask_0776	1,2,4,5,6,8,9,10	3312	18815065	0.00017602915536034556
0	straight	mask_0779	0,3,4,5,6,8,9,10	724	18815065	3.8479803285292926e-05
0	straight	mask_077a	1,3,4,5,6,8,9,10	1551	18815065	8.2433943225813998e-05
0	straight	mask_077c	2,3,4,5,6,8,9,10	732	18815065	3.89049944818155e-05
0	straight	mask_078f	0,1,2,3,7,8,9,10	1963	18815065	0.00010433128984672655
0	straight	mask_0797	0,1,2,4,7,8,9,10	15	18815065	7.9723349347982587e-07
0	straight	mask_079b	0,1,3,4,7,8,9,10	2	18815065	1.0629779913064345e-07
0	straight	mask_079e	1,2,3,4,7,8,9,10	11	18815065	5.8463789521853896e-07
0	straight	mask_07a7	0,1,2,5,7,8,9,10	196	18815065	1.0417184314803058e-05
0	straight	mask_07ab	0,1,3,5,7,8,9,10	12	18815065	6.3778679478386071e-07
0	straight	mask_07ad	0,2,3,5,7,8,9,10	31	18815065	1.6476158865249734e-06
0	straight	mask_07ae	1,2,3,5,7,8,9,10	64	18815065	3.4015295721805905e-06
0	straight	mask_07b3	0,1,4,5,7,8,9,10	368	18815065	1.9558795040038393e-05
0	straight	mask_07b5	0,2,4,5,7,8,9,10	217	18815065	1.1533311205674814e-05
0	straight	mask_07b6	1,2,4,5,7,8,9,10	291	18815065	1.5466329773508621e-05
0	straight	mask_07b9	0,3,4,5,7,8,9,10	3	18815065	1.5944669869596518e-07
0	straight	mask_07ba	1,3,4,5,7,8,9,10	33	18815065	1.7539136856556169e-06
0	straight	mask_07bc	2,3,4,5,7,8,9,10	27	18815065	1.4350202882636866e-06
0	straight	mask_07c7	0,1,2,6,7,8,9,10	203	18815065	1.078922661176031e-05
0	straight	mask_07cb	0,1,3,6,7,8,9,10	58	18815065	3.0826361747886602e-06
0	straight	mask_07cd	0,2,3,6,7,8,9,10	30	18815065	1.5944669869596517e-06
0	straight	mask_07ce	1,2,3,6,7,8,9,10	209	18815065	1.1108120009152241e-05
0	straight	mask_07d3	0,1,4,6,7,8,9,10	112	18815065	5.9526767513160329e-06
0	straight	mask_07d5	0,2,4,6,7,8,9,10	27	18815065	1.4350202882636866e-06
0	straight	mask_07d6	1,2,4,6,7,8,9,10	178	18815065	9.4605041226272667e-06
0	straight	mask_07d9	0,3,4,6,7,8,9,10	5	18815065	2.657444978266086e-07
0	straight	mask_07da	1,3,4,6,7,8,9,10	56	18815065	2.9763383756580164e-06
0	straight	mask_07dc	2,3,4,6,7,8,9,10	41	18815065	2.1791048821781909e-06
0	straight	mask_07e3	0,1,5,6,7,8,9,10	747	18815065	3.9702227975295326e-05
0	straight	mask_07e5	0,2,5,6,7,8,9,10	496	18815065	2.6361854184399574e-05
0	straight	mask_07e6	1,2,5,6,7,8,9,10	2529	18815065	0.00013441356700069865
0	straight	mask_07e9	0,3,5,6,7,8,9,10	109	18815065	5.793230052620068e-06
0	straight	mask_07ea	1,3,5,6,7,8,9,10	569	18815065	3.0241723852668063e-05
0	straight	mask_07ec	2,3,5,6,7,8,9,10	639	18815065	3.3962146822240581e-05
0	straight	mask_07f1	0,4,5,6,7,8,9,10	693	18815065	3.6832187398767954e-05
0	straight	mask_07f2	1,4,5,6,7,8,9,10	3192	18815065	0.00016965128741250695
0	straight	mask_07f4	2,4,5,6,7,8,9,10	1719	18815065	9.1362958352788048e-05
0	straight	mask_07f8	3,4,5,6,7,8,9,10	1268	18815065	6.739280464882795e-05
0	straight	mask_093f	0,1,2,3,4,5,8,11	881	18815065	4.6824180517048437e-05
0	straight	mask_095f	0,1,2,3,4,6,8,11	335	18815065	1.7804881354382777e-05
0	straight	mask_096f	0,1,2,3,5,6,8,11	417	18815065	2.2163091118739159e-05
0	straight	mask_0977	0,1,2,4,5,6,8,11	653	18815065	3.4706231416155088e-05
0	straight	mask_097b	0,1,3,4,5,6,8,11	82	18815065	4.3582097643563818e-06
0	straight	mask_097d	0,2,3,4,5,6,8,11	48	18815065	2.5511471791354429e-06
0	straight	mask_097e	1,2,3,4,5,6,8,11	582	18815065	3.0932659547017242e-05
0	straight	mask_099f	0,1,2,3,4,7,8,11	19	18815065	1.0098290917411128e-06
0	straight	mask_09b7	0,1,2,4,5,7,8,11	21	18815065	1.1161268908717563e-06
0	straight	mask_09bd	0,2,3,4,5,7,8,11	1	18815065	5.3148899565321726e-08
0	straight	mask_09be	1,2,3,4,5,7,8,11	10	18815065	5.3148899565321721e-07
0	straight	mask_09f3	0,1,4,5,6,7,8,11	317	18815065	1.6848201162206987e-05
0	straight	mask_09f5	0,2,4,5,6,7,8,11	36	18815065	1.9133603843515822e-06
0	straight	mask_09f6	1,2,4,5,6,7,8,11	3526	18815065	0.00018740301986732441
0	straight	mask_09f9	0,3,4,5,6,7,8,11	1	18815065	5.3148899565321726e-08
0	straight	mask_0b1f	0,1,2,3,4,8,9,11	396	18815065	2.1046964227867403e-05
0	straight	mask_0b2f	0,1,2,3,5,8,9,11	65	18815065	3.4546784717459121e-06
0	straight	mask_0b37	0,1,2,4,5,8,9,11	209	18815065	1.1108120009152241e-05
0	straight	mask_0b3b	0,1,3,4,5,8,9,11	18	18815065	9.5668019217579112e-07
0	straight	mask_0b3d	0,2,3,4,5,8,9,11	20	18815065	1.0629779913064344e-06
0	straight	mask_0b3e	1,2,3,4,5,8,9,11	86	18815065	4.5708053626176684e-06
0	straight	mask_0b4f	0,1,2,3,6,8,9,11	101	18815065	5.3680388560974939e-06
0	straight	mask_0b57	0,1,2,4,6,8,9,11	22	18815065	1.1692757904370779e-06
0	straight	mask_0b5b	0,1,3,4,6,8,9,11	8	18815065	4.2519119652257381e-07
0	straight	mask_0b5d	0,2,3,4,6,8,9,11	3	18815065	1.5944669869596518e-07
0	straight	mask_0b5e	1,2,3,4,6,8,9,11	17	18815065	9.0353129261046937e-07
0	straight	mask_0b67	0,1,2,5,6,8,9,11	330	18815065	1.7539136856556171e-05
0	straight	mask_0b6b	0,1,3,5,6,8,9,11	23	18815065	1.2224246900023996e-06
0	straight	mask_0b6d	0,2,3,5,6,8,9,11	21	18815065	1.1161268908717563e-06
0	straight	mask_0b6e	1,2,3,5,6,8,9,11	139	18815065	7.3876970395797199e-06
0	straight	mask_0b73	0,1,4,5,6,8,9,11	500	18815065	2.6574449782660864e-05
0	straight	mask_0b75	0,2,4,5,6,8,9,11	242	18815065	1.2862033694807857e-05
0	straight	mask_0b76	1,2,4,5,6,8,9,11	1425	18815065	7.5737181880583453e-05
0	straight	mask_0b79	0,3,4,5,6,8,9,11	22	18815065	1.1692757904370779e-06
0	straight	mask_0b7a	1,3,4,5,6,8,9,11	53	18815065	2.8168916769620515e-06
0	straight	mask_0b7c	2,3,4,5,6,8,9,11	107	18815065	5.6869322534894247e-06
0	straight	mask_0b8f	0,1,2,3,7,8,9,11	523	18815065	2.7796874472663264e-05
0	straight	mask_0b97	0,1,2,4,7,8,9,11	4	18815065	2.125955982612869e-07
0	straight	mask_0b9e	1,2,3,4,7,8,9,11	5	18815065	2.657444978266086e-07
0	straight	mask_0ba7	0,1,2,5,7,8,9,11	23	18815065	1.2224246900023996e-06
0	straight	mask_0bad	0,2,3,5,7,8,9,11	5	18815065	2.657444978266086e-07
0	straight	mask_0bae	1,2,3,5,7,8,9,11	3	18815065	1.5944669869596518e-07
0	straight	mask_0bb3	0,1,4,5,7,8,9,11	3	18815065	1.5944669869596518e-07
0	straight	mask_0bb5	0,2,4,5,7,8,9,11	9	18815065	4.7834009608789556e-07
0	straight	mask_0bb6	1,2,4,5,7,8,9,11	25	18815065	1.3287224891330431e-06
0	straight	mask_0bbc	2,3,4,5,7,8,9,11	4	18815065	2.125955982612869e-07
0	straight	mask_0bc7	0,1,2,6,7,8,9,11	92	18815065	4.8896987600095983e-06
0	straight	mask_0bcb	0,1,3,6,7,8,9,11	4	18815065	2.125955982612869e-07
0	straight	mask_0bcd	0,2,3,6,7,8,9,11	5	18815065	2.657444978266086e-07
0	straight	mask_0bce	1,2,3,6,7,8,9,11	45	18815065	2.3917004804394775e-06
0	straight	mask_0bd3	0,1,4,6,7,8,9,11	7	18815065	3.7204229695725206e-07
0	straight	mask_0bd5	0,2,4,6,7,8,9,11	5	18815065	2.657444978266086e-07
0	straight	mask_0bd6	1,2,4,6,7,8,9,11	19	18815065	1.0098290917411128e-06
0	straight	mask_0bda	1,3,4,6,7,8,9,11	7	18815065	3.7204229695725206e-07
0	straight	mask_0bdc	2,3,4,6,7,8,9,11	8	18815065	4.2519119652257381e-07
0	straight	mask_0be3	0,1,5,6,7,8,9,11	57	18815065	3.0294872752233385e-06
0	straight	mask_0be5	0,2,5,6,7,8,9,11	78	18815065	4.1456141660950944e-06
0	straight	mask_0be6	1,2,5,6,7,8,9,11	524	18815065	2.7850023372228584e-05
0	straight	mask_0be9	0,3,5,6,7,8,9,11	9	18815065	4.7834009608789556e-07
0	straight	mask_0bea	1,3,5,6,7,8,9,11	35	18815065	1.8602114847862604e-06
0	straight	mask_0bec	2,3,5,6,7,8,9,11	204	18815065	1.0842375511325631e-05
0	straight	mask_0bf1	0,4,5,6,7,8,9,11	53	18815065	2.8168916769620515e-06
0	straight	mask_0bf2	1,4,5,6,7,8,9,11	309	18815065	1.6423009965684414e-05
0	straight	mask_0bf4	2,4,5,6,7,8,9,11	1024	18815065	5.4424473154889448e-05
0	straight	mask_0bf8	3,4,5,6,7,8,9,11	47	18815065	2.4979982795701212e-06
0	straight	mask_0f0f	0,1,2,3,8,9,10,11	1	18815065	5.3148899565321726e-08
0	straight	mask_0f17	0,1,2,4,8,9,10,11	8	18815065	4.2519119652257381e-07
0	straight	mask_0f1b	0,1,3,4,8,9,10,11	2	18815065	1.0629779913064345e-07
0	straight	mask_0f1d	0,2,3,4,8,9,10,11	1	18815065	5.3148899565321726e-08
0	straight	mask_0f1e	1,2,3,4,8,9,10,11	4	18815065	2.125955982612869e-07
0	straight	mask_0f27	0,1,2,5,8,9,10,11	29	18815065	1.5413180873943301e-06
0	straight	mask_0f2b	0,1,3,5,8,9,10,11	1	18815065	5.3148899565321726e-08
0	straight	mask_0f2d	0,2,3,5,8,9,10,11	1	18815065	5.3148899565321726e-08
0	straight	mask_0f2e	1,2,3,5,8,9,10,11	16	18815065	8.5038239304514762e-07
0	straight	mask_0f33	0,1,4,5,8,9,10,11	785	18815065	4.1721886158777552e-05
0	straight	mask_0f35	0,2,4,5,8,9,10,11	57	18815065	3.0294872752233385e-06
0	straight	mask_0f36	1,2,4,5,8,9,10,11	181	18815065	9.6199508213232316e-06
0	straight	mask_0f39	0,3,4,5,8,9,10,11	7	18815065	3.7204229695725206e-07
0	straight	mask_0f3a	1,3,4,5,8,9,10,11	23	18815065	1.2224246900023996e-06
0	straight	mask_0f3c	2,3,4,5,8,9,10,11	22	18815065	1.1692757904370779e-06
0	straight	mask_0f53	0,1,4,6,8,9,10,11	22	18815065	1.1692757904370779e-06
0	straight	mask_0f55	0,2,4,6,8,9,10,11	15	18815065	7.9723349347982587e-07
0	straight	mask_0f56	1,2,4,6,8,9,10,11	42	18815065	2.2322537817435125e-06
0	straight	mask_0f59	0,3,4,6,8,9,10,11	2	18815065	1.0629779913064345e-07
0	straight	mask_0f5a	1,3,4,6,8,9,10,11	19	18815065	1.0098290917411128e-06
0	straight	mask_0f5c	2,3,4,6,8,9,10,11	14	18815065	7.4408459391450411e-07
0	straight	mask_0f63	0,1,5,6,8,9,10,11	452	18815065	2.4023302603525418e-05
0	straight	mask_0f65	0,2,5,6,8,9,10,11	136	18815065	7.228250340883755e-06
0	straight	mask_0f66	1,2,5,6,8,9,10,11	814	18815065	4.3263204246171885e-05
0	straight	mask_0f69	0,3,5,6,8,9,10,11	7	18815065	3.7204229695725206e-07
0	straight	mask_0f71	0,4,5,6,8,9,10,11	608	18815065	3.2314530935715609e-05
0	straight	mask_0f72	1,4,5,6,8,9,10,11	2157	18815065	0.00011464217636239896
0	straight	mask_0f74	2,4,5,6,8,9,10,11	1368	18815065	7.2707694605360121e-05
0	straight	mask_0f78	3,4,5,6,8,9,10,11	265	18815065	1.4084458384810257e-05
0	straight	mask_0f93	0,1,4,7,8,9,10,11	4	18815065	2.125955982612869e-07
0	straight	mask_0f95	0,2,4,7,8,9,10,11	1	18815065	5.3148899565321726e-08
0	straight	mask_0f96	1,2,4,7,8,9,10,11	2	18815065	1.0629779913064345e-07
0	straight	mask_0fb1	0,4,5,7,8,9,10,11	19	18815065	1.0098290917411128e-06
0	straight	mask_0fb2	1,4,5,7,8,9,10,11	118	18815065	6.2715701487079636e-06
0	straight	mask_0fb4	2,4,5,7,8,9,10,11	49	18815065	2.6042960787007645e-06
0	straight	mask_0fb8	3,4,5,7,8,9,10,11	19	18815065	1.0098290917411128e-06
0	straight	mask_0ff0	4,5,6,7,8,9,10,11	1135	18815065	6.0324001006640159e-05
0	straight	mask_107f	0,1,2,3,4,5,6,12	113633	18815065	0.0060394689043062038
0	straight	mask_10bf	0,1,2,3,4,5,7,12	9945	18815065	0.00052856580617712456
0	straight	mask_10df	0,1,2,3,4,6,7,12	2130	18815065	0.00011320715607413528
0	straight	mask_10ef	0,1,2,3,5,6,7,12	51842	18815065	0.0027553452512654088
0	straight	mask_10f7	0,1,2,4,5,6,7,12	1815	18815065	9.6465252711058926e-05
0	straight	mask_10fb	0,1,3,4,5,6,7,12	109	18815065	5.793230052620068e-06
0	straight	mask_10fd	0,2,3,4,5,6,7,12	92	18815065	4.8896987600095983e-06
0	straight	mask_10fe	1,2,3,4,5,6,7,12	954	18815065	5.0704050185316929e-05
0	straight	mask_113f	0,1,2,3,4,5,8,12	93218	18815065	0.0049544341196801605
0	straight	mask_115f	0,1,2,3,4,6,8,12	30440	18815065	0.0016178525027683932
0	straight	mask_116f	0,1,2,3,5,6,8,12	17072	18815065	0.00090735801337917248
0	straight	mask_117b	0,1,3,4,5,6,8,12	86087	18815065	0.0045754293168798511
0	straight	mask_117d	0,2,3,4,5,6,8,12	5652	18815065	0.0003003975803431984
0	straight	mask_117e	1,2,3,4,5,6,8,12	5845	18815065	0.00031065531795930549
0	straight	mask_119f	0,1,2,3,4,7,8,12	3561	18815065	0.00018926323135211065
0	straight	mask_11af	0,1,2,3,5,7,8,12	6877	18815065	0.00036550498231071753
0	straight	mask_11b7	0,1,2,4,5,7,8,12	33394	18815065	0.0017748543520843536
0	straight	mask_11bb	0,1,3,4,5,7,8,12	100	18815065	5.3148899565321723e-06
0	straight	mask_11bd	0,2,3,4,5,7,8,12	264	18815065	1.4031309485244935e-05
0	straight	mask_11be	1,2,3,4,5,7,8,12	249	18815065	1.3234075991765109e-05
0	straight	mask_11cf	0,1,2,3,6,7,8,12	4008	18815065	0.00021302078945780947
0	straight	mask_11d7	0,1,2,4,6,7,8,12	7753	18815065	0.00041206341832993932
0	straight	mask_11db	0,1,3,4,6,7,8,12	2632	18815065	0.00013988790365592678
0	straight	mask_11dd	0,2,3,4,6,7,8,12	5	18815065	2.657444978266086e-07
0	straight	mask_11de	1,2,3,4,6,7,8,12	152	18815065	8.0786327339289022e-06
0	straight	mask_11e7	0,1,2,5,6,7,8,12	2082	18815065	0.00011065600889499983
0	straight	mask_11eb	0,1,3,5,6,7,8,12	174	18815065	9.2479085243659801e-06
0	straight	mask_11ed	0,2,3,5,6,7,8,12	137	18815065	7.2813992404490766e-06
0	straight	mask_11ee	1,2,3,5,6,7,8,12	328	18815065	1.7432839057425527e-05
0	straight	mask_11f3	0,1,4,5,6,7,8,12	24831	18815065	0.0013197403251065038
0	straight	mask_11f5	0,2,4,5,6,7,8,12	2219	18815065	0.00011793740813544891
0	straight	mask_11f6	1,2,4,5,6,7,8,12	1677	18815065	8.9130704571044529e-05
0	straight	mask_11f9	0,3,4,5,6,7,8,12	162	18815065	8.6101217295821186e-06
0	straight	mask_11fa	1,3,4,5,6,7,8,12	186	18815065	9.8856953191498415e-06
0	straight	mask_11fc	2,3,4,5,6,7,8,12	48	18815065	2.5511471791354429e-06
0	straight	mask_125f	0,1,2,3,4,6,9,12	17510	18815065	0.00093063723138878335
0	straight	mask_126f	0,1,2,3,5,6,9,12	15252	18815065	0.00081062701617028697
0	straight	mask_127b	0,1,3,4,5,6,9,12	456	18815065	2.4235898201786708e-05
0	straight	mask_127d	0,2,3,4,5,6,9,12	641	18815065	3.4068444621371228e-05
0	straight	mask_127e	1,2,3,4,5,6,9,12	3149	18815065	0.0001673658847311981
0	straight	mask_129f	0,1,2,3,4,7,9,12	2953	18815065	0.00015694870041639506
0	straight	mask_12af	0,1,2,3,5,7,9,12	8180	18815065	0.00043475799844433169
0	straight	mask_12b7	0,1,2,4,5,7,9,12	813	18815065	4.3210055346606565e-05
0	straight	mask_12bb	0,1,3,4,5,7,9,12	5	18815065	2.657444978266086e-07
0	straight	mask_12bd	0,2,3,4,5,7,9,12	31	18815065	1.6476158865249734e-06
0	straight	mask_12be	1,2,3,4,5,7,9,12	120	18815065	6.3778679478386069e-06
0	straight	mask_12cf	0,1,2,3,6,7,9,12	7838	18815065	0.00041658107479299169
0	straight	mask_12d7	0,1,2,4,6,7,9,12	114	18815065	6.058974550446677e-06
0	straight	mask_12db	0,1,3,4,6,7,9,12	14	18815065	7.4408459391450411e-07
0	straight	mask_12dd	0,2,3,4,6,7,9,12	4	18815065	2.125955982612869e-07
0	straight	mask_12de	1,2,3,4,6,7,9,12	104	18815065	5.5274855547934597e-06
0	straight	mask_12e7	0,1,2,5,6,7,9,12	2105	18815065	0.00011187843358500223
0	straight	mask_12eb	0,1,3,5,6,7,9,12	199	18815065	1.0576631013499023e-05
0	straight	mask_12ed	0,2,3,5,6,7,9,12	252	18815065	1.3393522690461075e-05
0	straight	mask_12ee	1,2,3,5,6,7,9,12	545	18815065	2.896615026310034e-05
0	straight	mask_12f3	0,1,4,5,6,7,9,12	915	18815065	4.8631243102269376e-05
0	straight	mask_12f5	0,2,4,5,6,7,9,12	250	18815065	1.3287224891330432e-05
0	straight	mask_12f6	1,2,4,5,6,7,9,12	758	18815065	4.0286865870513866e-05
0	straight	mask_12f9	0,3,4,5,6,7,9,12	20	18815065	1.0629779913064344e-06
0	straight	mask_12fa	1,3,4,5,6,7,9,12	87	18815065	4.62395426218299e-06
0	straight	mask_12fc	2,3,4,5,6,7,9,12	83	18815065	4.4113586639217035e-06
0	straight	mask_134f	0,1,2,3,6,8,9,12	130	18815065	6.9093569434918242e-06
0	straight	mask_135e	1,2,3,4,6,8,9,12	191	18815065	1.015143981697645e-05
0	straight	mask_136d	0,2,3,5,6,8,9,12	195	18815065	1.0364035415237736e-05
0	straight	mask_136e	1,2,3,5,6,8,9,12	597	18815065	3.1729893040497069e-05
0	straight	mask_138f	0,1,2,3,7,8,9,12	81	18815065	4.3050608647910593e-06
0	straight	mask_1397	0,1,2,4,7,8,9,12	3685	18815065	0.00019585369489821054
0	straight	mask_139b	0,1,3,4,7,8,9,12	20	18815065	1.0629779913064344e-06
0	straight	mask_139d	0,2,3,4,7,8,9,12	2	18815065	1.0629779913064345e-07
0	straight	mask_139e	1,2,3,4,7,8,9,12	9	18815065	4.7834009608789556e-07
0	straight	mask_13a7	0,1,2,5,7,8,9,12	655	18815065	3.4812529215285728e-05
0	straight	mask_13ab	0,1,3,5,7,8,9,12	5	18815065	2.657444978266086e-07
0	straight	mask_13ad	0,2,3,5,7,8,9,12	37	18815065	1.9665092839169039e-06
0	straight	mask_13ae	1,2,3,5,7,8,9,12	28	18815065	1.4881691878290082e-06
0	straight	mask_13b3	0,1,4,5,7,8,9,12	64646	18815065	0.0034358637612997883
0	straight	mask_13b5	0,2,4,5,7,8,9,12	6408	18815065	0.00034057814841458159
0	straight	mask_13b6	1,2,4,5,7,8,9,12	1226	18815065	6.516055086708443e-05
0	straight	mask_13b9	0,3,4,5,7,8,9,12	12	18815065	6.3778679478386071e-07
0	straight	mask_13ba	1,3,4,5,7,8,9,12	11	18815065	5.8463789521853896e-07
0	straight	mask_13bc	2,3,4,5,7,8,9,12	22	18815065	1.1692757904370779e-06
0	straight	mask_13c7	0,1,2,6,7,8,9,12	44	18815065	2.3385515808741558e-06
0	straight	mask_13cb	0,1,3,6,7,8,9,12	7	18815065	3.7204229695725206e-07
0	straight	mask_13cd	0,2,3,6,7,8,9,12	3	18815065	1.5944669869596518e-07
0	straight	mask_13ce	1,2,3,6,7,8,9,12	22	18815065	1.1692757904370779e-06
0	straight	mask_13d3	0,1,4,6,7,8,9,12	7439	18815065	0.00039537466386642829
0	straight	mask_13d5	0,2,4,6,7,8,9,12	212	18815065	1.1267566707848206e-05
0	straight	mask_13d6	1,2,4,6,7,8,9,12	151	18815065	8.0254838343635805e-06
0	straight	mask_13d9	0,3,4,6,7,8,9,12	5	18815065	2.657444978266086e-07
0	straight	mask_13da	1,3,4,6,7,8,9,12	29	18815065	1.5413180873943301e-06
0	straight	mask_13dc	2,3,4,6,7,8,9,12	7	18815065	3.7204229695725206e-07
0	straight	mask_13e3	0,1,5,6,7,8,9,12	638	18815065	3.3908997922675261e-05
0	straight	mask_13e5	0,2,5,6,7,8,9,12	252	18815065	1.3393522690461075e-05
0	straight	mask_13e6	1,2,5,6,7,8,9,12	383	18815065	2.0356028533518219e-05
0	straight	mask_13e9	0,3,5,6,7,8,9,12	15	18815065	7.9723349347982587e-07
0	straight	mask_13ea	1,3,5,6,7,8,9,12	49	18815065	2.6042960787007645e-06
0	straight	mask_13ec	2,3,5,6,7,8,9,12	59	18815065	3.1357850743539818e-06
0	straight	mask_13f1	0,4,5,6,7,8,9,12	6059	18815065	0.00032202918246628431
0	straight	mask_13f2	1,4,5,6,7,8,9,12	1998	18815065	0.0001061915013315128
0	straight	mask_13f4	2,4,5,6,7,8,9,12	442	18815065	2.3491813607872202e-05
0	straight	mask_13f8	3,4,5,6,7,8,9,12	53	18815065	2.8168916769620515e-06
0	straight	mask_143f	0,1,2,3,4,5,10,12	8359	18815065	0.00044427165146652432
0	straight	mask_145f	0,1,2,3,4,6,10,12	1486	18815065	7.8979264754068079e-05
0	straight	mask_146f	0,1,2,3,5,6,10,12	1169	18815065	6.2131063591861098e-05
0	straight	mask_147b	0,1,3,4,5,6,10,12	167	18815065	8.8758662274087285e-06
0	straight	mask_147d	0,2,3,4,5,6,10,12	55	18815065	2.9231894760926948e-06
0	straight	mask_147e	1,2,3,4,5,6,10,12	478	18815065	2.5405173992223784e-05
0	straight	mask_149f	0,1,2,3,4,7,10,12	152	18815065	8.0786327339289022e-06
0	straight	mask_14af	0,1,2,3,5,7,10,12	777	18815065	4.1296694962254979e-05
0	straight	mask_14b7	0,1,2,4,5,7,10,12	44	18815065	2.3385515808741558e-06
0	straight	mask_14bb	0,1,3,4,5,7,10,12	1	18815065	5.3148899565321726e-08
0	straight	mask_14bd	0,2,3,4,5,7,10,12	3	18815065	1.5944669869596518e-07
0	straight	mask_14be	1,2,3,4,5,7,10,12	28	18815065	1.4881691878290082e-06
0	straight	mask_14cf	0,1,2,3,6,7,10,12	1795	18815065	9.54022747197525e-05
0	straight	mask_14d7	0,1,2,4,6,7,10,12	10	18815065	5.3148899565321721e-07
0	straight	mask_14db	0,1,3,4,6,7,10,12	5	18815065	2.657444978266086e-07
0	straight	mask_14de	1,2,3,4,6,7,10,12	25	18815065	1.3287224891330431e-06
0	straight	mask_14e7	0,1,2,5,6,7,10,12	241	18815065	1.2808884795242535e-05
0	straight	mask_14eb	0,1,3,5,6,7,10,12	34	18815065	1.8070625852209387e-06
0	straight	mask_14ed	0,2,3,5,6,7,10,12	50	18815065	2.6574449782660861e-06
0	straight	mask_14ee	1,2,3,5,6,7,10,12	269	18815065	1.4297053983071543e-05
0	straight	mask_14f3	0,1,4,5,6,7,10,12	73	18815065	3.8798696682684861e-06
0	straight	mask_14f5	0,2,4,5,6,7,10,12	28	18815065	1.4881691878290082e-06
0	straight	mask_14f6	1,2,4,5,6,7,10,12	244	18815065	1.29683314939385e-05
0	straight	mask_14f9	0,3,4,5,6,7,10,12	9	18815065	4.7834009608789556e-07
0	straight	mask_14fa	1,3,4,5,6,7,10,12	73	18815065	3.8798696682684861e-06
0	straight	mask_14fc	2,3,4,5,6,7,10,12	26	18815065	1.3818713886983649e-06
0	straight	mask_151f	0,1,2,3,4,8,10,12	2744	18815065	0.0001458405804072428
0	straight	mask_152f	0,1,2,3,5,8,10,12	556	18815065	2.955078815831888e-05
0	straight	mask_153e	1,2,3,4,5,8,10,12	254	18815065	1.3499820489591719e-05
0	straight	mask_154f	0,1,2,3,6,8,10,12	25	18815065	1.3287224891330431e-06
0	straight	mask_155b	0,1,3,4,6,8,10,12	21574	18815065	0.0011466343592222508
0	straight	mask_155d	0,2,3,4,6,8,10,12	2	18815065	1.0629779913064345e-07
0	straight	mask_155e	1,2,3,4,6,8,10,12	79	18815065	4.198763065660416e-06
0	straight	mask_156b	0,1,3,5,6,8,10,12	98	18815065	5.208592157401529e-06
0	straight	mask_156d	0,2,3,5,6,8,10,12	42	18815065	2.2322537817435125e-06
0	straight	mask_156e	1,2,3,5,6,8,10,12	91	18815065	4.8365498604442766e-06
0	straight	mask_1579	0,3,4,5,6,8,10,12	829	18815065	4.4060437739651711e-05
0	straight	mask_157a	1,3,4,5,6,8,10,12	657	18815065	3.4918827014416374e-05
0	straight	mask_157c	2,3,4,5,6,8,10,12	40	18815065	2.1259559826128688e-06
0	straight	mask_158f	0,1,2,3,7,8,10,12	6	18815065	3.1889339739193036e-07
0	straight	mask_1597	0,1,2,4,7,8,10,12	1000	18815065	5.3148899565321728e-05
0	straight	mask_159b	0,1,3,4,7,8,10,12	20	18815065	1.0629779913064344e-06
0	straight	mask_159e	1,2,3,4,7,8,10,12	5	18815065	2.657444978266086e-07
0	straight	mask_15a7	0,1,2,5,7,8,10,12	20	18815065	1.0629779913064344e-06
0	straight	mask_15ad	0,2,3,5,7,8,10,12	1	18815065	5.3148899565321726e-08
0	straight	mask_15ae	1,2,3,5,7,8,10,12	4	18815065	2.125955982612869e-07
0	straight	mask_15b3	0,1,4,5,7,8,10,12	2559	18815065	0.0001360080339876583
0	straight	mask_15b5	0,2,4,5,7,8,10,12	138	18815065	7.3345481400143983e-06
0	straight	mask_15b6	1,2,4,5,7,8,10,12	91	18815065	4.8365498604442766e-06
0	straight	mask_15b9	0,3,4,5,7,8,10,12	1	18815065	5.3148899565321726e-08
0	straight	mask_15ba	1,3,4,5,7,8,10,12	5	18815065	2.657444978266086e-07
0	straight	mask_15c7	0,1,2,6,7,8,10,12	6	18815065	3.1889339739193036e-07
0	straight	mask_15cb	0,1,3,6,7,8,10,12	3	18815065	1.5944669869596518e-07
0	straight	mask_15ce	1,2,3,6,7,8,10,12	4	18815065	2.125955982612869e-07
0	straight	mask_15d3	0,1,4,6,7,8,10,12	5585	18815065	0.00029683660407232182
0	straight	mask_15d5	0,2,4,6,7,8,10,12	10	18815065	5.3148899565321721e-07
0	straight	mask_15d6	1,2,4,6,7,8,10,12	33	18815065	1.7539136856556169e-06
0	straight	mask_15d9	0,3,4,6,7,8,10,12	2	18815065	1.0629779913064345e-07
0	straight	mask_15da	1,3,4,6,7,8,10,12	23	18815065	1.2224246900023996e-06
0	straight	mask_15e3	0,1,5,6,7,8,10,12	89	18815065	4.7302520613136333e-06
0	straight	mask_15e5	0,2,5,6,7,8,10,12	42	18815065	2.2322537817435125e-06
0	straight	mask_15e6	1,2,5,6,7,8,10,12	83	18815065	4.4113586639217035e-06
0	straight	mask_15e9	0,3,5,6,7,8,10,12	3	18815065	1.5944669869596518e-07
0	straight	mask_15ea	1,3,5,6,7,8,10,12	25	18815065	1.3287224891330431e-06
0	straight	mask_15ec	2,3,5,6,7,8,10,12	14	18815065	7.4408459391450411e-07
0	straight	mask_15f1	0,4,5,6,7,8,10,12	384	18815065	2.0409177433083543e-05
0	straight	mask_15f2	1,4,5,6,7,8,10,12	465	18815065	2.4714238297874601e-05
0	straight	mask_15f4	2,4,5,6,7,8,10,12	36	18815065	1.9133603843515822e-06
0	straight	mask_15f8	3,4,5,6,7,8,10,12	19	18815065	1.0098290917411128e-06
0	straight	mask_164f	0,1,2,3,6,9,10,12	60	18815065	3.1889339739193035e-06
0	straight	mask_165b	0,1,3,4,6,9,10,12	13	18815065	6.9093569434918247e-07
0	straight	mask_165d	0,2,3,4,6,9,10,12	8	18815065	4.2519119652257381e-07
0	straight	mask_165e	1,2,3,4,6,9,10,12	114	18815065	6.058974550446677e-06
0	straight	mask_166b	0,1,3,5,6,9,10,12	109	18815065	5.793230052620068e-06
0	straight	mask_166d	0,2,3,5,6,9,10,12	85	18815065	4.5176564630523467e-06
0	straight	mask_166e	1,2,3,5,6,9,10,12	275	18815065	1.4615947380463475e-05
0	straight	mask_167a	1,3,4,5,6,9,10,12	111	18815065	5.8995278517507113e-06
0	straight	mask_167c	2,3,4,5,6,9,10,12	64	18815065	3.4015295721805905e-06
0	straight	mask_168f	0,1,2,3,7,9,10,12	50	18815065	2.6574449782660861e-06
0	straight	mask_169e	1,2,3,4,7,9,10,12	2	18815065	1.0629779913064345e-07
0	straight	mask_16a7	0,1,2,5,7,9,10,12	56	18815065	2.9763383756580164e-06
0	straight	mask_16ab	0,1,3,5,7,9,10,12	2	18815065	1.0629779913064345e-07
0	straight	mask_16ad	0,2,3,5,7,9,10,12	10	18815065	5.3148899565321721e-07
0	straight	mask_16ae	1,2,3,5,7,9,10,12	22	18815065	1.1692757904370779e-06
0	straight	mask_16b3	0,1,4,5,7,9,10,12	95	18815065	5.0491454587055641e-06
0	straight	mask_16b5	0,2,4,5,7,9,10,12	39	18815065	2.0728070830475472e-06
0	straight	mask_16b6	1,2,4,5,7,9,10,12	95	18815065	5.0491454587055641e-06
0	straight	mask_16b9	0,3,4,5,7,9,10,12	3	18815065	1.5944669869596518e-07
0	straight	mask_16ba	1,3,4,5,7,9,10,12	5	18815065	2.657444978266086e-07
0	straight	mask_16bc	2,3,4,5,7,9,10,12	6	18815065	3.1889339739193036e-07
0	straight	mask_16c7	0,1,2,6,7,9,10,12	31	18815065	1.6476158865249734e-06
0	straight	mask_16cb	0,1,3,6,7,9,10,12	12	18815065	6.3778679478386071e-07
0	straight	mask_16cd	0,2,3,6,7,9,10,12	4	18815065	2.125955982612869e-07
0	straight	mask_16ce	1,2,3,6,7,9,10,12	53	18815065	2.8168916769620515e-06
0	straight	mask_16d3	0,1,4,6,7,9,10,12	22	18815065	1.1692757904370779e-06
0	straight	mask_16d5	0,2,4,6,7,9,10,12	8	18815065	4.2519119652257381e-07
0	straight	mask_16d6	1,2,4,6,7,9,10,12	70	18815065	3.7204229695725208e-06
0	straight	mask_16da	1,3,4,6,7,9,10,12	30	18815065	1.5944669869596517e-06
0	straight	mask_16e3	0,1,5,6,7,9,10,12	237	18815065	1.2596289196981249e-05
0	straight	mask_16e5	0,2,5,6,7,9,10,12	124	18815065	6.5904635460998935e-06
0	straight	mask_16e6	1,2,5,6,7,9,10,12	569	18815065	3.0241723852668063e-05
0	straight	mask_16e9	0,3,5,6,7,9,10,12	25	18815065	1.3287224891330431e-06
0	straight	mask_16ea	1,3,5,6,7,9,10,12	146	18815065	7.7597393365369723e-06
0	straight	mask_16ec	2,3,5,6,7,9,10,12	87	18815065	4.62395426218299e-06
0	straight	mask_16f1	0,4,5,6,7,9,10,12	160	18815065	8.5038239304514753e-06
0	straight	mask_16f2	1,4,5,6,7,9,10,12	405	18815065	2.1525304323955299e-05
0	straight	mask_16f4	2,4,5,6,7,9,10,12	170	18815065	9.0353129261046935e-06
0	straight	mask_16f8	3,4,5,6,7,9,10,12	88	18815065	4.6771031617483117e-06
0	straight	mask_174e	1,2,3,6,8,9,10,12	4	18815065	2.125955982612869e-07
0	straight	mask_176c	2,3,5,6,8,9,10,12	24	18815065	1.2755735895677214e-06
0	straight	mask_1787	0,1,2,7,8,9,10,12	1	18815065	5.3148899565321726e-08
0	straight	mask_178b	0,1,3,7,8,9,10,12	1	18815065	5.3148899565321726e-08
0	straight	mask_1793	0,1,4,7,8,9,10,12	1336	18815065	7.1006929819269828e-05
0	straight	mask_1795	0,2,4,7,8,9,10,12	5	18815065	2.657444978266086e-07
0	straight	mask_1796	1,2,4,7,8,9,10,12	11	18815065	5.8463789521853896e-07
0	straight	mask_1799	0,3,4,7,8,9,10,12	1	18815065	5.3148899565321726e-08
0	straight	mask_179a	1,3,4,7,8,9,10,12	2	18815065	1.0629779913064345e-07
0	straight	mask_17a3	0,1,5,7,8,9,10,12	70	18815065	3.7204229695725208e-06
0	straight	mask_17a5	0,2,5,7,8,9,10,12	30	18815065	1.5944669869596517e-06
0	straight	mask_17a6	1,2,5,7,8,9,10,12	22	18815065	1.1692757904370779e-06
0	straight	mask_17a9	0,3,5,7,8,9,10,12	1	18815065	5.3148899565321726e-08
0	straight	mask_17aa	1,3,5,7,8,9,10,12	4	18815065	2.125955982612869e-07
0	straight	mask_17ac	2,3,5,7,8,9,10,12	1	18815065	5.3148899565321726e-08
0	straight	mask_17b1	0,4,5,7,8,9,10,12	1306	18815065	6.9412462832310176e-05
0	straight	mask_17b2	1,4,5,7,8,9,10,12	460	18815065	2.4448493800047995e-05
0	straight	mask_17b4	2,4,5,7,8,9,10,12	46	18815065	2.4448493800047991e-06
0	straight	mask_17b8	3,4,5,7,8,9,10,12	4	18815065	2.125955982612869e-07
0	straight	mask_17c3	0,1,6,7,8,9,10,12	7	18815065	3.7204229695725206e-07
0	straight	mask_17c5	0,2,6,7,8,9,10,12	7	18815065	3.7204229695725206e-07
0	straight	mask_17c6	1,2,6,7,8,9,10,12	26	18815065	1.3818713886983649e-06
0	straight	mask_17ca	1,3,6,7,8,9,10,12	7	18815065	3.7204229695725206e-07
0	straight	mask_17cc	2,3,6,7,8,9,10,12	19	18815065	1.0098290917411128e-06
0	straight	mask_17d1	0,4,6,7,8,9,10,12	82	18815065	4.3582097643563818e-06
0	straight	mask_17d2	1,4,6,7,8,9,10,12	75	18815065	3.9861674673991294e-06
0	straight	mask_17d4	2,4,6,7,8,9,10,12	15	18815065	7.9723349347982587e-07
0	straight	mask_17d8	3,4,6,7,8,9,10,12	1	18815065	5.3148899565321726e-08
0	straight	mask_17e1	0,5,6,7,8,9,10,12	187	18815065	9.9388442187151632e-06
0	straight	mask_17e2	1,5,6,7,8,9,10,12	384	18815065	2.0409177433083543e-05
0	straight	mask_17e4	2,5,6,7,8,9,10,12	216	18815065	1.1480162306109493e-05
0	straight	mask_17e8	3,5,6,7,8,9,10,12	27	18815065	1.4350202882636866e-06
0	straight	mask_183f	0,1,2,3,4,5,11,12	494	18815065	2.6255556385268931e-05
0	straight	mask_185f	0,1,2,3,4,6,11,12	178	18815065	9.4605041226272667e-06
0	straight	mask_186f	0,1,2,3,5,6,11,12	67	18815065	3.5609762708765554e-06
0	straight	mask_1877	0,1,2,4,5,6,11,12	26	18815065	1.3818713886983649e-06
0	straight	mask_187b	0,1,3,4,5,6,11,12	12	18815065	6.3778679478386071e-07
0	straight	mask_187d	0,2,3,4,5,6,11,12	3	18815065	1.5944669869596518e-07
0	straight	mask_187e	1,2,3,4,5,6,11,12	41	18815065	2.1791048821781909e-06
0	straight	mask_189f	0,1,2,3,4,7,11,12	6	18815065	3.1889339739193036e-07
0	straight	mask_18af	0,1,2,3,5,7,11,12	27	18815065	1.4350202882636866e-06
0	straight	mask_18b7	0,1,2,4,5,7,11,12	3	18815065	1.5944669869596518e-07
0	straight	mask_18bd	0,2,3,4,5,7,11,12	1	18815065	5.3148899565321726e-08
0	straight	mask_18be	1,2,3,4,5,7,11,12	2	18815065	1.0629779913064345e-07
0	straight	mask_18cf	0,1,2,3,6,7,11,12	131	18815065	6.9625058430571459e-06
0	straight	mask_18d7	0,1,2,4,6,7,11,12	4	18815065	2.125955982612869e-07
0	straight	mask_18de	1,2,3,4,6,7,11,12	6	18815065	3.1889339739193036e-07
0	straight	mask_18e7	0,1,2,5,6,7,11,12	29	18815065	1.5413180873943301e-06
0	straight	mask_18eb	0,1,3,5,6,7,11,12	3	18815065	1.5944669869596518e-07
0	straight	mask_18ed	0,2,3,5,6,7,11,12	14	18815065	7.4408459391450411e-07
0	straight	mask_18ee	1,2,3,5,6,7,11,12	186	18815065	9.8856953191498415e-06
0	straight	mask_18f3	0,1,4,5,6,7,11,12	7	18815065	3.7204229695725206e-07
0	straight	mask_18f5	0,2,4,5,6,7,11,12	6	18815065	3.1889339739193036e-07
0	straight	mask_18f6	1,2,4,5,6,7,11,12	56	18815065	2.9763383756580164e-06
0	straight	mask_18f9	0,3,4,5,6,7,11,12	1	18815065	5.3148899565321726e-08
0	straight	mask_18fa	1,3,4,5,6,7,11,12	8	18815065	4.2519119652257381e-07
0	straight	mask_18fc	2,3,4,5,6,7,11,12	9	18815065	4.7834009608789556e-07
0	straight	mask_191f	0,1,2,3,4,8,11,12	177	18815065	9.407355223061945e-06
0	straight	mask_192f	0,1,2,3,5,8,11,12	4	18815065	2.125955982612869e-07
0	straight	mask_1937	0,1,2,4,5,8,11,12	610	18815065	3.2420828734846255e-05
0	straight	mask_193b	0,1,3,4,5,8,11,12	5	18815065	2.657444978266086e-07
0	straight	mask_193d	0,2,3,4,5,8,11,12	23	18815065	1.2224246900023996e-06
0	straight	mask_193e	1,2,3,4,5,8,11,12	21	18815065	1.1161268908717563e-06
0	straight	mask_1957	0,1,2,4,6,8,11,12	397	18815065	2.1100113127432726e-05
0	straight	mask_195b	0,1,3,4,6,8,11,12	279	18815065	1.4828542978724761e-05
0	straight	mask_195e	1,2,3,4,6,8,11,12	2	18815065	1.0629779913064345e-07
0	straight	mask_1967	0,1,2,5,6,8,11,12	17	18815065	9.0353129261046937e-07
0	straight	mask_196d	0,2,3,5,6,8,11,12	1	18815065	5.3148899565321726e-08
0	straight	mask_196e	1,2,3,5,6,8,11,12	13	18815065	6.9093569434918247e-07
0	straight	mask_1973	0,1,4,5,6,8,11,12	2325	18815065	0.00012357119148937302
0	straight	mask_1975	0,2,4,5,6,8,11,12	25	18815065	1.3287224891330431e-06
0	straight	mask_1976	1,2,4,5,6,8,11,12	57	18815065	3.0294872752233385e-06
0	straight	mask_1979	0,3,4,5,6,8,11,12	24	18815065	1.2755735895677214e-06
0	straight	mask_197a	1,3,4,5,6,8,11,12	12	18815065	6.3778679478386071e-07
0	straight	mask_197c	2,3,4,5,6,8,11,12	2	18815065	1.0629779913064345e-07
0	straight	mask_198f	0,1,2,3,7,8,11,12	1	18815065	5.3148899565321726e-08
0	straight	mask_1997	0,1,2,4,7,8,11,12	555	18815065	2.9497639258753556e-05
0	straight	mask_199e	1,2,3,4,7,8,11,12	5	18815065	2.657444978266086e-07
0	straight	mask_19a7	0,1,2,5,7,8,11,12	1	18815065	5.3148899565321726e-08
0	straight	mask_19ae	1,2,3,5,7,8,11,12	1	18815065	5.3148899565321726e-08
0	straight	mask_19b3	0,1,4,5,7,8,11,12	5	18815065	2.657444978266086e-07
0	straight	mask_19b5	0,2,4,5,7,8,11,12	15	18815065	7.9723349347982587e-07
0	straight	mask_19b6	1,2,4,5,7,8,11,12	10	18815065	5.3148899565321721e-07
0	straight	mask_19c7	0,1,2,6,7,8,11,12	1	18815065	5.3148899565321726e-08
0	straight	mask_19cd	0,2,3,6,7,8,11,12	1	18815065	5.3148899565321726e-08
0	straight	mask_19ce	1,2,3,6,7,8,11,12	1	18815065	5.3148899565321726e-08
0	straight	mask_19d3	0,1,4,6,7,8,11,12	290	18815065	1.5413180873943301e-05
0	straight	mask_19d6	1,2,4,6,7,8,11,12	12	18815065	6.3778679478386071e-07
0	straight	mask_19da	1,3,4,6,7,8,11,12	2	18815065	1.0629779913064345e-07
0	straight	mask_19e3	0,1,5,6,7,8,11,12	8	18815065	4.2519119652257381e-07
0	straight	mask_19e5	0,2,5,6,7,8,11,12	6	18815065	3.1889339739193036e-07
0	straight	mask_19e6	1,2,5,6,7,8,11,12	63	18815065	3.3483806726152688e-06
0	straight	mask_19ec	2,3,5,6,7,8,11,12	10	18815065	5.3148899565321721e-07
0	straight	mask_19f1	0,4,5,6,7,8,11,12	21	18815065	1.1161268908717563e-06
0	straight	mask_19f2	1,4,5,6,7,8,11,12	23	18815065	1.2224246900023996e-06
0	straight	mask_19f4	2,4,5,6,7,8,11,12	4	18815065	2.125955982612869e-07
0	straight	mask_19f8	3,4,5,6,7,8,11,12	1	18815065	5.3148899565321726e-08
0	straight	mask_1a1f	0,1,2,3,4,9,11,12	854	18815065	4.5389160228784751e-05
0	straight	mask_1a2f	0,1,2,3,5,9,11,12	51	18815065	2.7105938778314078e-06
0	straight	mask_1a37	0,1,2,4,5,9,11,12	78	18815065	4.1456141660950944e-06
0	straight	mask_1a3b	0,1,3,4,5,9,11,12	4	18815065	2.125955982612869e-07
0	straight	mask_1a3d	0,2,3,4,5,9,11,12	4	18815065	2.125955982612869e-07
0	straight	mask_1a3e	1,2,3,4,5,9,11,12	39	18815065	2.0728070830475472e-06
0	straight	mask_1a4f	0,1,2,3,6,9,11,12	6	18815065	3.1889339739193036e-07
0	straight	mask_1a57	0,1,2,4,6,9,11,12	14	18815065	7.4408459391450411e-07
0	straight	mask_1a5e	1,2,3,4,6,9,11,12	7	18815065	3.7204229695725206e-07
0	straight	mask_1a67	0,1,2,5,6,9,11,12	69	18815065	3.6672740700071991e-06
0	straight	mask_1a6b	0,1,3,5,6,9,11,12	6	18815065	3.1889339739193036e-07
0	straight	mask_1a6d	0,2,3,5,6,9,11,12	13	18815065	6.9093569434918247e-07
0	straight	mask_1a6e	1,2,3,5,6,9,11,12	19	18815065	1.0098290917411128e-06
0	straight	mask_1a73	0,1,4,5,6,9,11,12	128	18815065	6.8030591443611809e-06
0	straight	mask_1a75	0,2,4,5,6,9,11,12	37	18815065	1.9665092839169039e-06
0	straight	mask_1a76	1,2,4,5,6,9,11,12	87	18815065	4.62395426218299e-06
0	straight	mask_1a79	0,3,4,5,6,9,11,12	2	18815065	1.0629779913064345e-07
0	straight	mask_1a7a	1,3,4,5,6,9,11,12	1	18815065	5.3148899565321726e-08
0	straight	mask_1a7c	2,3,4,5,6,9,11,12	11	18815065	5.8463789521853896e-07
0	straight	mask_1a8f	0,1,2,3,7,9,11,12	7	18815065	3.7204229695725206e-07
0	straight	mask_1a9e	1,2,3,4,7,9,11,12	1	18815065	5.3148899565321726e-08
0	straight	mask_1aa7	0,1,2,5,7,9,11,12	3	18815065	1.5944669869596518e-07
0	straight	mask_1aae	1,2,3,5,7,9,11,12	1	18815065	5.3148899565321726e-08
0	straight	mask_1ab3	0,1,4,5,7,9,11,12	6	18815065	3.1889339739193036e-07
0	straight	mask_1ab5	0,2,4,5,7,9,11,12	2	18815065	1.0629779913064345e-07
0	straight	mask_1ab6	1,2,4,5,7,9,11,12	2	18815065	1.0629779913064345e-07
0	straight	mask_1abc	2,3,4,5,7,9,11,12	2	18815065	1.0629779913064345e-07
0	straight	mask_1ac7	0,1,2,6,7,9,11,12	12	18815065	6.3778679478386071e-07
0	straight	mask_1acd	0,2,3,6,7,9,11,12	1	18815065	5.3148899565321726e-08
0	straight	mask_1ace	1,2,3,6,7,9,11,12	5	18815065	2.657444978266086e-07
0	straight	mask_1ad3	0,1,4,6,7,9,11,12	3	18815065	1.5944669869596518e-07
0	straight	mask_1ad5	0,2,4,6,7,9,11,12	1	18815065	5.3148899565321726e-08
0	straight	mask_1ad6	1,2,4,6,7,9,11,12	1	18815065	5.3148899565321726e-08
0	straight	mask_1adc	2,3,4,6,7,9,11,12	2	18815065	1.0629779913064345e-07
0	straight	mask_1ae3	0,1,5,6,7,9,11,12	19	18815065	1.0098290917411128e-06
0	straight	mask_1ae5	0,2,5,6,7,9,11,12	21	18815065	1.1161268908717563e-06
0	straight	mask_1ae6	1,2,5,6,7,9,11,12	59	18815065	3.1357850743539818e-06
0	straight	mask_1ae9	0,3,5,6,7,9,11,12	1	18815065	5.3148899565321726e-08
0	straight	mask_1aea	1,3,5,6,7,9,11,12	5	18815065	2.657444978266086e-07
0	straight	mask_1af1	0,4,5,6,7,9,11,12	8	18815065	4.2519119652257381e-07
0	straight	mask_1af2	1,4,5,6,7,9,11,12	24	18815065	1.2755735895677214e-06
0	straight	mask_1af4	2,4,5,6,7,9,11,12	26	18815065	1.3818713886983649e-06
0	straight	mask_1af8	3,4,5,6,7,9,11,12	2	18815065	1.0629779913064345e-07
0	straight	mask_1b17	0,1,2,4,8,9,11,12	155	18815065	8.2380794326248671e-06
0	straight	mask_1b1b	0,1,3,4,8,9,11,12	2	18815065	1.0629779913064345e-07
0	straight	mask_1b1e	1,2,3,4,8,9,11,12	3	18815065	1.5944669869596518e-07
0	straight	mask_1b27	0,1,2,5,8,9,11,12	19	18815065	1.0098290917411128e-06
0	straight	mask_1b2b	0,1,3,5,8,9,11,12	1	18815065	5.3148899565321726e-08
0	straight	mask_1b2d	0,2,3,5,8,9,11,12	2	18815065	1.0629779913064345e-07
0	straight	mask_1b2e	1,2,3,5,8,9,11,12	1	18815065	5.3148899565321726e-08
0	straight	mask_1b33	0,1,4,5,8,9,11,12	22554	18815065	0.0011987202807962661
0	straight	mask_1b35	0,2,4,5,8,9,11,12	232	18815065	1.2330544699154641e-05
0	straight	mask_1b36	1,2,4,5,8,9,11,12	140	18815065	7.4408459391450415e-06
0	straight	mask_1b39	0,3,4,5,8,9,11,12	1	18815065	5.3148899565321726e-08
0	straight	mask_1b3a	1,3,4,5,8,9,11,12	7	18815065	3.7204229695725206e-07
0	straight	mask_1b3c	2,3,4,5,8,9,11,12	1	18815065	5.3148899565321726e-08
0	straight	mask_1b47	0,1,2,6,8,9,11,12	2	18815065	1.0629779913064345e-07
0	straight	mask_1b4e	1,2,3,6,8,9,11,12	1	18815065	5.3148899565321726e-08
0	straight	mask_1b53	0,1,4,6,8,9,11,12	1382	18815065	7.3451779199274628e-05
0	straight	mask_1b55	0,2,4,6,8,9,11,12	25	18815065	1.3287224891330431e-06
0	straight	mask_1b56	1,2,4,6,8,9,11,12	6	18815065	3.1889339739193036e-07
0	straight	mask_1b63	0,1,5,6,8,9,11,12	98	18815065	5.208592157401529e-06
0	straight	mask_1b65	0,2,5,6,8,9,11,12	21	18815065	1.1161268908717563e-06
0	straight	mask_1b66	1,2,5,6,8,9,11,12	201	18815065	1.0682928812629666e-05
0	straight	mask_1b6a	1,3,5,6,8,9,11,12	5	18815065	2.657444978266086e-07
0	straight	mask_1b6c	2,3,5,6,8,9,11,12	18	18815065	9.5668019217579112e-07
0	straight	mask_1b72	1,4,5,6,8,9,11,12	468	18815065	2.4873684996570568e-05
0	straight	mask_1b74	2,4,5,6,8,9,11,12	102	18815065	5.4211877556628156e-06
0	straight	mask_1b78	3,4,5,6,8,9,11,12	3	18815065	1.5944669869596518e-07
0	straight	mask_1b8e	1,2,3,7,8,9,11,12	1	18815065	5.3148899565321726e-08
0	straight	mask_1b93	0,1,4,7,8,9,11,12	1	18815065	5.3148899565321726e-08
0	straight	mask_1ba3	0,1,5,7,8,9,11,12	2	18815065	1.0629779913064345e-07
0	straight	mask_1ba5	0,2,5,7,8,9,11,12	2	18815065	1.0629779913064345e-07
0	straight	mask_1ba6	1,2,5,7,8,9,11,12	1	18815065	5.3148899565321726e-08
0	straight	mask_1bb1	0,4,5,7,8,9,11,12	1	18815065	5.3148899565321726e-08
0	straight	mask_1bb2	1,4,5,7,8,9,11,12	5	18815065	2.657444978266086e-07
0	straight	mask_1bb4	2,4,5,7,8,9,11,12	1	18815065	5.3148899565321726e-08
0	straight	mask_1bc3	0,1,6,7,8,9,11,12	2	18815065	1.0629779913064345e-07
0	straight	mask_1bc5	0,2,6,7,8,9,11,12	1	18815065	5.3148899565321726e-08
0	straight	mask_1bc6	1,2,6,7,8,9,11,12	5	18815065	2.657444978266086e-07
0	straight	mask_1bcc	2,3,6,7,8,9,11,12	12	18815065	6.3778679478386071e-07
0	straight	mask_1bd1	0,4,6,7,8,9,11,12	5	18815065	2.657444978266086e-07
0	straight	mask_1bd2	1,4,6,7,8,9,11,12	5	18815065	2.657444978266086e-07
0	straight	mask_1bd4	2,4,6,7,8,9,11,12	2	18815065	1.0629779913064345e-07
0	straight	mask_1be1	0,5,6,7,8,9,11,12	12	18815065	6.3778679478386071e-07
0	straight	mask_1be2	1,5,6,7,8,9,11,12	30	18815065	1.5944669869596517e-06
0	straight	mask_1be4	2,5,6,7,8,9,11,12	126	18815065	6.6967613452305376e-06
0	straight	mask_1c1f	0,1,2,3,4,10,11,12	321	18815065	1.7060796760468274e-05
0	straight	mask_1c2f	0,1,2,3,5,10,11,12	11	18815065	5.8463789521853896e-07
0	straight	mask_1c37	0,1,2,4,5,10,11,12	7	18815065	3.7204229695725206e-07
0	straight	mask_1c3b	0,1,3,4,5,10,11,12	2	18815065	1.0629779913064345e-07
0	straight	mask_1c3d	0,2,3,4,5,10,11,12	2	18815065	1.0629779913064345e-07
0	straight	mask_1c3e	1,2,3,4,5,10,11,12	11	18815065	5.8463789521853896e-07
0	straight	mask_1c4f	0,1,2,3,6,10,11,12	4	18815065	2.125955982612869e-07
0	straight	mask_1c57	0,1,2,4,6,10,11,12	2	18815065	1.0629779913064345e-07
0	straight	mask_1c5b	0,1,3,4,6,10,11,12	1	18815065	5.3148899565321726e-08
0	straight	mask_1c5e	1,2,3,4,6,10,11,12	3	18815065	1.5944669869596518e-07
0	straight	mask_1c67	0,1,2,5,6,10,11,12	29	18815065	1.5413180873943301e-06
0	straight	mask_1c6b	0,1,3,5,6,10,11,12	4	18815065	2.125955982612869e-07
0	straight	mask_1c6d	0,2,3,5,6,10,11,12	2	18815065	1.0629779913064345e-07
0	straight	mask_1c6e	1,2,3,5,6,10,11,12	85	18815065	4.5176564630523467e-06
0	straight	mask_1c73	0,1,4,5,6,10,11,12	26	18815065	1.3818713886983649e-06
0	straight	mask_1c75	0,2,4,5,6,10,11,12	6	18815065	3.1889339739193036e-07
0	straight	mask_1c76	1,2,4,5,6,10,11,12	42	18815065	2.2322537817435125e-06
0	straight	mask_1c79	0,3,4,5,6,10,11,12	1	18815065	5.3148899565321726e-08
0	straight	mask_1c7a	1,3,4,5,6,10,11,12	9	18815065	4.7834009608789556e-07
0	straight	mask_1c7c	2,3,4,5,6,10,11,12	11	18815065	5.8463789521853896e-07
0	straight	mask_1c8f	0,1,2,3,7,10,11,12	13	18815065	6.9093569434918247e-07
0	straight	mask_1c97	0,1,2,4,7,10,11,12	1	18815065	5.3148899565321726e-08
0	straight	mask_1c9e	1,2,3,4,7,10,11,12	1	18815065	5.3148899565321726e-08
0	straight	mask_1ca7	0,1,2,5,7,10,11,12	3	18815065	1.5944669869596518e-07
0	straight	mask_1cad	0,2,3,5,7,10,11,12	4	18815065	2.125955982612869e-07
0	straight	mask_1cae	1,2,3,5,7,10,11,12	7	18815065	3.7204229695725206e-07
0	straight	mask_1cb3	0,1,4,5,7,10,11,12	1	18815065	5.3148899565321726e-08
0	straight	mask_1cb5	0,2,4,5,7,10,11,12	3	18815065	1.5944669869596518e-07
0	straight	mask_1cb6	1,2,4,5,7,10,11,12	6	18815065	3.1889339739193036e-07
0	straight	mask_1cba	1,3,4,5,7,10,11,12	2	18815065	1.0629779913064345e-07
0	straight	mask_1cc7	0,1,2,6,7,10,11,12	14	18815065	7.4408459391450411e-07
0	straight	mask_1ccb	0,1,3,6,7,10,11,12	3	18815065	1.5944669869596518e-07
0	straight	mask_1ccd	0,2,3,6,7,10,11,12	5	18815065	2.657444978266086e-07
0	straight	mask_1cd3	0,1,4,6,7,10,11,12	2	18815065	1.0629779913064345e-07
0	straight	mask_1cd6	1,2,4,6,7,10,11,12	8	18815065	4.2519119652257381e-07
0	straight	mask_1cd9	0,3,4,6,7,10,11,12	1	18815065	5.3148899565321726e-08
0	straight	mask_1cda	1,3,4,6,7,10,11,12	5	18815065	2.657444978266086e-07
0	straight	mask_1cdc	2,3,4,6,7,10,11,12	4	18815065	2.125955982612869e-07
0	straight	mask_1ce3	0,1,5,6,7,10,11,12	46	18815065	2.4448493800047991e-06
0	straight	mask_1ce5	0,2,5,6,7,10,11,12	29	18815065	1.5413180873943301e-06
0	straight	mask_1ce6	1,2,5,6,7,10,11,12	195	18815065	1.0364035415237736e-05
0	straight	mask_1ce9	0,3,5,6,7,10,11,12	4	18815065	2.125955982612869e-07
0	straight	mask_1cf1	0,4,5,6,7,10,11,12	13	18815065	6.9093569434918247e-07
0	straight	mask_1cf2	1,4,5,6,7,10,11,12	42	18815065	2.2322537817435125e-06
0	straight	mask_1cf4	2,4,5,6,7,10,11,12	15	18815065	7.9723349347982587e-07
0	straight	mask_1cf8	3,4,5,6,7,10,11,12	5	18815065	2.657444978266086e-07
0	straight	mask_1d17	0,1,2,4,8,10,11,12	76	18815065	4.0393163669644511e-06
0	straight	mask_1d1b	0,1,3,4,8,10,11,12	1	18815065	5.3148899565321726e-08
0	straight	mask_1d1e	1,2,3,4,8,10,11,12	4	18815065	2.125955982612869e-07
0	straight	mask_1d27	0,1,2,5,8,10,11,12	7	18815065	3.7204229695725206e-07
0	straight	mask_1d2b	0,1,3,5,8,10,11,12	1	18815065	5.3148899565321726e-08
0	straight	mask_1d2e	1,2,3,5,8,10,11,12	4	18815065	2.125955982612869e-07
0	straight	mask_1d33	0,1,4,5,8,10,11,12	4911	18815065	0.000261014245765295
0	straight	mask_1d35	0,2,4,5,8,10,11,12	18	18815065	9.5668019217579112e-07
0	straight	mask_1d36	1,2,4,5,8,10,11,12	34	18815065	1.8070625852209387e-06
0	straight	mask_1d3a	1,3,4,5,8,10,11,12	6	18815065	3.1889339739193036e-07
0	straight	mask_1d3c	2,3,4,5,8,10,11,12	1	18815065	5.3148899565321726e-08
0	straight	mask_1d4e	1,2,3,6,8,10,11,12	1	18815065	5.3148899565321726e-08
0	straight	mask_1d53	0,1,4,6,8,10,11,12	500	18815065	2.6574449782660864e-05
0	straight	mask_1d55	0,2,4,6,8,10,11,12	5	18815065	2.657444978266086e-07
0	straight	mask_1d56	1,2,4,6,8,10,11,12	1	18815065	5.3148899565321726e-08
0	straight	mask_1d5a	1,3,4,6,8,10,11,12	5	18815065	2.657444978266086e-07
0	straight	mask_1d63	0,1,5,6,8,10,11,12	37	18815065	1.9665092839169039e-06
0	straight	mask_1d65	0,2,5,6,8,10,11,12	1	18815065	5.3148899565321726e-08
0	straight	mask_1d66	1,2,5,6,8,10,11,12	96	18815065	5.1022943582708857e-06
0	straight	mask_1d69	0,3,5,6,8,10,11,12	1	18815065	5.3148899565321726e-08
0	straight	mask_1d6a	1,3,5,6,8,10,11,12	2	18815065	1.0629779913064345e-07
0	straight	mask_1d6c	2,3,5,6,8,10,11,12	9	18815065	4.7834009608789556e-07
0	straight	mask_1d72	1,4,5,6,8,10,11,12	111	18815065	5.8995278517507113e-06
0	straight	mask_1d74	2,4,5,6,8,10,11,12	17	18815065	9.0353129261046937e-07
0	straight	mask_1d78	3,4,5,6,8,10,11,12	1	18815065	5.3148899565321726e-08
0	straight	mask_1d93	0,1,4,7,8,10,11,12	7	18815065	3.7204229695725206e-07
0	straight	mask_1d96	1,2,4,7,8,10,11,12	1	18815065	5.3148899565321726e-08
0	straight	mask_1da3	0,1,5,7,8,10,11,12	1	18815065	5.3148899565321726e-08
0	straight	mask_1da6	1,2,5,7,8,10,11,12	1	18815065	5.3148899565321726e-08
0	straight	mask_1dac	2,3,5,7,8,10,11,12	1	18815065	5.3148899565321726e-08
0	straight	mask_1db2	1,4,5,7,8,10,11,12	7	18815065	3.7204229695725206e-07
0	straight	mask_1db4	2,4,5,7,8,10,11,12	4	18815065	2.125955982612869e-07
0	straight	mask_1dc3	0,1,6,7,8,10,11,12	2	18815065	1.0629779913064345e-07
0	straight	mask_1dc6	1,2,6,7,8,10,11,12	3	18815065	1.5944669869596518e-07
0	straight	mask_1dca	1,3,6,7,8,10,11,12	1	18815065	5.3148899565321726e-08
0	straight	mask_1dcc	2,3,6,7,8,10,11,12	5	18815065	2.657444978266086e-07
0	straight	mask_1dd2	1,4,6,7,8,10,11,12	9	18815065	4.7834009608789556e-07
0	straight	mask_1de1	0,5,6,7,8,10,11,12	6	18815065	3.1889339739193036e-07
0	straight	mask_1de2	1,5,6,7,8,10,11,12	71	18815065	3.7735718691378424e-06
0	straight	mask_1de4	2,5,6,7,8,10,11,12	45	18815065	2.3917004804394775e-06
0	straight	mask_1e17	0,1,2,4,9,10,11,12	14	18815065	7.4408459391450411e-07
0	straight	mask_1e1b	0,1,3,4,9,10,11,12	1	18815065	5.3148899565321726e-08
0	straight	mask_1e1d	0,2,3,4,9,10,11,12	2	18815065	1.0629779913064345e-07
0	straight	mask_1e1e	1,2,3,4,9,10,11,12	8	18815065	4.2519119652257381e-07
0	straight	mask_1e27	0,1,2,5,9,10,11,12	15	18815065	7.9723349347982587e-07
0	straight	mask_1e2b	0,1,3,5,9,10,11,12	1	18815065	5.3148899565321726e-08
0	straight	mask_1e2e	1,2,3,5,9,10,11,12	8	18815065	4.2519119652257381e-07
0	straight	mask_1e33	0,1,4,5,9,10,11,12	335	18815065	1.7804881354382777e-05
0	straight	mask_1e35	0,2,4,5,9,10,11,12	38	18815065	2.0196581834822255e-06
0	straight	mask_1e36	1,2,4,5,9,10,11,12	108	18815065	5.7400811530547463e-06
0	straight	mask_1e39	0,3,4,5,9,10,11,12	2	18815065	1.0629779913064345e-07
0	straight	mask_1e3a	1,3,4,5,9,10,11,12	10	18815065	5.3148899565321721e-07
0	straight	mask_1e3c	2,3,4,5,9,10,11,12	3	18815065	1.5944669869596518e-07
0	straight	mask_1e47	0,1,2,6,9,10,11,12	4	18815065	2.125955982612869e-07
0	straight	mask_1e4d	0,2,3,6,9,10,11,12	1	18815065	5.3148899565321726e-08
0	straight	mask_1e53	0,1,4,6,9,10,11,12	24	18815065	1.2755735895677214e-06
0	straight	mask_1e55	0,2,4,6,9,10,11,12	4	18815065	2.125955982612869e-07
0	straight	mask_1e56	1,2,4,6,9,10,11,12	14	18815065	7.4408459391450411e-07
0	straight	mask_1e59	0,3,4,6,9,10,11,12	2	18815065	1.0629779913064345e-07
0	straight	mask_1e5a	1,3,4,6,9,10,11,12	4	18815065	2.125955982612869e-07
0	straight	mask_1e5c	2,3,4,6,9,10,11,12	1	18815065	5.3148899565321726e-08
0	straight	mask_1e63	0,1,5,6,9,10,11,12	124	18815065	6.5904635460998935e-06
0	straight	mask_1e65	0,2,5,6,9,10,11,12	43	18815065	2.2854026813088342e-06
0	straight	mask_1e66	1,2,5,6,9,10,11,12	518	18815065	2.7531129974836654e-05
0	straight	mask_1e69	0,3,5,6,9,10,11,12	3	18815065	1.5944669869596518e-07
0	straight	mask_1e6a	1,3,5,6,9,10,11,12	18	18815065	9.5668019217579112e-07
0	straight	mask_1e72	1,4,5,6,9,10,11,12	447	18815065	2.3757558105698812e-05
0	straight	mask_1e74	2,4,5,6,9,10,11,12	181	18815065	9.6199508213232316e-06
0	straight	mask_1e78	3,4,5,6,9,10,11,12	21	18815065	1.1161268908717563e-06
0	straight	mask_1e87	0,1,2,7,9,10,11,12	1	18815065	5.3148899565321726e-08
0	straight	mask_1e8d	0,2,3,7,9,10,11,12	1	18815065	5.3148899565321726e-08
0	straight	mask_1ea3	0,1,5,7,9,10,11,12	8	18815065	4.2519119652257381e-07
0	straight	mask_1ea5	0,2,5,7,9,10,11,12	4	18815065	2.125955982612869e-07
0	straight	mask_1ea6	1,2,5,7,9,10,11,12	5	18815065	2.657444978266086e-07
0	straight	mask_1eb2	1,4,5,7,9,10,11,12	24	18815065	1.2755735895677214e-06
0	straight	mask_1eb4	2,4,5,7,9,10,11,12	15	18815065	7.9723349347982587e-07
0	straight	mask_1ec3	0,1,6,7,9,10,11,12	31	18815065	1.6476158865249734e-06
0	straight	mask_1ec5	0,2,6,7,9,10,11,12	6	18815065	3.1889339739193036e-07
0	straight	mask_1ec9	0,3,6,7,9,10,11,12	1	18815065	5.3148899565321726e-08
0	straight	mask_1ed2	1,4,6,7,9,10,11,12	24	18815065	1.2755735895677214e-06
0	straight	mask_1ed4	2,4,6,7,9,10,11,12	23	18815065	1.2224246900023996e-06
0	straight	mask_1ee1	0,5,6,7,9,10,11,12	84	18815065	4.4645075634870251e-06
0	straight	mask_1f07	0,1,2,8,9,10,11,12	1	18815065	5.3148899565321726e-08
0	straight	mask_1f13	0,1,4,8,9,10,11,12	4370	18815065	0.00023226069110045595
0	straight	mask_1f15	0,2,4,8,9,10,11,12	39	18815065	2.0728070830475472e-06
0	straight	mask_1f16	1,2,4,8,9,10,11,12	8	18815065	4.2519119652257381e-07
0	straight	mask_1f1a	1,3,4,8,9,10,11,12	2	18815065	1.0629779913064345e-07
0	straight	mask_1f23	0,1,5,8,9,10,11,12	170	18815065	9.0353129261046935e-06
0	straight	mask_1f25	0,2,5,8,9,10,11,12	11	18815065	5.8463789521853896e-07
0	straight	mask_1f26	1,2,5,8,9,10,11,12	27	18815065	1.4350202882636866e-06
0	straight	mask_1f2a	1,3,5,8,9,10,11,12	11	18815065	5.8463789521853896e-07
0	straight	mask_1f2c	2,3,5,8,9,10,11,12	3	18815065	1.5944669869596518e-07
0	straight	mask_1f32	1,4,5,8,9,10,11,12	1339	18815065	7.1166376517965788e-05
0	straight	mask_1f34	2,4,5,8,9,10,11,12	70	18815065	3.7204229695725208e-06
0	straight	mask_1f43	0,1,6,8,9,10,11,12	4	18815065	2.125955982612869e-07
0	straight	mask_1f45	0,2,6,8,9,10,11,12	3	18815065	1.5944669869596518e-07
0	straight	mask_1f46	1,2,6,8,9,10,11,12	12	18815065	6.3778679478386071e-07
0	straight	mask_1f4c	2,3,6,8,9,10,11,12	7	18815065	3.7204229695725206e-07
0	straight	mask_1f52	1,4,6,8,9,10,11,12	44	18815065	2.3385515808741558e-06
0	straight	mask_1f54	2,4,6,8,9,10,11,12	18	18815065	9.5668019217579112e-07
0	straight	mask_1f62	1,5,6,8,9,10,11,12	466	18815065	2.4767387197439925e-05
0	straight	mask_1f64	2,5,6,8,9,10,11,12	274	18815065	1.4562798480898153e-05
0	straight	mask_1f8c	2,3,7,8,9,10,11,12	10	18815065	5.3148899565321721e-07
0	straight	mask_1f92	1,4,7,8,9,10,11,12	2	18815065	1.0629779913064345e-07
0	straight	mask_1fa2	1,5,7,8,9,10,11,12	101	18815065	5.3680388560974939e-06
0	straight	mask_1fa4	2,5,7,8,9,10,11,12	16	18815065	8.5038239304514762e-07
0	straight	mask_1fc2	1,6,7,8,9,10,11,12	18	18815065	9.5668019217579112e-07
0	straight	mask_1fc4	2,6,7,8,9,10,11,12	57	18815065	3.0294872752233385e-06
0	straight	mask_20bf	0,1,2,3,4,5,7,13	3148	18815065	0.00016731273583163279
0	straight	mask_20df	0,1,2,3,4,6,7,13	2265	18815065	0.0001203822575154537
0	straight	mask_20f7	0,1,2,4,5,6,7,13	1186	18815065	6.3034594884471564e-05
0	straight	mask_20fb	0,1,3,4,5,6,7,13	79	18815065	4.198763065660416e-06
0	straight	mask_20fd	0,2,3,4,5,6,7,13	101	18815065	5.3680388560974939e-06
0	straight	mask_20fe	1,2,3,4,5,6,7,13	522	18815065	2.774372557309794e-05
0	straight	mask_219f	0,1,2,3,4,7,8,13	480	18815065	2.5511471791354428e-05
0	straight	mask_21af	0,1,2,3,5,7,8,13	6197	18815065	0.00032936373060629871
0	straight	mask_21b7	0,1,2,4,5,7,8,13	205	18815065	1.0895524410890953e-05
0	straight	mask_21bb	0,1,3,4,5,7,8,13	7	18815065	3.7204229695725206e-07
0	straight	mask_21bd	0,2,3,4,5,7,8,13	53	18815065	2.8168916769620515e-06
0	straight	mask_21be	1,2,3,4,5,7,8,13	51	18815065	2.7105938778314078e-06
0	straight	mask_21cf	0,1,2,3,6,7,8,13	6587	18815065	0.00035009180143677422
0	straight	mask_21d7	0,1,2,4,6,7,8,13	57	18815065	3.0294872752233385e-06
0	straight	mask_21db	0,1,3,4,6,7,8,13	8	18815065	4.2519119652257381e-07
0	straight	mask_21dd	0,2,3,4,6,7,8,13	2	18815065	1.0629779913064345e-07
0	straight	mask_21de	1,2,3,4,6,7,8,13	53	18815065	2.8168916769620515e-06
0	straight	mask_21e7	0,1,2,5,6,7,8,13	818	18815065	4.3475799844433171e-05
0	straight	mask_21eb	0,1,3,5,6,7,8,13	69	18815065	3.6672740700071991e-06
0	straight	mask_21ed	0,2,3,5,6,7,8,13	84	18815065	4.4645075634870251e-06
0	straight	mask_21ee	1,2,3,5,6,7,8,13	186	18815065	9.8856953191498415e-06
0	straight	mask_21f3	0,1,4,5,6,7,8,13	362	18815065	1.9239901642646463e-05
0	straight	mask_21f5	0,2,4,5,6,7,8,13	191	18815065	1.015143981697645e-05
0	straight	mask_21f6	1,2,4,5,6,7,8,13	563	18815065	2.9922830455276129e-05
0	straight	mask_21f9	0,3,4,5,6,7,8,13	31	18815065	1.6476158865249734e-06
0	straight	mask_21fa	1,3,4,5,6,7,8,13	45	18815065	2.3917004804394775e-06
0	straight	mask_21fc	2,3,4,5,6,7,8,13	20	18815065	1.0629779913064344e-06
0	straight	mask_229f	0,1,2,3,4,7,9,13	668	18815065	3.5503464909634914e-05
0	straight	mask_22bb	0,1,3,4,5,7,9,13	5	18815065	2.657444978266086e-07
0	straight	mask_22bd	0,2,3,4,5,7,9,13	60	18815065	3.1889339739193035e-06
0	straight	mask_22be	1,2,3,4,5,7,9,13	80	18815065	4.2519119652257377e-06
0	straight	mask_22d7	0,1,2,4,6,7,9,13	61	18815065	3.2420828734846251e-06
0	straight	mask_22db	0,1,3,4,6,7,9,13	12	18815065	6.3778679478386071e-07
0	straight	mask_22dd	0,2,3,4,6,7,9,13	15	18815065	7.9723349347982587e-07
0	straight	mask_22de	1,2,3,4,6,7,9,13	94	18815065	4.9959965591402424e-06
0	straight	mask_22f3	0,1,4,5,6,7,9,13	256	18815065	1.3606118288722362e-05
0	straight	mask_22f5	0,2,4,5,6,7,9,13	310	18815065	1.6476158865249734e-05
0	straight	mask_22f6	1,2,4,5,6,7,9,13	1033	18815065	5.4902813250977341e-05
0	straight	mask_22f9	0,3,4,5,6,7,9,13	61	18815065	3.2420828734846251e-06
0	straight	mask_22fa	1,3,4,5,6,7,9,13	112	18815065	5.9526767513160329e-06
0	straight	mask_22fc	2,3,4,5,6,7,9,13	205	18815065	1.0895524410890953e-05
0	straight	mask_238f	0,1,2,3,7,8,9,13	75	18815065	3.9861674673991294e-06
0	straight	mask_239d	0,2,3,4,7,8,9,13	3	18815065	1.5944669869596518e-07
0	straight	mask_239e	1,2,3,4,7,8,9,13	9	18815065	4.7834009608789556e-07
0	straight	mask_23ab	0,1,3,5,7,8,9,13	2	18815065	1.0629779913064345e-07
0	straight	mask_23ad	0,2,3,5,7,8,9,13	23	18815065	1.2224246900023996e-06
0	straight	mask_23ae	1,2,3,5,7,8,9,13	27	18815065	1.4350202882636866e-06
0	straight	mask_23b9	0,3,4,5,7,8,9,13	8	18815065	4.2519119652257381e-07
0	straight	mask_23ba	1,3,4,5,7,8,9,13	4	18815065	2.125955982612869e-07
0	straight	mask_23bc	2,3,4,5,7,8,9,13	26	18815065	1.3818713886983649e-06
0	straight	mask_23c7	0,1,2,6,7,8,9,13	52	18815065	2.7637427773967299e-06
0	straight	mask_23cb	0,1,3,6,7,8,9,13	7	18815065	3.7204229695725206e-07
0	straight	mask_23cd	0,2,3,6,7,8,9,13	10	18815065	5.3148899565321721e-07
0	straight	mask_23ce	1,2,3,6,7,8,9,13	51	18815065	2.7105938778314078e-06
0	straight	mask_23d6	1,2,4,6,7,8,9,13	40	18815065	2.1259559826128688e-06
0	straight	mask_23d9	0,3,4,6,7,8,9,13	6	18815065	3.1889339739193036e-07
0	straight	mask_23da	1,3,4,6,7,8,9,13	25	18815065	1.3287224891330431e-06
0	straight	mask_23dc	2,3,4,6,7,8,9,13	17	18815065	9.0353129261046937e-07
0	straight	mask_23e5	0,2,5,6,7,8,9,13	98	18815065	5.208592157401529e-06
0	straight	mask_23e6	1,2,5,6,7,8,9,13	396	18815065	2.1046964227867403e-05
0	straight	mask_23e9	0,3,5,6,7,8,9,13	26	18815065	1.3818713886983649e-06
0	straight	mask_23ea	1,3,5,6,7,8,9,13	71	18815065	3.7735718691378424e-06
0	straight	mask_23ec	2,3,5,6,7,8,9,13	125	18815065	6.643612445665216e-06
0	straight	mask_249f	0,1,2,3,4,7,10,13	57	18815065	3.0294872752233385e-06
0	straight	mask_24b7	0,1,2,4,5,7,10,13	24	18815065	1.2755735895677214e-06
0	straight	mask_24bb	0,1,3,4,5,7,10,13	1	18815065	5.3148899565321726e-08
0	straight	mask_24be	1,2,3,4,5,7,10,13	21	18815065	1.1161268908717563e-06
0	straight	mask_24d7	0,1,2,4,6,7,10,13	15	18815065	7.9723349347982587e-07
0	straight	mask_24db	0,1,3,4,6,7,10,13	4	18815065	2.125955982612869e-07
0	straight	mask_24dd	0,2,3,4,6,7,10,13	1	18815065	5.3148899565321726e-08
0	straight	mask_24de	1,2,3,4,6,7,10,13	50	18815065	2.6574449782660861e-06
0	straight	mask_24f3	0,1,4,5,6,7,10,13	116	18815065	6.1652723495773203e-06
0	straight	mask_24f5	0,2,4,5,6,7,10,13	59	18815065	3.1357850743539818e-06
0	straight	mask_24f6	1,2,4,5,6,7,10,13	565	18815065	3.0029128254406776e-05
0	straight	mask_24f9	0,3,4,5,6,7,10,13	16	18815065	8.5038239304514762e-07
0	straight	mask_24fa	1,3,4,5,6,7,10,13	89	18815065	4.7302520613136333e-06
0	straight	mask_24fc	2,3,4,5,6,7,10,13	116	18815065	6.1652723495773203e-06
0	straight	mask_258f	0,1,2,3,7,8,10,13	25	18815065	1.3287224891330431e-06
0	straight	mask_2597	0,1,2,4,7,8,10,13	1	18815065	5.3148899565321726e-08
0	straight	mask_25a7	0,1,2,5,7,8,10,13	5	18815065	2.657444978266086e-07
0	straight	mask_25ab	0,1,3,5,7,8,10,13	1	18815065	5.3148899565321726e-08
0	straight	mask_25ae	1,2,3,5,7,8,10,13	1	18815065	5.3148899565321726e-08
0	straight	mask_25b6	1,2,4,5,7,8,10,13	6	18815065	3.1889339739193036e-07
0	straight	mask_25ba	1,3,4,5,7,8,10,13	1	18815065	5.3148899565321726e-08
0	straight	mask_25bc	2,3,4,5,7,8,10,13	1	18815065	5.3148899565321726e-08
0	straight	mask_25c7	0,1,2,6,7,8,10,13	9	18815065	4.7834009608789556e-07
0	straight	mask_25cb	0,1,3,6,7,8,10,13	2	18815065	1.0629779913064345e-07
0	straight	mask_25cd	0,2,3,6,7,8,10,13	2	18815065	1.0629779913064345e-07
0	straight	mask_25ce	1,2,3,6,7,8,10,13	4	18815065	2.125955982612869e-07
0	straight	mask_25d3	0,1,4,6,7,8,10,13	6	18815065	3.1889339739193036e-07
0	straight	mask_25d5	0,2,4,6,7,8,10,13	4	18815065	2.125955982612869e-07
0	straight	mask_25d6	1,2,4,6,7,8,10,13	6	18815065	3.1889339739193036e-07
0	straight	mask_25da	1,3,4,6,7,8,10,13	1	18815065	5.3148899565321726e-08
0	straight	mask_25dc	2,3,4,6,7,8,10,13	7	18815065	3.7204229695725206e-07
0	straight	mask_25e3	0,1,5,6,7,8,10,13	60	18815065	3.1889339739193035e-06
0	straight	mask_25e5	0,2,5,6,7,8,10,13	36	18815065	1.9133603843515822e-06
0	straight	mask_25e6	1,2,5,6,7,8,10,13	120	18815065	6.3778679478386069e-06
0	straight	mask_25e9	0,3,5,6,7,8,10,13	6	18815065	3.1889339739193036e-07
0	straight	mask_25ea	1,3,5,6,7,8,10,13	38	18815065	2.0196581834822255e-06
0	straight	mask_25ec	2,3,5,6,7,8,10,13	27	18815065	1.4350202882636866e-06
0	straight	mask_25f2	1,4,5,6,7,8,10,13	133	18815065	7.0688036421877892e-06
0	straight	mask_25f4	2,4,5,6,7,8,10,13	60	18815065	3.1889339739193035e-06
0	straight	mask_269b	0,1,3,4,7,9,10,13	1	18815065	5.3148899565321726e-08
0	straight	mask_269e	1,2,3,4,7,9,10,13	3	18815065	1.5944669869596518e-07
0	straight	mask_26b9	0,3,4,5,7,9,10,13	3	18815065	1.5944669869596518e-07
0	straight	mask_26ba	1,3,4,5,7,9,10,13	14	18815065	7.4408459391450411e-07
0	straight	mask_26bc	2,3,4,5,7,9,10,13	31	18815065	1.6476158865249734e-06
0	straight	mask_26d3	0,1,4,6,7,9,10,13	14	18815065	7.4408459391450411e-07
0	straight	mask_26d5	0,2,4,6,7,9,10,13	31	18815065	1.6476158865249734e-06
0	straight	mask_26d6	1,2,4,6,7,9,10,13	116	18815065	6.1652723495773203e-06
0	straight	mask_26d9	0,3,4,6,7,9,10,13	24	18815065	1.2755735895677214e-06
0	straight	mask_26da	1,3,4,6,7,9,10,13	60	18815065	3.1889339739193035e-06
0	straight	mask_26dc	2,3,4,6,7,9,10,13	70	18815065	3.7204229695725208e-06
0	straight	mask_26f2	1,4,5,6,7,9,10,13	561	18815065	2.9816532656145486e-05
0	straight	mask_26f4	2,4,5,6,7,9,10,13	1008	18815065	5.3574090761844301e-05
0	straight	mask_278d	0,2,3,7,8,9,10,13	1	18815065	5.3148899565321726e-08
0	straight	mask_278e	1,2,3,7,8,9,10,13	1	18815065	5.3148899565321726e-08
0	straight	mask_2799	0,3,4,7,8,9,10,13	5	18815065	2.657444978266086e-07
0	straight	mask_279a	1,3,4,7,8,9,10,13	2	18815065	1.0629779913064345e-07
0	straight	mask_279c	2,3,4,7,8,9,10,13	1	18815065	5.3148899565321726e-08
0	straight	mask_27a9	0,3,5,7,8,9,10,13	10	18815065	5.3148899565321721e-07
0	straight	mask_27aa	1,3,5,7,8,9,10,13	19	18815065	1.0098290917411128e-06
0	straight	mask_27ac	2,3,5,7,8,9,10,13	21	18815065	1.1161268908717563e-06
0	straight	mask_27c5	0,2,6,7,8,9,10,13	12	18815065	6.3778679478386071e-07
0	straight	mask_27c6	1,2,6,7,8,9,10,13	131	18815065	6.9625058430571459e-06
0	straight	mask_27c9	0,3,6,7,8,9,10,13	10	18815065	5.3148899565321721e-07
0	straight	mask_27ca	1,3,6,7,8,9,10,13	30	18815065	1.5944669869596517e-06
0	straight	mask_27e4	2,5,6,7,8,9,10,13	183	18815065	9.7262486204538749e-06
0	straight	mask_283f	0,1,2,3,4,5,11,13	422	18815065	2.2428835616565769e-05
0	straight	mask_285f	0,1,2,3,4,6,11,13	233	18815065	1.2383693598719962e-05
0	straight	mask_2877	0,1,2,4,5,6,11,13	43	18815065	2.2854026813088342e-06
0	straight	mask_287b	0,1,3,4,5,6,11,13	7	18815065	3.7204229695725206e-07
0	straight	mask_287d	0,2,3,4,5,6,11,13	8	18815065	4.2519119652257381e-07
0	straight	mask_287e	1,2,3,4,5,6,11,13	100	18815065	5.3148899565321723e-06
0	straight	mask_289f	0,1,2,3,4,7,11,13	7	18815065	3.7204229695725206e-07
0	straight	mask_28b7	0,1,2,4,5,7,11,13	5	18815065	2.657444978266086e-07
0	straight	mask_28bd	0,2,3,4,5,7,11,13	1	18815065	5.3148899565321726e-08
0	straight	mask_28be	1,2,3,4,5,7,11,13	11	18815065	5.8463789521853896e-07
0	straight	mask_28d7	0,1,2,4,6,7,11,13	3	18815065	1.5944669869596518e-07
0	straight	mask_28db	0,1,3,4,6,7,11,13	1	18815065	5.3148899565321726e-08
0	straight	mask_28de	1,2,3,4,6,7,11,13	5	18815065	2.657444978266086e-07
0	straight	mask_28f3	0,1,4,5,6,7,11,13	10	18815065	5.3148899565321721e-07
0	straight	mask_28f5	0,2,4,5,6,7,11,13	14	18815065	7.4408459391450411e-07
0	straight	mask_28f6	1,2,4,5,6,7,11,13	143	18815065	7.6002926378410065e-06
0	straight	mask_28f9	0,3,4,5,6,7,11,13	4	18815065	2.125955982612869e-07
0	straight	mask_28fa	1,3,4,5,6,7,11,13	22	18815065	1.1692757904370779e-06
0	straight	mask_28fc	2,3,4,5,6,7,11,13	29	18815065	1.5413180873943301e-06
0	straight	mask_291f	0,1,2,3,4,8,11,13	5	18815065	2.657444978266086e-07
0	straight	mask_292f	0,1,2,3,5,8,11,13	3	18815065	1.5944669869596518e-07
0	straight	mask_293b	0,1,3,4,5,8,11,13	1	18815065	5.3148899565321726e-08
0	straight	mask_293d	0,2,3,4,5,8,11,13	2	18815065	1.0629779913064345e-07
0	straight	mask_293e	1,2,3,4,5,8,11,13	6	18815065	3.1889339739193036e-07
0	straight	mask_295e	1,2,3,4,6,8,11,13	1	18815065	5.3148899565321726e-08
0	straight	mask_2967	0,1,2,5,6,8,11,13	17	18815065	9.0353129261046937e-07
0	straight	mask_296d	0,2,3,5,6,8,11,13	2	18815065	1.0629779913064345e-07
0	straight	mask_296e	1,2,3,5,6,8,11,13	4	18815065	2.125955982612869e-07
0	straight	mask_2975	0,2,4,5,6,8,11,13	9	18815065	4.7834009608789556e-07
0	straight	mask_2976	1,2,4,5,6,8,11,13	34	18815065	1.8070625852209387e-06
0	straight	mask_2979	0,3,4,5,6,8,11,13	5	18815065	2.657444978266086e-07
0	straight	mask_297a	1,3,4,5,6,8,11,13	1	18815065	5.3148899565321726e-08
0	straight	mask_297c	2,3,4,5,6,8,11,13	2	18815065	1.0629779913064345e-07
0	straight	mask_2997	0,1,2,4,7,8,11,13	1	18815065	5.3148899565321726e-08
0	straight	mask_29a7	0,1,2,5,7,8,11,13	1	18815065	5.3148899565321726e-08
0	straight	mask_29ad	0,2,3,5,7,8,11,13	1	18815065	5.3148899565321726e-08
0	straight	mask_29ae	1,2,3,5,7,8,11,13	1	18815065	5.3148899565321726e-08
0	straight	mask_29b3	0,1,4,5,7,8,11,13	1	18815065	5.3148899565321726e-08
0	straight	mask_29b5	0,2,4,5,7,8,11,13	1	18815065	5.3148899565321726e-08
0	straight	mask_29b6	1,2,4,5,7,8,11,13	2	18815065	1.0629779913064345e-07
0	straight	mask_29ce	1,2,3,6,7,8,11,13	1	18815065	5.3148899565321726e-08
0	straight	mask_29e3	0,1,5,6,7,8,11,13	5	18815065	2.657444978266086e-07
0	straight	mask_29e5	0,2,5,6,7,8,11,13	3	18815065	1.5944669869596518e-07
0	straight	mask_29e6	1,2,5,6,7,8,11,13	18	18815065	9.5668019217579112e-07
0	straight	mask_29ea	1,3,5,6,7,8,11,13	4	18815065	2.125955982612869e-07
0	straight	mask_29f2	1,4,5,6,7,8,11,13	7	18815065	3.7204229695725206e-07
0	straight	mask_29f4	2,4,5,6,7,8,11,13	3	18815065	1.5944669869596518e-07
0	straight	mask_2a1f	0,1,2,3,4,9,11,13	263	18815065	1.3978160585679613e-05
0	straight	mask_2a3b	0,1,3,4,5,9,11,13	2	18815065	1.0629779913064345e-07
0	straight	mask_2a3d	0,2,3,4,5,9,11,13	8	18815065	4.2519119652257381e-07
0	straight	mask_2a3e	1,2,3,4,5,9,11,13	20	18815065	1.0629779913064344e-06
0	straight	mask_2a57	0,1,2,4,6,9,11,13	9	18815065	4.7834009608789556e-07
0	straight	mask_2a5b	0,1,3,4,6,9,11,13	4	18815065	2.125955982612869e-07
0	straight	mask_2a5d	0,2,3,4,6,9,11,13	3	18815065	1.5944669869596518e-07
0	straight	mask_2a5e	1,2,3,4,6,9,11,13	10	18815065	5.3148899565321721e-07
0	straight	mask_2a75	0,2,4,5,6,9,11,13	87	18815065	4.62395426218299e-06
0	straight	mask_2a76	1,2,4,5,6,9,11,13	138	18815065	7.3345481400143983e-06
0	straight	mask_2a79	0,3,4,5,6,9,11,13	4	18815065	2.125955982612869e-07
0	straight	mask_2a7a	1,3,4,5,6,9,11,13	14	18815065	7.4408459391450411e-07
0	straight	mask_2a7c	2,3,4,5,6,9,11,13	68	18815065	3.6141251704418775e-06
0	straight	mask_2a9d	0,2,3,4,7,9,11,13	1	18815065	5.3148899565321726e-08
0	straight	mask_2a9e	1,2,3,4,7,9,11,13	2	18815065	1.0629779913064345e-07
0	straight	mask_2ab3	0,1,4,5,7,9,11,13	3	18815065	1.5944669869596518e-07
0	straight	mask_2ab5	0,2,4,5,7,9,11,13	10	18815065	5.3148899565321721e-07
0	straight	mask_2ab6	1,2,4,5,7,9,11,13	7	18815065	3.7204229695725206e-07
0	straight	mask_2aba	1,3,4,5,7,9,11,13	1	18815065	5.3148899565321726e-08
0	straight	mask_2abc	2,3,4,5,7,9,11,13	8	18815065	4.2519119652257381e-07
0	straight	mask_2ad3	0,1,4,6,7,9,11,13	2	18815065	1.0629779913064345e-07
0	straight	mask_2ad5	0,2,4,6,7,9,11,13	7	18815065	3.7204229695725206e-07
0	straight	mask_2ad6	1,2,4,6,7,9,11,13	14	18815065	7.4408459391450411e-07
0	straight	mask_2ad9	0,3,4,6,7,9,11,13	1	18815065	5.3148899565321726e-08
0	straight	mask_2ada	1,3,4,6,7,9,11,13	5	18815065	2.657444978266086e-07
0	straight	mask_2adc	2,3,4,6,7,9,11,13	11	18815065	5.8463789521853896e-07
0	straight	mask_2af2	1,4,5,6,7,9,11,13	89	18815065	4.7302520613136333e-06
0	straight	mask_2af4	2,4,5,6,7,9,11,13	204	18815065	1.0842375511325631e-05
0	straight	mask_2b0f	0,1,2,3,8,9,11,13	1	18815065	5.3148899565321726e-08
0	straight	mask_2b1e	1,2,3,4,8,9,11,13	5	18815065	2.657444978266086e-07
0	straight	mask_2b2e	1,2,3,5,8,9,11,13	1	18815065	5.3148899565321726e-08
0	straight	mask_2b39	0,3,4,5,8,9,11,13	1	18815065	5.3148899565321726e-08
0	straight	mask_2b3a	1,3,4,5,8,9,11,13	6	18815065	3.1889339739193036e-07
0	straight	mask_2b3c	2,3,4,5,8,9,11,13	10	18815065	5.3148899565321721e-07
0	straight	mask_2b47	0,1,2,6,8,9,11,13	5	18815065	2.657444978266086e-07
0	straight	mask_2b4e	1,2,3,6,8,9,11,13	1	18815065	5.3148899565321726e-08
0	straight	mask_2b55	0,2,4,6,8,9,11,13	19	18815065	1.0098290917411128e-06
0	straight	mask_2b56	1,2,4,6,8,9,11,13	8	18815065	4.2519119652257381e-07
0	straight	mask_2b5a	1,3,4,6,8,9,11,13	2	18815065	1.0629779913064345e-07
0	straight	mask_2b5c	2,3,4,6,8,9,11,13	6	18815065	3.1889339739193036e-07
0	straight	mask_2b65	0,2,5,6,8,9,11,13	42	18815065	2.2322537817435125e-06
0	straight	mask_2b66	1,2,5,6,8,9,11,13	131	18815065	6.9625058430571459e-06
0	straight	mask_2b69	0,3,5,6,8,9,11,13	1	18815065	5.3148899565321726e-08
0	straight	mask_2b6a	1,3,5,6,8,9,11,13	6	18815065	3.1889339739193036e-07
0	straight	mask_2b74	2,4,5,6,8,9,11,13	218	18815065	1.1586460105240136e-05
0	straight	mask_2b87	0,1,2,7,8,9,11,13	1	18815065	5.3148899565321726e-08
0	straight	mask_2b8e	1,2,3,7,8,9,11,13	1	18815065	5.3148899565321726e-08
0	straight	mask_2b96	1,2,4,7,8,9,11,13	3	18815065	1.5944669869596518e-07
0	straight	mask_2ba5	0,2,5,7,8,9,11,13	1	18815065	5.3148899565321726e-08
0	straight	mask_2ba6	1,2,5,7,8,9,11,13	5	18815065	2.657444978266086e-07
0	straight	mask_2bb2	1,4,5,7,8,9,11,13	2	18815065	1.0629779913064345e-07
0	straight	mask_2bb4	2,4,5,7,8,9,11,13	3	18815065	1.5944669869596518e-07
0	straight	mask_2bc5	0,2,6,7,8,9,11,13	5	18815065	2.657444978266086e-07
0	straight	mask_2bc6	1,2,6,7,8,9,11,13	7	18815065	3.7204229695725206e-07
0	straight	mask_2bd2	1,4,6,7,8,9,11,13	4	18815065	2.125955982612869e-07
0	straight	mask_2bd4	2,4,6,7,8,9,11,13	9	18815065	4.7834009608789556e-07
0	straight	mask_2be2	1,5,6,7,8,9,11,13	57	18815065	3.0294872752233385e-06
0	straight	mask_2c1f	0,1,2,3,4,10,11,13	96	18815065	5.1022943582708857e-06
0	straight	mask_2c3d	0,2,3,4,5,10,11,13	1	18815065	5.3148899565321726e-08
0	straight	mask_2c57	0,1,2,4,6,10,11,13	2	18815065	1.0629779913064345e-07
0	straight	mask_2c5b	0,1,3,4,6,10,11,13	1	18815065	5.3148899565321726e-08
0	straight	mask_2c5d	0,2,3,4,6,10,11,13	1	18815065	5.3148899565321726e-08
0	straight	mask_2c75	0,2,4,5,6,10,11,13	22	18815065	1.1692757904370779e-06
0	straight	mask_2c79	0,3,4,5,6,10,11,13	6	18815065	3.1889339739193036e-07
0	straight	mask_2cb3	0,1,4,5,7,10,11,13	3	18815065	1.5944669869596518e-07
0	straight	mask_2cb5	0,2,4,5,7,10,11,13	4	18815065	2.125955982612869e-07
0	straight	mask_2cb9	0,3,4,5,7,10,11,13	1	18815065	5.3148899565321726e-08
0	straight	mask_2cd3	0,1,4,6,7,10,11,13	4	18815065	2.125955982612869e-07
0	straight	mask_2cd5	0,2,4,6,7,10,11,13	2	18815065	1.0629779913064345e-07
0	straight	mask_2d1e	1,2,3,4,8,10,11,13	4	18815065	2.125955982612869e-07
0	straight	mask_2d2b	0,1,3,5,8,10,11,13	1	18815065	5.3148899565321726e-08
0	straight	mask_2d2e	1,2,3,5,8,10,11,13	4	18815065	2.125955982612869e-07
0	straight	mask_2d3a	1,3,4,5,8,10,11,13	3	18815065	1.5944669869596518e-07
0	straight	mask_2d3c	2,3,4,5,8,10,11,13	1	18815065	5.3148899565321726e-08
0	straight	mask_2d55	0,2,4,6,8,10,11,13	9	18815065	4.7834009608789556e-07
0	straight	mask_2d56	1,2,4,6,8,10,11,13	3	18815065	1.5944669869596518e-07
0	straight	mask_2d5a	1,3,4,6,8,10,11,13	2	18815065	1.0629779913064345e-07
0	straight	mask_2d5c	2,3,4,6,8,10,11,13	1	18815065	5.3148899565321726e-08
0	straight	mask_2d65	0,2,5,6,8,10,11,13	11	18815065	5.8463789521853896e-07
0	straight	mask_2d66	1,2,5,6,8,10,11,13	93	18815065	4.9428476595749208e-06
0	straight	mask_2d69	0,3,5,6,8,10,11,13	2	18815065	1.0629779913064345e-07
0	straight	mask_2d6a	1,3,5,6,8,10,11,13	8	18815065	4.2519119652257381e-07
0	straight	mask_2d74	2,4,5,6,8,10,11,13	55	18815065	2.9231894760926948e-06
0	straight	mask_2da5	0,2,5,7,8,10,11,13	3	18815065	1.5944669869596518e-07
0	straight	mask_2da6	1,2,5,7,8,10,11,13	1	18815065	5.3148899565321726e-08
0	straight	mask_2db4	2,4,5,7,8,10,11,13	3	18815065	1.5944669869596518e-07
0	straight	mask_2dc3	0,1,6,7,8,10,11,13	1	18815065	5.3148899565321726e-08
0	straight	mask_2dc5	0,2,6,7,8,10,11,13	2	18815065	1.0629779913064345e-07
0	straight	mask_2e39	0,3,4,5,9,10,11,13	5	18815065	2.657444978266086e-07
0	straight	mask_2e3a	1,3,4,5,9,10,11,13	9	18815065	4.7834009608789556e-07
0	straight	mask_2e3c	2,3,4,5,9,10,11,13	35	18815065	1.8602114847862604e-06
0	straight	mask_2e59	0,3,4,6,9,10,11,13	5	18815065	2.657444978266086e-07
0	straight	mask_2e74	2,4,5,6,9,10,11,13	205	18815065	1.0895524410890953e-05
0	straight	mask_2e99	0,3,4,7,9,10,11,13	1	18815065	5.3148899565321726e-08
0	straight	mask_2f19	0,3,4,8,9,10,11,13	2	18815065	1.0629779913064345e-07
0	straight	mask_2f1c	2,3,4,8,9,10,11,13	1	18815065	5.3148899565321726e-08
0	straight	mask_2f29	0,3,5,8,9,10,11,13	2	18815065	1.0629779913064345e-07
0	straight	mask_2f2a	1,3,5,8,9,10,11,13	6	18815065	3.1889339739193036e-07
0	straight	mask_2f49	0,3,6,8,9,10,11,13	1	18815065	5.3148899565321726e-08
0	straight	mask_2f83	0,1,7,8,9,10,11,13	2	18815065	1.0629779913064345e-07
0	straight	mask_2f85	0,2,7,8,9,10,11,13	2	18815065	1.0629779913064345e-07
0	straight	mask_2f89	0,3,7,8,9,10,11,13	2	18815065	1.0629779913064345e-07
0	straight	mask_309f	0,1,2,3,4,7,12,13	1	18815065	5.3148899565321726e-08
0	straight	mask_30af	0,1,2,3,5,7,12,13	10	18815065	5.3148899565321721e-07
0	straight	mask_30be	1,2,3,4,5,7,12,13	1	18815065	5.3148899565321726e-08
0	straight	mask_30cf	0,1,2,3,6,7,12,13	32	18815065	1.7007647860902952e-06
0	straight	mask_30dd	0,2,3,4,6,7,12,13	1	18815065	5.3148899565321726e-08
0	straight	mask_30eb	0,1,3,5,6,7,12,13	1	18815065	5.3148899565321726e-08
0	straight	mask_30ed	0,2,3,5,6,7,12,13	1	18815065	5.3148899565321726e-08
0	straight	mask_30fa	1,3,4,5,6,7,12,13	1	18815065	5.3148899565321726e-08
0	straight	mask_30fc	2,3,4,5,6,7,12,13	1	18815065	5.3148899565321726e-08
0	straight	mask_318f	0,1,2,3,7,8,12,13	5	18815065	2.657444978266086e-07
0	straight	mask_31ad	0,2,3,5,7,8,12,13	3	18815065	1.5944669869596518e-07
0	straight	mask_31cb	0,1,3,6,7,8,12,13	1	18815065	5.3148899565321726e-08
0	straight	mask_31cd	0,2,3,6,7,8,12,13	1	18815065	5.3148899565321726e-08
0	straight	mask_31d9	0,3,4,6,7,8,12,13	10	18815065	5.3148899565321721e-07
0	straight	mask_31da	1,3,4,6,7,8,12,13	4	18815065	2.125955982612869e-07
0	straight	mask_31dc	2,3,4,6,7,8,12,13	1	18815065	5.3148899565321726e-08
0	straight	mask_31e9	0,3,5,6,7,8,12,13	2	18815065	1.0629779913064345e-07
0	straight	mask_31ea	1,3,5,6,7,8,12,13	1	18815065	5.3148899565321726e-08
0	straight	mask_31ec	2,3,5,6,7,8,12,13	3	18815065	1.5944669869596518e-07
0	straight	mask_32cd	0,2,3,6,7,9,12,13	1	18815065	5.3148899565321726e-08
0	straight	mask_32da	1,3,4,6,7,9,12,13	1	18815065	5.3148899565321726e-08
0	straight	mask_32dc	2,3,4,6,7,9,12,13	5	18815065	2.657444978266086e-07
0	straight	mask_32e9	0,3,5,6,7,9,12,13	2	18815065	1.0629779913064345e-07
0	straight	mask_33cc	2,3,6,7,8,9,12,13	1	18815065	5.3148899565321726e-08
0	straight	mask_348f	0,1,2,3,7,10,12,13	3	18815065	1.5944669869596518e-07
0	straight	mask_34bc	2,3,4,5,7,10,12,13	1	18815065	5.3148899565321726e-08
0	straight	mask_34cb	0,1,3,6,7,10,12,13	1	18815065	5.3148899565321726e-08
0	straight	mask_34da	1,3,4,6,7,10,12,13	1	18815065	5.3148899565321726e-08
0	straight	mask_34e9	0,3,5,6,7,10,12,13	4	18815065	2.125955982612869e-07
0	straight	mask_3879	0,3,4,5,6,11,12,13	1	18815065	5.3148899565321726e-08
0	straight	mask_387c	2,3,4,5,6,11,12,13	1	18815065	5.3148899565321726e-08
0	straight	mask_388f	0,1,2,3,7,11,12,13	3	18815065	1.5944669869596518e-07
0	straight	mask_38b6	1,2,4,5,7,11,12,13	1	18815065	5.3148899565321726e-08
0	straight	mask_38c7	0,1,2,6,7,11,12,13	1	18815065	5.3148899565321726e-08
0	straight	mask_38cd	0,2,3,6,7,11,12,13	1	18815065	5.3148899565321726e-08
0	straight	mask_38d3	0,1,4,6,7,11,12,13	1	18815065	5.3148899565321726e-08
0	straight	mask_38e5	0,2,5,6,7,11,12,13	1	18815065	5.3148899565321726e-08
0	straight	mask_3995	0,2,4,7,8,11,12,13	1	18815065	5.3148899565321726e-08
0	straight	mask_39a5	0,2,5,7,8,11,12,13	1	18815065	5.3148899565321726e-08
0	straight	mask_3a1d	0,2,3,4,9,11,12,13	1	18815065	5.3148899565321726e-08
0	straight	mask_3a1e	1,2,3,4,9,11,12,13	2	18815065	1.0629779913064345e-07
0	straight	mask_3a2b	0,1,3,5,9,11,12,13	1	18815065	5.3148899565321726e-08
0	straight	mask_3a3a	1,3,4,5,9,11,12,13	1	18815065	5.3148899565321726e-08
0	straight	mask_3a3c	2,3,4,5,9,11,12,13	1	18815065	5.3148899565321726e-08
0	straight	mask_3a87	0,1,2,7,9,11,12,13	1	18815065	5.3148899565321726e-08
0	straight	mask_3a96	1,2,4,7,9,11,12,13	1	18815065	5.3148899565321726e-08
0	straight	mask_3ac3	0,1,6,7,9,11,12,13	1	18815065	5.3148899565321726e-08
0	straight	mask_3b1a	1,3,4,8,9,11,12,13	3	18815065	1.5944669869596518e-07
0	straight	mask_3b86	1,2,7,8,9,11,12,13	1	18815065	5.3148899565321726e-08
0	straight	mask_3c3a	1,3,4,5,10,11,12,13	1	18815065	5.3148899565321726e-08
0	straight	mask_3c69	0,3,5,6,10,11,12,13	1	18815065	5.3148899565321726e-08
0	straight	mask_3ca9	0,3,5,7,10,11,12,13	4	18815065	2.125955982612869e-07
0	straight	mask_3cc3	0,1,6,7,10,11,12,13	4	18815065	2.125955982612869e-07
0	straight	mask_3cc5	0,2,6,7,10,11,12,13	3	18815065	1.5944669869596518e-07
0	straight	mask_3cc9	0,3,6,7,10,11,12,13	1	18815065	5.3148899565321726e-08
0	straight	mask_3d19	0,3,4,8,10,11,12,13	24	18815065	1.2755735895677214e-06
0	straight	mask_3e19	0,3,4,9,10,11,12,13	1	18815065	5.3148899565321726e-08
0	straight	mask_3e49	0,3,6,9,10,11,12,13	1	18815065	5.3148899565321726e-08
0	straight	mask_3e85	0,2,7,9,10,11,12,13	2	18815065	1.0629779913064345e-07
0	straight	mask_587a	1,3,4,5,6,11,12,14	1	18815065	5.3148899565321726e-08
0	straight	mask_588f	0,1,2,3,7,11,12,14	27	18815065	1.4350202882636866e-06
0	straight	mask_58c7	0,1,2,6,7,11,12,14	1	18815065	5.3148899565321726e-08
0	straight	mask_5aa9	0,3,5,7,9,11,12,14	2	18815065	1.0629779913064345e-07
0	straight	mask_5b89	0,3,7,8,9,11,12,14	1	18815065	5.3148899565321726e-08
0	straight	mask_5cc5	0,2,6,7,10,11,12,14	1	18815065	5.3148899565321726e-08
0	straight	mask_5e89	0,3,7,9,10,11,12,14	2	18815065	1.0629779913064345e-07
0	straight	mask_911f	0,1,2,3,4,8,12,15	1	18815065	5.3148899565321726e-08
0	straight	mask_915b	0,1,3,4,6,8,12,15	1	18815065	5.3148899565321726e-08
1	block2x2	mask_00ff	0,1,2,3,4,5,6,7	8926016	31609540	0.28238360950523167
1	block2x2	mask_017f	0,1,2,3,4,5,6,8	2493303	31609540	0.078878180448054599
1	block2x2	mask_01bf	0,1,2,3,4,5,7,8	50890	31609540	0.0016099569939961164
1	block2x2	mask_01df	0,1,2,3,4,6,7,8	59905	31609540	0.0018951557029934633
1	block2x2	mask_01ef	0,1,2,3,5,6,7,8	671728	31609540	0.02125079960037381
1	block2x2	mask_01f7	0,1,2,4,5,6,7,8	730830	31609540	0.023120551580314043
1	block2x2	mask_01fb	0,1,3,4,5,6,7,8	29880	31609540	0.0009452842401376293
1	block2x2	mask_01fd	0,2,3,4,5,6,7,8	7397	31609540	0.00023401163066593186
1	block2x2	mask_01fe	1,2,3,4,5,6,7,8	780556	31609540	0.024693684248489538
1	block2x2	mask_027f	0,1,2,3,4,5,6,9	3048605	31609540	0.096445724929878768
1	block2x2	mask_02bf	0,1,2,3,4,5,7,9	71322	31609540	0.002256344129019277
1	block2x2	mask_02df	0,1,2,3,4,6,7,9	32401	31609540	0.0010250386433968985
1	block2x2	mask_02ef	0,1,2,3,5,6,7,9	4007991	31609540	0.12679687841075826
1	block2x2	mask_02f7	0,1,2,4,5,6,7,9	702550	31609540	0.022225884970170397
1	block2x2	mask_02fb	0,1,3,4,5,6,7,9	27266	31609540	0.00086258768713495988
1	block2x2	mask_02fd	0,2,3,4,5,6,7,9	27509	31609540	0.00087027523969029604
1	block2x2	mask_02fe	1,2,3,4,5,6,7,9	725669	31609540	0.022957278087564703
1	block2x2	mask_033f	0,1,2,3,4,5,8,9	468451	31609540	0.014819924617694531
1	block2x2	mask_035f	0,1,2,3,4,6,8,9	12854	31609540	0.00040664938496415954
1	block2x2	mask_036f	0,1,2,3,5,6,8,9	58162	31609540	0.0018400141223187682
1	block2x2	mask_0377	0,1,2,4,5,6,8,9	4580886	31609540	0.14492099537038503
1	block2x2	mask_037b	0,1,3,4,5,6,8,9	255674	31609540	0.0080885074569259779
1	block2x2	mask_037d	0,2,3,4,5,6,8,9	12442	31609540	0.00039361534524070895
1	block2x2	mask_037e	1,2,3,4,5,6,8,9	71065	31609540	0.0022482136722014935
1	block2x2	mask_039f	0,1,2,3,4,7,8,9	975	31609540	3.0845118277583284e-05
1	block2x2	mask_03af	0,1,2,3,5,7,8,9	5633	31609540	0.00017820569359756579
1	block2x2	mask_03b7	0,1,2,4,5,7,8,9	358393	31609540	0.01133812766652093
1	block2x2	mask_03bb	0,1,3,4,5,7,8,9	4194	31609540	0.00013268146262172749
1	block2x2	mask_03bd	0,2,3,4,5,7,8,9	954	31609540	3.0180761883912261e-05
1	block2x2	mask_03be	1,2,3,4,5,7,8,9	2421	31609540	7.6590801384645272e-05
1	block2x2	mask_03cf	0,1,2,3,6,7,8,9	7730	31609540	0.00024454642490842957
1	block2x2	mask_03d7	0,1,2,4,6,7,8,9	3263	31609540	0.00010322832916897873
1	block2x2	mask_03db	0,1,3,4,6,7,8,9	1004	31609540	3.1762562821224229e-05
1	block2x2	mask_03dd	0,2,3,4,6,7,8,9	79	31609540	2.4992454809529023e-06
1	block2x2	mask_03de	1,2,3,4,6,7,8,9	9292	31609540	0.00029396188619005528
1	block2x2	mask_03e7	0,1,2,5,6,7,8,9	20704	31609540	0.00065499213212213785
1	block2x2	mask_03eb	0,1,3,5,6,7,8,9	2162	31609540	6.83970725293693e-05
1	block2x2	mask_03ed	0,2,3,5,6,7,8,9	20819	31609540	0.00065863027427795528
1	block2x2	mask_03ee	1,2,3,5,6,7,8,9	149652	31609540	0.0047343934774121991
1	block2x2	mask_03f3	0,1,4,5,6,7,8,9	211012	31609540	0.0066755795876814409
1	block2x2	mask_03f5	0,2,4,5,6,7,8,9	5770	31609540	0.00018253982816580057
1	block2x2	mask_03f6	1,2,4,5,6,7,8,9	71268	31609540	0.0022546357840069801
1	block2x2	mask_03f9	0,3,4,5,6,7,8,9	946	31609540	2.9927673733942347e-05
1	block2x2	mask_03fa	1,3,4,5,6,7,8,9	1842	31609540	5.8273546530572734e-05
1	block2x2	mask_03fc	2,3,4,5,6,7,8,9	22732	31609540	0.00071914997813951099
1	block2x2	mask_053f	0,1,2,3,4,5,8,10	16504	31609540	0.00052212085338793285
1	block2x2	mask_055f	0,1,2,3,4,6,8,10	3890	31609540	0.00012306411292287075
1	block2x2	mask_056f	0,1,2,3,5,6,8,10	10013	31609540	0.00031677145570609377
1	block2x2	mask_0577	0,1,2,4,5,6,8,10	117915	31609540	0.0037303611504628034
1	block2x2	mask_057b	0,1,3,4,5,6,8,10	21699	31609540	0.00068646997077464588
1	block2x2	mask_057d	0,2,3,4,5,6,8,10	699	31609540	2.2113577103621249e-05
1	block2x2	mask_057e	1,2,3,4,5,6,8,10	10102	31609540	0.00031958706137450907
1	block2x2	mask_059f	0,1,2,3,4,7,8,10	224	31609540	7.0864681991575958e-06
1	block2x2	mask_05af	0,1,2,3,5,7,8,10	555	31609540	1.7557990404162794e-05
1	block2x2	mask_05b7	0,1,2,4,5,7,8,10	6151	31609540	0.00019459315130811774
1	block2x2	mask_05bb	0,1,3,4,5,7,8,10	113	31609540	3.5748701183250371e-06
1	block2x2	mask_05bd	0,2,3,4,5,7,8,10	61	31609540	1.9297971435205954e-06
1	block2x2	mask_05be	1,2,3,4,5,7,8,10	254	31609540	8.035548761544774e-06
1	block2x2	mask_05cf	0,1,2,3,6,7,8,10	10842	31609540	0.00034299771524672615
1	block2x2	mask_05d7	0,1,2,4,6,7,8,10	1076	31609540	3.4040356170953454e-05
1	block2x2	mask_05db	0,1,3,4,6,7,8,10	646	31609540	2.0436868110070566e-05
1	block2x2	mask_05dd	0,2,3,4,6,7,8,10	10	31609540	3.1636018746239269e-07
1	block2x2	mask_05de	1,2,3,4,6,7,8,10	9037	31609540	0.00028589470140976428
1	block2x2	mask_05e7	0,1,2,5,6,7,8,10	3846	31609540	0.00012167212809803623
1	block2x2	mask_05eb	0,1,3,5,6,7,8,10	919	31609540	2.9073501227793887e-05
1	block2x2	mask_05ed	0,2,3,5,6,7,8,10	6075	31609540	0.00019218881388340355
1	block2x2	mask_05ee	1,2,3,5,6,7,8,10	65582	31609540	0.0020747533814158637
1	block2x2	mask_05f3	0,1,4,5,6,7,8,10	13841	31609540	0.00043787413546669769
1	block2x2	mask_05f5	0,2,4,5,6,7,8,10	280	31609540	8.8580852489469945e-06
1	block2x2	mask_05f6	1,2,4,5,6,7,8,10	9503	31609540	0.00030063708614551176
1	block2x2	mask_05f9	0,3,4,5,6,7,8,10	109	31609540	3.4483260433400801e-06
1	block2x2	mask_05fa	1,3,4,5,6,7,8,10	1124	31609540	3.5558885070772938e-05
1	block2x2	mask_05fc	2,3,4,5,6,7,8,10	8299	31609540	0.00026254731957503968
1	block2x2	mask_063f	0,1,2,3,4,5,9,10	39574	31609540	0.0012519638058636727
1	block2x2	mask_065f	0,1,2,3,4,6,9,10	4107	31609540	0.00012992912899080467
1	block2x2	mask_066f	0,1,2,3,5,6,9,10	35423	31609540	0.0011206426920480335
1	block2x2	mask_0677	0,1,2,4,5,6,9,10	706081	31609540	0.02233759175236337
1	block2x2	mask_067b	0,1,3,4,5,6,9,10	53350	31609540	0.0016877816001118649
1	block2x2	mask_067d	0,2,3,4,5,6,9,10	7489	31609540	0.00023692214439058589
1	block2x2	mask_067e	1,2,3,4,5,6,9,10	46798	31609540	0.0014805024052865052
1	block2x2	mask_069f	0,1,2,3,4,7,9,10	69	31609540	2.1828852934905094e-06
1	block2x2	mask_06b7	0,1,2,4,5,7,9,10	16630	31609540	0.00052610699174995899
1	block2x2	mask_06bb	0,1,3,4,5,7,9,10	281	31609540	8.8897212676932346e-06
1	block2x2	mask_06bd	0,2,3,4,5,7,9,10	444	31609540	1.4046392323330235e-05
1	block2x2	mask_06be	1,2,3,4,5,7,9,10	1649	31609540	5.2167794912548556e-05
1	block2x2	mask_06f3	0,1,4,5,6,7,9,10	64161	31609540	0.0020297985987774575
1	block2x2	mask_06f5	0,2,4,5,6,7,9,10	5835	31609540	0.00018459616938430612
1	block2x2	mask_06f6	1,2,4,5,6,7,9,10	27488	31609540	0.00086961088329662501
1	block2x2	mask_06f9	0,3,4,5,6,7,9,10	688	31609540	2.1765580897412616e-05
1	block2x2	mask_071f	0,1,2,3,4,8,9,10	1949	31609540	6.1658600536420327e-05
1	block2x2	mask_072f	0,1,2,3,5,8,9,10	1053	31609540	3.3312727739789947e-05
1	block2x2	mask_073b	0,1,3,4,5,8,9,10	21472	31609540	0.00067928859451924959
1	block2x2	mask_073d	0,2,3,4,5,8,9,10	1087	31609540	3.4388352377162087e-05
1	block2x2	mask_073e	1,2,3,4,5,8,9,10	2435	31609540	7.7033705647092617e-05
1	block2x2	mask_074f	0,1,2,3,6,8,9,10	236	31609540	7.4661004241124676e-06
1	block2x2	mask_0757	0,1,2,4,6,8,9,10	1261	31609540	3.9893019639007718e-05
1	block2x2	mask_075b	0,1,3,4,6,8,9,10	1213	31609540	3.8374490739188234e-05
1	block2x2	mask_075d	0,2,3,4,6,8,9,10	28	31609540	8.8580852489469947e-07
1	block2x2	mask_075e	1,2,3,4,6,8,9,10	426	31609540	1.3476943985897928e-05
1	block2x2	mask_0767	0,1,2,5,6,8,9,10	12436	31609540	0.00039342552912823155
1	block2x2	mask_076b	0,1,3,5,6,8,9,10	1883	31609540	5.9570623299168545e-05
1	block2x2	mask_076d	0,2,3,5,6,8,9,10	1088	31609540	3.4419988395908322e-05
1	block2x2	mask_076e	1,2,3,5,6,8,9,10	5158	31609540	0.00016317858469310214
1	block2x2	mask_0776	1,2,4,5,6,8,9,10	60439	31609540	0.0019120493370039552
1	block2x2	mask_0779	0,3,4,5,6,8,9,10	3023	31609540	9.5635684669881312e-05
1	block2x2	mask_077a	1,3,4,5,6,8,9,10	6231	31609540	0.00019712403280781689
1	block2x2	mask_077c	2,3,4,5,6,8,9,10	3917	31609540	0.00012391828542901922
1	block2x2	mask_078f	0,1,2,3,7,8,9,10	145	31609540	4.5872227182046935e-06
1	block2x2	mask_0797	0,1,2,4,7,8,9,10	126	31609540	3.9861383620261478e-06
1	block2x2	mask_079b	0,1,3,4,7,8,9,10	2	31609540	6.3272037492478535e-08
1	block2x2	mask_079d	0,2,3,4,7,8,9,10	2	31609540	6.3272037492478535e-08
1	block2x2	mask_079e	1,2,3,4,7,8,9,10	29	31609540	9.1744454364093882e-07
1	block2x2	mask_07a7	0,1,2,5,7,8,9,10	364	31609540	1.1515510823631093e-05
1	block2x2	mask_07ab	0,1,3,5,7,8,9,10	11	31609540	3.4799620620863194e-07
1	block2x2	mask_07ad	0,2,3,5,7,8,9,10	198	31609540	6.2639317117553753e-06
1	block2x2	mask_07ae	1,2,3,5,7,8,9,10	206	31609540	6.5170198617252893e-06
1	block2x2	mask_07b3	0,1,4,5,7,8,9,10	31161	31609540	0.00098580998015156194
1	block2x2	mask_07b5	0,2,4,5,7,8,9,10	470	31609540	1.4868928810732457e-05
1	block2x2	mask_07b6	1,2,4,5,7,8,9,10	963	31609540	3.0465486052628417e-05
1	block2x2	mask_07b9	0,3,4,5,7,8,9,10	17	31609540	5.3781231868606753e-07
1	block2x2	mask_07ba	1,3,4,5,7,8,9,10	54	31609540	1.7083450122969204e-06
1	block2x2	mask_07bc	2,3,4,5,7,8,9,10	142	31609540	4.4923146619659757e-06
1	block2x2	mask_07c7	0,1,2,6,7,8,9,10	256	31609540	8.0988207990372525e-06
1	block2x2	mask_07cb	0,1,3,6,7,8,9,10	69	31609540	2.1828852934905094e-06
1	block2x2	mask_07cd	0,2,3,6,7,8,9,10	508	31609540	1.6071097523089548e-05
1	block2x2	mask_07ce	1,2,3,6,7,8,9,10	3174	31609540	0.00010041272350056344
1	block2x2	mask_07d3	0,1,4,6,7,8,9,10	673	31609540	2.1291040616219027e-05
1	block2x2	mask_07d5	0,2,4,6,7,8,9,10	24	31609540	7.5926444990974248e-07
1	block2x2	mask_07d6	1,2,4,6,7,8,9,10	201	31609540	6.3588397679940931e-06
1	block2x2	mask_07d9	0,3,4,6,7,8,9,10	8	31609540	2.5308814996991414e-07
1	block2x2	mask_07da	1,3,4,6,7,8,9,10	97	31609540	3.0686938183852092e-06
1	block2x2	mask_07dc	2,3,4,6,7,8,9,10	298	31609540	9.4275335863793026e-06
1	block2x2	mask_07e3	0,1,5,6,7,8,9,10	3520	31609540	0.00011135878598676222
1	block2x2	mask_07e5	0,2,5,6,7,8,9,10	1346	31609540	4.2582081232438053e-05
1	block2x2	mask_07e6	1,2,5,6,7,8,9,10	10759	31609540	0.0003403719256907883
1	block2x2	mask_07e9	0,3,5,6,7,8,9,10	398	31609540	1.2591135461003229e-05
1	block2x2	mask_07ea	1,3,5,6,7,8,9,10	1731	31609540	5.4761948449740173e-05
1	block2x2	mask_07ec	2,3,5,6,7,8,9,10	14603	31609540	0.00046198078175133204
1	block2x2	mask_07f1	0,4,5,6,7,8,9,10	3694	31609540	0.00011686345324860786
1	block2x2	mask_07f2	1,4,5,6,7,8,9,10	10043	31609540	0.00031772053626848097
1	block2x2	mask_07f4	2,4,5,6,7,8,9,10	5254	31609540	0.0001662156424927411
1	block2x2	mask_07f8	3,4,5,6,7,8,9,10	1762	31609540	5.5742665030873594e-05
1	block2x2	mask_093f	0,1,2,3,4,5,8,11	3922	31609540	0.0001240764655227504
1	block2x2	mask_095f	0,1,2,3,4,6,8,11	576	31609540	1.8222346797833817e-05
1	block2x2	mask_096f	0,1,2,3,5,6,8,11	269	31609540	8.5100890427383636e-06
1	block2x2	mask_0977	0,1,2,4,5,6,8,11	44686	31609540	0.0014136871336944479
1	block2x2	mask_097b	0,1,3,4,5,6,8,11	1641	31609540	5.1914706762578642e-05
1	block2x2	mask_097d	0,2,3,4,5,6,8,11	102	31609540	3.2268739121164054e-06
1	block2x2	mask_097e	1,2,3,4,5,6,8,11	771	31609540	2.4391370453350475e-05
1	block2x2	mask_099f	0,1,2,3,4,7,8,11	95	31609540	3.0054217808927307e-06
1	block2x2	mask_09b7	0,1,2,4,5,7,8,11	2545	31609540	8.0513667709178943e-05
1	block2x2	mask_09bb	0,1,3,4,5,7,8,11	6	31609540	1.8981611247743562e-07
1	block2x2	mask_09bd	0,2,3,4,5,7,8,11	81	31609540	2.5625175184453808e-06
1	block2x2	mask_09be	1,2,3,4,5,7,8,11	449	31609540	1.4204572417061432e-05
1	block2x2	mask_09f3	0,1,4,5,6,7,8,11	1379	31609540	4.3626069851063951e-05
1	block2x2	mask_09f5	0,2,4,5,6,7,8,11	72	31609540	2.2777933497292271e-06
1	block2x2	mask_09f6	1,2,4,5,6,7,8,11	4766	31609540	0.00015077726534457636
1	block2x2	mask_09f9	0,3,4,5,6,7,8,11	4	31609540	1.2654407498495707e-07
1	block2x2	mask_0b1f	0,1,2,3,4,8,9,11	107	31609540	3.3850540058476016e-06
1	block2x2	mask_0b2f	0,1,2,3,5,8,9,11	51	31609540	1.6134369560582027e-06
1	block2x2	mask_0b37	0,1,2,4,5,8,9,11	13353	31609540	0.00042243575831853294
1	block2x2	mask_0b3b	0,1,3,4,5,8,9,11	317	31609540	1.0028617942557848e-05
1	block2x2	mask_0b3d	0,2,3,4,5,8,9,11	90	31609540	2.847241687161534e-06
1	block2x2	mask_0b3e	1,2,3,4,5,8,9,11	184	31609540	5.821027449308025e-06
1	block2x2	mask_0b4f	0,1,2,3,6,8,9,11	27	31609540	8.5417250614846022e-07
1	block2x2	mask_0b57	0,1,2,4,6,8,9,11	158	31609540	4.9984909619058046e-06
1	block2x2	mask_0b5b	0,1,3,4,6,8,9,11	90	31609540	2.847241687161534e-06
1	block2x2	mask_0b5e	1,2,3,4,6,8,9,11	46	31609540	1.4552568623270062e-06
1	block2x2	mask_0b67	0,1,2,5,6,8,9,11	1043	31609540	3.2996367552327557e-05
1	block2x2	mask_0b6b	0,1,3,5,6,8,9,11	63	31609540	1.9930691810130739e-06
1	block2x2	mask_0b6d	0,2,3,5,6,8,9,11	47	31609540	1.4868928810732457e-06
1	block2x2	mask_0b6e	1,2,3,5,6,8,9,11	255	31609540	8.0671847802910141e-06
1	block2x2	mask_0b73	0,1,4,5,6,8,9,11	29151	31609540	0.00092222158247162094
1	block2x2	mask_0b75	0,2,4,5,6,8,9,11	1028	31609540	3.2521827271133971e-05
1	block2x2	mask_0b76	1,2,4,5,6,8,9,11	9761	31609540	0.00030879917898204149
1	block2x2	mask_0b79	0,3,4,5,6,8,9,11	798	31609540	2.5245542959498935e-05
1	block2x2	mask_0b7a	1,3,4,5,6,8,9,11	488	31609540	1.5438377148164763e-05
1	block2x2	mask_0b7c	2,3,4,5,6,8,9,11	742	31609540	2.3473925909709537e-05
1	block2x2	mask_0b8f	0,1,2,3,7,8,9,11	104	31609540	3.2901459496088839e-06
1	block2x2	mask_0b97	0,1,2,4,7,8,9,11	16	31609540	5.0617629993982828e-07
1	block2x2	mask_0b9e	1,2,3,4,7,8,9,11	126	31609540	3.9861383620261478e-06
1	block2x2	mask_0ba7	0,1,2,5,7,8,9,11	49	31609540	1.5501649185657242e-06
1	block2x2	mask_0bad	0,2,3,5,7,8,9,11	235	31609540	7.4344644053662283e-06
1	block2x2	mask_0bae	1,2,3,5,7,8,9,11	74	31609540	2.341065387221706e-06
1	block2x2	mask_0bb3	0,1,4,5,7,8,9,11	239	31609540	7.5610084803511853e-06
1	block2x2	mask_0bb5	0,2,4,5,7,8,9,11	43	31609540	1.3603488060882885e-06
1	block2x2	mask_0bb6	1,2,4,5,7,8,9,11	205	31609540	6.48538384297905e-06
1	block2x2	mask_0bba	1,3,4,5,7,8,9,11	1	31609540	3.1636018746239268e-08
1	block2x2	mask_0bbc	2,3,4,5,7,8,9,11	50	31609540	1.5818009373119635e-06
1	block2x2	mask_0bc7	0,1,2,6,7,8,9,11	73	31609540	2.3094293684754668e-06
1	block2x2	mask_0bcb	0,1,3,6,7,8,9,11	12	31609540	3.7963222495487124e-07
1	block2x2	mask_0bcd	0,2,3,6,7,8,9,11	91	31609540	2.8788777059077733e-06
1	block2x2	mask_0bce	1,2,3,6,7,8,9,11	536	31609540	1.6956906047984247e-05
1	block2x2	mask_0bd3	0,1,4,6,7,8,9,11	37	31609540	1.170532693610853e-06
1	block2x2	mask_0bd5	0,2,4,6,7,8,9,11	8	31609540	2.5308814996991414e-07
1	block2x2	mask_0bd6	1,2,4,6,7,8,9,11	39	31609540	1.2338047311033315e-06
1	block2x2	mask_0bda	1,3,4,6,7,8,9,11	11	31609540	3.4799620620863194e-07
1	block2x2	mask_0bdc	2,3,4,6,7,8,9,11	73	31609540	2.3094293684754668e-06
1	block2x2	mask_0be3	0,1,5,6,7,8,9,11	238	31609540	7.5293724616049461e-06
1	block2x2	mask_0be5	0,2,5,6,7,8,9,11	172	31609540	5.441395224353154e-06
1	block2x2	mask_0be6	1,2,5,6,7,8,9,11	1647	31609540	5.2104522875056073e-05
1	block2x2	mask_0be9	0,3,5,6,7,8,9,11	25	31609540	7.9090046865598173e-07
1	block2x2	mask_0bea	1,3,5,6,7,8,9,11	42	31609540	1.3287127873420493e-06
1	block2x2	mask_0bec	2,3,5,6,7,8,9,11	5427	31609540	0.0001716886737358405
1	block2x2	mask_0bf1	0,4,5,6,7,8,9,11	207	31609540	6.5486558804715285e-06
1	block2x2	mask_0bf2	1,4,5,6,7,8,9,11	455	31609540	1.4394388529538867e-05
1	block2x2	mask_0bf4	2,4,5,6,7,8,9,11	861	31609540	2.7238612140512009e-05
1	block2x2	mask_0bf8	3,4,5,6,7,8,9,11	114	31609540	3.6065061370712764e-06
1	block2x2	mask_0f17	0,1,2,4,8,9,10,11	77	31609540	2.4359734434604238e-06
1	block2x2	mask_0f1b	0,1,3,4,8,9,10,11	9	31609540	2.8472416871615339e-07
1	block2x2	mask_0f1d	0,2,3,4,8,9,10,11	2	31609540	6.3272037492478535e-08
1	block2x2	mask_0f1e	1,2,3,4,8,9,10,11	4	31609540	1.2654407498495707e-07
1	block2x2	mask_0f27	0,1,2,5,8,9,10,11	38	31609540	1.2021687123570923e-06
1	block2x2	mask_0f2b	0,1,3,5,8,9,10,11	4	31609540	1.2654407498495707e-07
1	block2x2	mask_0f2d	0,2,3,5,8,9,10,11	5	31609540	1.5818009373119635e-07
1	block2x2	mask_0f2e	1,2,3,5,8,9,10,11	22	31609540	6.9599241241726388e-07
1	block2x2	mask_0f33	0,1,4,5,8,9,10,11	68354	31609540	0.0021624484253804387
1	block2x2	mask_0f35	0,2,4,5,8,9,10,11	141	31609540	4.4606786432197365e-06
1	block2x2	mask_0f36	1,2,4,5,8,9,10,11	456	31609540	1.4426024548285106e-05
1	block2x2	mask_0f39	0,3,4,5,8,9,10,11	33	31609540	1.0439886186258958e-06
1	block2x2	mask_0f3a	1,3,4,5,8,9,10,11	101	31609540	3.1952378933701662e-06
1	block2x2	mask_0f3c	2,3,4,5,8,9,10,11	41	31609540	1.29707676859581e-06
1	block2x2	mask_0f53	0,1,4,6,8,9,10,11	250	31609540	7.9090046865598171e-06
1	block2x2	mask_0f55	0,2,4,6,8,9,10,11	27	31609540	8.5417250614846022e-07
1	block2x2	mask_0f56	1,2,4,6,8,9,10,11	60	31609540	1.8981611247743561e-06
1	block2x2	mask_0f59	0,3,4,6,8,9,10,11	3	31609540	9.490805623871781e-08
1	block2x2	mask_0f5a	1,3,4,6,8,9,10,11	15	31609540	4.7454028119358904e-07
1	block2x2	mask_0f5c	2,3,4,6,8,9,10,11	24	31609540	7.5926444990974248e-07
1	block2x2	mask_0f63	0,1,5,6,8,9,10,11	2372	31609540	7.5040636466079547e-05
1	block2x2	mask_0f65	0,2,5,6,8,9,10,11	327	31609540	1.034497813002024e-05
1	block2x2	mask_0f66	1,2,5,6,8,9,10,11	4219	31609540	0.00013347236309038348
1	block2x2	mask_0f69	0,3,5,6,8,9,10,11	16	31609540	5.0617629993982828e-07
1	block2x2	mask_0f71	0,4,5,6,8,9,10,11	2504	31609540	7.9216590940583124e-05
1	block2x2	mask_0f72	1,4,5,6,8,9,10,11	7034	31609540	0.00022252775586104702
1	block2x2	mask_0f74	2,4,5,6,8,9,10,11	3454	31609540	0.00010927080874951044
1	block2x2	mask_0f78	3,4,5,6,8,9,10,11	939	31609540	2.9706221602718672e-05
1	block2x2	mask_0f93	0,1,4,7,8,9,10,11	17	31609540	5.3781231868606753e-07
1	block2x2	mask_0f95	0,2,4,7,8,9,10,11	2	31609540	6.3272037492478535e-08
1	block2x2	mask_0f96	1,2,4,7,8,9,10,11	2	31609540	6.3272037492478535e-08
1	block2x2	mask_0f99	0,3,4,7,8,9,10,11	2	31609540	6.3272037492478535e-08
1	block2x2	mask_0fb1	0,4,5,7,8,9,10,11	72	31609540	2.2777933497292271e-06
1	block2x2	mask_0fb2	1,4,5,7,8,9,10,11	217	31609540	6.865016067933921e-06
1	block2x2	mask_0fb4	2,4,5,7,8,9,10,11	81	31609540	2.5625175184453808e-06
1	block2x2	mask_0fb8	3,4,5,7,8,9,10,11	31	31609540	9.8071658113341732e-07
1	block2x2	mask_0ff0	4,5,6,7,8,9,10,11	1579	31609540	4.9953273600311807e-05
1	block2x2	mask_107f	0,1,2,3,4,5,6,12	91321	31609540	0.0028890328679253164
1	block2x2	mask_10bf	0,1,2,3,4,5,7,12	5113	31609540	0.00016175496384952139
1	block2x2	mask_10df	0,1,2,3,4,6,7,12	10411	31609540	0.00032936259116709703
1	block2x2	mask_10ef	0,1,2,3,5,6,7,12	38011	31609540	0.0012025167085633007
1	block2x2	mask_10f7	0,1,2,4,5,6,7,12	17121	31609540	0.00054164027695436246
1	block2x2	mask_10fb	0,1,3,4,5,6,7,12	1613	31609540	5.102889823768394e-05
1	block2x2	mask_10fd	0,2,3,4,5,6,7,12	1002	31609540	3.1699290783731745e-05
1	block2x2	mask_10fe	1,2,3,4,5,6,7,12	38863	31609540	0.0012294705965350966
1	block2x2	mask_113f	0,1,2,3,4,5,8,12	69955	31609540	0.0022130976913931682
1	block2x2	mask_115f	0,1,2,3,4,6,8,12	13396	31609540	0.00042379610712462123
1	block2x2	mask_116f	0,1,2,3,5,6,8,12	15866	31609540	0.00050193707342783222
1	block2x2	mask_117b	0,1,3,4,5,6,8,12	72465	31609540	0.0022925040984462285
1	block2x2	mask_117d	0,2,3,4,5,6,8,12	4784	31609540	0.00015134671368200866
1	block2x2	mask_117e	1,2,3,4,5,6,8,12	11479	31609540	0.00036314985918808055
1	block2x2	mask_119f	0,1,2,3,4,7,8,12	1567	31609540	4.9573641375356933e-05
1	block2x2	mask_11af	0,1,2,3,5,7,8,12	1847	31609540	5.8431726624303929e-05
1	block2x2	mask_11b7	0,1,2,4,5,7,8,12	44573	31609540	0.001410112263576123
1	block2x2	mask_11bb	0,1,3,4,5,7,8,12	675	31609540	2.1354312653711507e-05
1	block2x2	mask_11bd	0,2,3,4,5,7,8,12	357	31609540	1.1294058692407419e-05
1	block2x2	mask_11be	1,2,3,4,5,7,8,12	673	31609540	2.1291040616219027e-05
1	block2x2	mask_11cf	0,1,2,3,6,7,8,12	2130	31609540	6.7384719929489644e-05
1	block2x2	mask_11d7	0,1,2,4,6,7,8,12	3403	31609540	0.00010765737179345223
1	block2x2	mask_11db	0,1,3,4,6,7,8,12	852	31609540	2.6953887971795856e-05
1	block2x2	mask_11dd	0,2,3,4,6,7,8,12	9	31609540	2.8472416871615339e-07
1	block2x2	mask_11de	1,2,3,4,6,7,8,12	2643	31609540	8.361399754631038e-05
1	block2x2	mask_11e7	0,1,2,5,6,7,8,12	3608	31609540	0.00011414275563643128
1	block2x2	mask_11eb	0,1,3,5,6,7,8,12	372	31609540	1.1768598973601007e-05
1	block2x2	mask_11ed	0,2,3,5,6,7,8,12	2780	31609540	8.7948132114545167e-05
1	block2x2	mask_11ee	1,2,3,5,6,7,8,12	12184	31609540	0.00038545325240417922
1	block2x2	mask_11f3	0,1,4,5,6,7,8,12	32575	31609540	0.0010305433106587443
1	block2x2	mask_11f5	0,2,4,5,6,7,8,12	1650	31609540	5.2199430931294791e-05
1	block2x2	mask_11f6	1,2,4,5,6,7,8,12	4719	31609540	0.0001492903724635031
1	block2x2	mask_11f9	0,3,4,5,6,7,8,12	115	31609540	3.638142155817516e-06
1	block2x2	mask_11fa	1,3,4,5,6,7,8,12	455	31609540	1.4394388529538867e-05
1	block2x2	mask_11fc	2,3,4,5,6,7,8,12	2852	31609540	9.0225925464274399e-05
1	block2x2	mask_125f	0,1,2,3,4,6,9,12	3602	31609540	0.00011395293952395384
1	block2x2	mask_126f	0,1,2,3,5,6,9,12	13597	31609540	0.00043015494689261534
1	block2x2	mask_127b	0,1,3,4,5,6,9,12	8613	31609540	0.00027248102946135884
1	block2x2	mask_127d	0,2,3,4,5,6,9,12	1744	31609540	5.5173216693441282e-05
1	block2x2	mask_127e	1,2,3,4,5,6,9,12	8964	31609540	0.00028358527204128879
1	block2x2	mask_129f	0,1,2,3,4,7,9,12	437	31609540	1.3824940192106561e-05
1	block2x2	mask_12af	0,1,2,3,5,7,9,12	1440	31609540	4.5555866994584544e-05
1	block2x2	mask_12b7	0,1,2,4,5,7,9,12	20393	31609540	0.00064515333029205736
1	block2x2	mask_12bb	0,1,3,4,5,7,9,12	139	31609540	4.397406605727258e-06
1	block2x2	mask_12bd	0,2,3,4,5,7,9,12	360	31609540	1.1388966748646136e-05
1	block2x2	mask_12be	1,2,3,4,5,7,9,12	1133	31609540	3.5843609239489094e-05
1	block2x2	mask_12cf	0,1,2,3,6,7,9,12	3731	31609540	0.00011803398594221871
1	block2x2	mask_12d7	0,1,2,4,6,7,9,12	894	31609540	2.8282600759137906e-05
1	block2x2	mask_12db	0,1,3,4,6,7,9,12	146	31609540	4.6188587369509336e-06
1	block2x2	mask_12dd	0,2,3,4,6,7,9,12	36	31609540	1.1388966748646136e-06
1	block2x2	mask_12de	1,2,3,4,6,7,9,12	3264	31609540	0.00010325996518772497
1	block2x2	mask_12e7	0,1,2,5,6,7,9,12	4311	31609540	0.00013638287681503748
1	block2x2	mask_12eb	0,1,3,5,6,7,9,12	409	31609540	1.293913166721186e-05
1	block2x2	mask_12ed	0,2,3,5,6,7,9,12	4732	31609540	0.00014970164070720422
1	block2x2	mask_12ee	1,2,3,5,6,7,9,12	36403	31609540	0.0011516459904193481
1	block2x2	mask_12f3	0,1,4,5,6,7,9,12	11634	31609540	0.00036805344209374765
1	block2x2	mask_12f5	0,2,4,5,6,7,9,12	568	31609540	1.7969258647863903e-05
1	block2x2	mask_12f6	1,2,4,5,6,7,9,12	2971	31609540	9.399061169507686e-05
1	block2x2	mask_12f9	0,3,4,5,6,7,9,12	34	31609540	1.0756246373721351e-06
1	block2x2	mask_12fa	1,3,4,5,6,7,9,12	188	31609540	5.9475715242929828e-06
1	block2x2	mask_12fc	2,3,4,5,6,7,9,12	1430	31609540	4.5239506807122153e-05
1	block2x2	mask_134f	0,1,2,3,6,8,9,12	126	31609540	3.9861383620261478e-06
1	block2x2	mask_135e	1,2,3,4,6,8,9,12	361	31609540	1.1420602767392376e-05
1	block2x2	mask_136d	0,2,3,5,6,8,9,12	621	31609540	1.9645967641414586e-05
1	block2x2	mask_136e	1,2,3,5,6,8,9,12	2302	31609540	7.2826115153842798e-05
1	block2x2	mask_138f	0,1,2,3,7,8,9,12	27	31609540	8.5417250614846022e-07
1	block2x2	mask_1397	0,1,2,4,7,8,9,12	912	31609540	2.8852049096570211e-05
1	block2x2	mask_139b	0,1,3,4,7,8,9,12	12	31609540	3.7963222495487124e-07
1	block2x2	mask_139d	0,2,3,4,7,8,9,12	1	31609540	3.1636018746239268e-08
1	block2x2	mask_139e	1,2,3,4,7,8,9,12	29	31609540	9.1744454364093882e-07
1	block2x2	mask_13a7	0,1,2,5,7,8,9,12	903	31609540	2.8567324927854059e-05
1	block2x2	mask_13ab	0,1,3,5,7,8,9,12	4	31609540	1.2654407498495707e-07
1	block2x2	mask_13ad	0,2,3,5,7,8,9,12	505	31609540	1.5976189466850829e-05
1	block2x2	mask_13ae	1,2,3,5,7,8,9,12	184	31609540	5.821027449308025e-06
1	block2x2	mask_13b3	0,1,4,5,7,8,9,12	67865	31609540	0.002146978412213528
1	block2x2	mask_13b5	0,2,4,5,7,8,9,12	4667	31609540	0.00014764529948869867
1	block2x2	mask_13b6	1,2,4,5,7,8,9,12	3243	31609540	0.00010259560879405395
1	block2x2	mask_13b9	0,3,4,5,7,8,9,12	25	31609540	7.9090046865598173e-07
1	block2x2	mask_13ba	1,3,4,5,7,8,9,12	23	31609540	7.2762843116350312e-07
1	block2x2	mask_13bc	2,3,4,5,7,8,9,12	73	31609540	2.3094293684754668e-06
1	block2x2	mask_13c7	0,1,2,6,7,8,9,12	46	31609540	1.4552568623270062e-06
1	block2x2	mask_13cb	0,1,3,6,7,8,9,12	9	31609540	2.8472416871615339e-07
1	block2x2	mask_13cd	0,2,3,6,7,8,9,12	88	31609540	2.7839696496690555e-06
1	block2x2	mask_13ce	1,2,3,6,7,8,9,12	634	31609540	2.0057235885115695e-05
1	block2x2	mask_13d3	0,1,4,6,7,8,9,12	1321	31609540	4.1791180763782076e-05
1	block2x2	mask_13d5	0,2,4,6,7,8,9,12	98	31609540	3.1003298371314484e-06
1	block2x2	mask_13d6	1,2,4,6,7,8,9,12	227	31609540	7.1813762553963135e-06
1	block2x2	mask_13d9	0,3,4,6,7,8,9,12	4	31609540	1.2654407498495707e-07
1	block2x2	mask_13da	1,3,4,6,7,8,9,12	90	31609540	2.847241687161534e-06
1	block2x2	mask_13dc	2,3,4,6,7,8,9,12	18	31609540	5.6944833743230678e-07
1	block2x2	mask_13e3	0,1,5,6,7,8,9,12	1812	31609540	5.7324465968185554e-05
1	block2x2	mask_13e5	0,2,5,6,7,8,9,12	609	31609540	1.9266335416459715e-05
1	block2x2	mask_13e6	1,2,5,6,7,8,9,12	2239	31609540	7.0833045972829728e-05
1	block2x2	mask_13e9	0,3,5,6,7,8,9,12	42	31609540	1.3287127873420493e-06
1	block2x2	mask_13ea	1,3,5,6,7,8,9,12	99	31609540	3.1319658558776877e-06
1	block2x2	mask_13ec	2,3,5,6,7,8,9,12	1013	31609540	3.2047286989940378e-05
1	block2x2	mask_13f1	0,4,5,6,7,8,9,12	7502	31609540	0.00023733341263428698
1	block2x2	mask_13f2	1,4,5,6,7,8,9,12	5653	31609540	0.00017883841397249058
1	block2x2	mask_13f4	2,4,5,6,7,8,9,12	1422	31609540	4.4986418657152239e-05
1	block2x2	mask_13f8	3,4,5,6,7,8,9,12	160	31609540	5.061762999398283e-06
1	block2x2	mask_143f	0,1,2,3,4,5,10,12	3841	31609540	0.00012151394800430503
1	block2x2	mask_145f	0,1,2,3,4,6,10,12	961	31609540	3.0402214015135937e-05
1	block2x2	mask_146f	0,1,2,3,5,6,10,12	1410	31609540	4.4606786432197365e-05
1	block2x2	mask_147b	0,1,3,4,5,6,10,12	3434	31609540	0.00010863808837458564
1	block2x2	mask_147d	0,2,3,4,5,6,10,12	132	31609540	4.1759544745035833e-06
1	block2x2	mask_147e	1,2,3,4,5,6,10,12	2098	31609540	6.6372367329609988e-05
1	block2x2	mask_149f	0,1,2,3,4,7,10,12	56	31609540	1.7716170497893989e-06
1	block2x2	mask_14af	0,1,2,3,5,7,10,12	62	31609540	1.9614331622668346e-06
1	block2x2	mask_14b7	0,1,2,4,5,7,10,12	1078	31609540	3.4103628208445931e-05
1	block2x2	mask_14bb	0,1,3,4,5,7,10,12	19	31609540	6.0108435617854613e-07
1	block2x2	mask_14bd	0,2,3,4,5,7,10,12	21	31609540	6.6435639367102463e-07
1	block2x2	mask_14be	1,2,3,4,5,7,10,12	123	31609540	3.89123030578743e-06
1	block2x2	mask_14cf	0,1,2,3,6,7,10,12	2245	31609540	7.1022862085307151e-05
1	block2x2	mask_14d7	0,1,2,4,6,7,10,12	186	31609540	5.8842994868005035e-06
1	block2x2	mask_14db	0,1,3,4,6,7,10,12	167	31609540	5.2832151306219578e-06
1	block2x2	mask_14dd	0,2,3,4,6,7,10,12	16	31609540	5.0617629993982828e-07
1	block2x2	mask_14de	1,2,3,4,6,7,10,12	3846	31609540	0.00012167212809803623
1	block2x2	mask_14e7	0,1,2,5,6,7,10,12	620	31609540	1.9614331622668347e-05
1	block2x2	mask_14eb	0,1,3,5,6,7,10,12	139	31609540	4.397406605727258e-06
1	block2x2	mask_14ed	0,2,3,5,6,7,10,12	1261	31609540	3.9893019639007718e-05
1	block2x2	mask_14ee	1,2,3,5,6,7,10,12	13553	31609540	0.00042876296206778081
1	block2x2	mask_14f3	0,1,4,5,6,7,10,12	1781	31609540	5.6343749387052133e-05
1	block2x2	mask_14f5	0,2,4,5,6,7,10,12	42	31609540	1.3287127873420493e-06
1	block2x2	mask_14f6	1,2,4,5,6,7,10,12	819	31609540	2.5909899353169962e-05
1	block2x2	mask_14f9	0,3,4,5,6,7,10,12	25	31609540	7.9090046865598173e-07
1	block2x2	mask_14fa	1,3,4,5,6,7,10,12	157	31609540	4.9668549431595653e-06
1	block2x2	mask_14fc	2,3,4,5,6,7,10,12	915	31609540	2.894695715280893e-05
1	block2x2	mask_151f	0,1,2,3,4,8,10,12	616	31609540	1.948778754768339e-05
1	block2x2	mask_152f	0,1,2,3,5,8,10,12	439	31609540	1.3888212229599039e-05
1	block2x2	mask_153e	1,2,3,4,5,8,10,12	393	31609540	1.2432955367272032e-05
1	block2x2	mask_154f	0,1,2,3,6,8,10,12	81	31609540	2.5625175184453808e-06
1	block2x2	mask_155b	0,1,3,4,6,8,10,12	2473	31609540	7.823587435944971e-05
1	block2x2	mask_155d	0,2,3,4,6,8,10,12	3	31609540	9.490805623871781e-08
1	block2x2	mask_155e	1,2,3,4,6,8,10,12	112	31609540	3.5432340995787979e-06
1	block2x2	mask_156b	0,1,3,5,6,8,10,12	296	31609540	9.3642615488868241e-06
1	block2x2	mask_156d	0,2,3,5,6,8,10,12	104	31609540	3.2901459496088839e-06
1	block2x2	mask_156e	1,2,3,5,6,8,10,12	291	31609540	9.2060814551556271e-06
1	block2x2	mask_1579	0,3,4,5,6,8,10,12	645	31609540	2.0405232091324328e-05
1	block2x2	mask_157a	1,3,4,5,6,8,10,12	1004	31609540	3.1762562821224229e-05
1	block2x2	mask_157c	2,3,4,5,6,8,10,12	79	31609540	2.4992454809529023e-06
1	block2x2	mask_158f	0,1,2,3,7,8,10,12	4	31609540	1.2654407498495707e-07
1	block2x2	mask_1597	0,1,2,4,7,8,10,12	250	31609540	7.9090046865598171e-06
1	block2x2	mask_159b	0,1,3,4,7,8,10,12	2	31609540	6.3272037492478535e-08
1	block2x2	mask_159e	1,2,3,4,7,8,10,12	8	31609540	2.5308814996991414e-07
1	block2x2	mask_15a7	0,1,2,5,7,8,10,12	46	31609540	1.4552568623270062e-06
1	block2x2	mask_15ad	0,2,3,5,7,8,10,12	17	31609540	5.3781231868606753e-07
1	block2x2	mask_15ae	1,2,3,5,7,8,10,12	5	31609540	1.5818009373119635e-07
1	block2x2	mask_15b3	0,1,4,5,7,8,10,12	1463	31609540	4.6283495425748051e-05
1	block2x2	mask_15b5	0,2,4,5,7,8,10,12	74	31609540	2.341065387221706e-06
1	block2x2	mask_15b6	1,2,4,5,7,8,10,12	141	31609540	4.4606786432197365e-06
1	block2x2	mask_15b9	0,3,4,5,7,8,10,12	1	31609540	3.1636018746239268e-08
1	block2x2	mask_15ba	1,3,4,5,7,8,10,12	1	31609540	3.1636018746239268e-08
1	block2x2	mask_15bc	2,3,4,5,7,8,10,12	6	31609540	1.8981611247743562e-07
1	block2x2	mask_15c7	0,1,2,6,7,8,10,12	19	31609540	6.0108435617854613e-07
1	block2x2	mask_15cb	0,1,3,6,7,8,10,12	3	31609540	9.490805623871781e-08
1	block2x2	mask_15cd	0,2,3,6,7,8,10,12	33	31609540	1.0439886186258958e-06
1	block2x2	mask_15ce	1,2,3,6,7,8,10,12	203	31609540	6.4221118054865716e-06
1	block2x2	mask_15d3	0,1,4,6,7,8,10,12	617	31609540	1.9519423566429629e-05
1	block2x2	mask_15d5	0,2,4,6,7,8,10,12	1	31609540	3.1636018746239268e-08
1	block2x2	mask_15d6	1,2,4,6,7,8,10,12	31	31609540	9.8071658113341732e-07
1	block2x2	mask_15d9	0,3,4,6,7,8,10,12	1	31609540	3.1636018746239268e-08
1	block2x2	mask_15da	1,3,4,6,7,8,10,12	13	31609540	4.1126824370111049e-07
1	block2x2	mask_15dc	2,3,4,6,7,8,10,12	6	31609540	1.8981611247743562e-07
1	block2x2	mask_15e3	0,1,5,6,7,8,10,12	181	31609540	5.7261193930693073e-06
1	block2x2	mask_15e5	0,2,5,6,7,8,10,12	39	31609540	1.2338047311033315e-06
1	block2x2	mask_15e6	1,2,5,6,7,8,10,12	278	31609540	8.794813211454516e-06
1	block2x2	mask_15e9	0,3,5,6,7,8,10,12	11	31609540	3.4799620620863194e-07
1	block2x2	mask_15ea	1,3,5,6,7,8,10,12	54	31609540	1.7083450122969204e-06
1	block2x2	mask_15ec	2,3,5,6,7,8,10,12	155	31609540	4.9035829056670868e-06
1	block2x2	mask_15f1	0,4,5,6,7,8,10,12	378	31609540	1.1958415086078444e-05
1	block2x2	mask_15f2	1,4,5,6,7,8,10,12	625	31609540	1.9772511716399543e-05
1	block2x2	mask_15f4	2,4,5,6,7,8,10,12	64	31609540	2.0247051997593131e-06
1	block2x2	mask_15f8	3,4,5,6,7,8,10,12	25	31609540	7.9090046865598173e-07
1	block2x2	mask_164f	0,1,2,3,6,9,10,12	42	31609540	1.3287127873420493e-06
1	block2x2	mask_165b	0,1,3,4,6,9,10,12	136	31609540	4.3024985494885403e-06
1	block2x2	mask_165d	0,2,3,4,6,9,10,12	20	31609540	6.3272037492478538e-07
1	block2x2	mask_165e	1,2,3,4,6,9,10,12	170	31609540	5.3781231868606755e-06
1	block2x2	mask_166b	0,1,3,5,6,9,10,12	345	31609540	1.0914426467452548e-05
1	block2x2	mask_166d	0,2,3,5,6,9,10,12	310	31609540	9.8071658113341736e-06
1	block2x2	mask_166e	1,2,3,5,6,9,10,12	1439	31609540	4.5524230975838309e-05
1	block2x2	mask_167a	1,3,4,5,6,9,10,12	529	31609540	1.6735453916760571e-05
1	block2x2	mask_167c	2,3,4,5,6,9,10,12	375	31609540	1.1863507029839726e-05
1	block2x2	mask_168f	0,1,2,3,7,9,10,12	5	31609540	1.5818009373119635e-07
1	block2x2	mask_1697	0,1,2,4,7,9,10,12	44	31609540	1.3919848248345278e-06
1	block2x2	mask_169b	0,1,3,4,7,9,10,12	3	31609540	9.490805623871781e-08
1	block2x2	mask_169e	1,2,3,4,7,9,10,12	2	31609540	6.3272037492478535e-08
1	block2x2	mask_16a7	0,1,2,5,7,9,10,12	93	31609540	2.9421497434002517e-06
1	block2x2	mask_16ab	0,1,3,5,7,9,10,12	3	31609540	9.490805623871781e-08
1	block2x2	mask_16ad	0,2,3,5,7,9,10,12	79	31609540	2.4992454809529023e-06
1	block2x2	mask_16ae	1,2,3,5,7,9,10,12	113	31609540	3.5748701183250371e-06
1	block2x2	mask_16b3	0,1,4,5,7,9,10,12	1540	31609540	4.8719468869208472e-05
1	block2x2	mask_16b5	0,2,4,5,7,9,10,12	61	31609540	1.9297971435205954e-06
1	block2x2	mask_16b6	1,2,4,5,7,9,10,12	177	31609540	5.5995753180843503e-06
1	block2x2	mask_16b9	0,3,4,5,7,9,10,12	4	31609540	1.2654407498495707e-07
1	block2x2	mask_16ba	1,3,4,5,7,9,10,12	12	31609540	3.7963222495487124e-07
1	block2x2	mask_16bc	2,3,4,5,7,9,10,12	22	31609540	6.9599241241726388e-07
1	block2x2	mask_16c7	0,1,2,6,7,9,10,12	50	31609540	1.5818009373119635e-06
1	block2x2	mask_16cb	0,1,3,6,7,9,10,12	19	31609540	6.0108435617854613e-07
1	block2x2	mask_16cd	0,2,3,6,7,9,10,12	265	31609540	8.3835449677534066e-06
1	block2x2	mask_16ce	1,2,3,6,7,9,10,12	1859	31609540	5.8811358849258797e-05
1	block2x2	mask_16d3	0,1,4,6,7,9,10,12	112	31609540	3.5432340995787979e-06
1	block2x2	mask_16d5	0,2,4,6,7,9,10,12	9	31609540	2.8472416871615339e-07
1	block2x2	mask_16d6	1,2,4,6,7,9,10,12	81	31609540	2.5625175184453808e-06
1	block2x2	mask_16d9	0,3,4,6,7,9,10,12	2	31609540	6.3272037492478535e-08
1	block2x2	mask_16da	1,3,4,6,7,9,10,12	38	31609540	1.2021687123570923e-06
1	block2x2	mask_16dc	2,3,4,6,7,9,10,12	122	31609540	3.8595942870411908e-06
1	block2x2	mask_16e3	0,1,5,6,7,9,10,12	902	31609540	2.853568890910782e-05
1	block2x2	mask_16e5	0,2,5,6,7,9,10,12	372	31609540	1.1768598973601007e-05
1	block2x2	mask_16e6	1,2,5,6,7,9,10,12	3089	31609540	9.7723661907133093e-05
1	block2x2	mask_16e9	0,3,5,6,7,9,10,12	41	31609540	1.29707676859581e-06
1	block2x2	mask_16ea	1,3,5,6,7,9,10,12	652	31609540	2.0626684222548003e-05
1	block2x2	mask_16ec	2,3,5,6,7,9,10,12	2415	31609540	7.6400985272167835e-05
1	block2x2	mask_16f1	0,4,5,6,7,9,10,12	525	31609540	1.6608909841775614e-05
1	block2x2	mask_16f2	1,4,5,6,7,9,10,12	1689	31609540	5.3433235662398126e-05
1	block2x2	mask_16f4	2,4,5,6,7,9,10,12	772	31609540	2.4423006472096716e-05
1	block2x2	mask_16f8	3,4,5,6,7,9,10,12	141	31609540	4.4606786432197365e-06
1	block2x2	mask_174d	0,2,3,6,8,9,10,12	1	31609540	3.1636018746239268e-08
1	block2x2	mask_174e	1,2,3,6,8,9,10,12	6	31609540	1.8981611247743562e-07
1	block2x2	mask_176c	2,3,5,6,8,9,10,12	113	31609540	3.5748701183250371e-06
1	block2x2	mask_1793	0,1,4,7,8,9,10,12	214	31609540	6.7701080116952033e-06
1	block2x2	mask_1795	0,2,4,7,8,9,10,12	5	31609540	1.5818009373119635e-07
1	block2x2	mask_1796	1,2,4,7,8,9,10,12	12	31609540	3.7963222495487124e-07
1	block2x2	mask_179a	1,3,4,7,8,9,10,12	1	31609540	3.1636018746239268e-08
1	block2x2	mask_17a3	0,1,5,7,8,9,10,12	116	31609540	3.6697781745637553e-06
1	block2x2	mask_17a5	0,2,5,7,8,9,10,12	22	31609540	6.9599241241726388e-07
1	block2x2	mask_17a6	1,2,5,7,8,9,10,12	32	31609540	1.0123525998796566e-06
1	block2x2	mask_17a9	0,3,5,7,8,9,10,12	2	31609540	6.3272037492478535e-08
1	block2x2	mask_17aa	1,3,5,7,8,9,10,12	7	31609540	2.2145213122367487e-07
1	block2x2	mask_17ac	2,3,5,7,8,9,10,12	6	31609540	1.8981611247743562e-07
1	block2x2	mask_17b1	0,4,5,7,8,9,10,12	1646	31609540	5.2072886856309838e-05
1	block2x2	mask_17b2	1,4,5,7,8,9,10,12	1278	31609540	4.0430831957693788e-05
1	block2x2	mask_17b4	2,4,5,7,8,9,10,12	170	31609540	5.3781231868606755e-06
1	block2x2	mask_17b8	3,4,5,7,8,9,10,12	18	31609540	5.6944833743230678e-07
1	block2x2	mask_17c3	0,1,6,7,8,9,10,12	20	31609540	6.3272037492478538e-07
1	block2x2	mask_17c5	0,2,6,7,8,9,10,12	6	31609540	1.8981611247743562e-07
1	block2x2	mask_17c6	1,2,6,7,8,9,10,12	21	31609540	6.6435639367102463e-07
1	block2x2	mask_17c9	0,3,6,7,8,9,10,12	2	31609540	6.3272037492478535e-08
1	block2x2	mask_17ca	1,3,6,7,8,9,10,12	11	31609540	3.4799620620863194e-07
1	block2x2	mask_17cc	2,3,6,7,8,9,10,12	269	31609540	8.5100890427383636e-06
1	block2x2	mask_17d1	0,4,6,7,8,9,10,12	88	31609540	2.7839696496690555e-06
1	block2x2	mask_17d2	1,4,6,7,8,9,10,12	121	31609540	3.8279582682949515e-06
1	block2x2	mask_17d4	2,4,6,7,8,9,10,12	23	31609540	7.2762843116350312e-07
1	block2x2	mask_17d8	3,4,6,7,8,9,10,12	7	31609540	2.2145213122367487e-07
1	block2x2	mask_17e1	0,5,6,7,8,9,10,12	596	31609540	1.8855067172758605e-05
1	block2x2	mask_17e2	1,5,6,7,8,9,10,12	1545	31609540	4.8877648962939668e-05
1	block2x2	mask_17e4	2,5,6,7,8,9,10,12	1040	31609540	3.2901459496088838e-05
1	block2x2	mask_17e8	3,5,6,7,8,9,10,12	93	31609540	2.9421497434002517e-06
1	block2x2	mask_183f	0,1,2,3,4,5,11,12	293	31609540	9.2693534926481056e-06
1	block2x2	mask_185f	0,1,2,3,4,6,11,12	30	31609540	9.4908056238717807e-07
1	block2x2	mask_186f	0,1,2,3,5,6,11,12	53	31609540	1.6767089935506812e-06
1	block2x2	mask_1877	0,1,2,4,5,6,11,12	1732	31609540	5.4793584468486415e-05
1	block2x2	mask_187b	0,1,3,4,5,6,11,12	129	31609540	4.0810464182648655e-06
1	block2x2	mask_187d	0,2,3,4,5,6,11,12	6	31609540	1.8981611247743562e-07
1	block2x2	mask_187e	1,2,3,4,5,6,11,12	100	31609540	3.1636018746239269e-06
1	block2x2	mask_189f	0,1,2,3,4,7,11,12	57	31609540	1.8032530685356382e-06
1	block2x2	mask_18af	0,1,2,3,5,7,11,12	31	31609540	9.8071658113341732e-07
1	block2x2	mask_18b7	0,1,2,4,5,7,11,12	160	31609540	5.061762999398283e-06
1	block2x2	mask_18bb	0,1,3,4,5,7,11,12	1	31609540	3.1636018746239268e-08
1	block2x2	mask_18bd	0,2,3,4,5,7,11,12	58	31609540	1.8348890872818776e-06
1	block2x2	mask_18be	1,2,3,4,5,7,11,12	253	31609540	8.0039127427985356e-06
1	block2x2	mask_18cf	0,1,2,3,6,7,11,12	507	31609540	1.603946150434331e-05
1	block2x2	mask_18d7	0,1,2,4,6,7,11,12	49	31609540	1.5501649185657242e-06
1	block2x2	mask_18db	0,1,3,4,6,7,11,12	10	31609540	3.1636018746239269e-07
1	block2x2	mask_18dd	0,2,3,4,6,7,11,12	7	31609540	2.2145213122367487e-07
1	block2x2	mask_18de	1,2,3,4,6,7,11,12	2142	31609540	6.7764352154444518e-05
1	block2x2	mask_18e7	0,1,2,5,6,7,11,12	64	31609540	2.0247051997593131e-06
1	block2x2	mask_18eb	0,1,3,5,6,7,11,12	7	31609540	2.2145213122367487e-07
1	block2x2	mask_18ed	0,2,3,5,6,7,11,12	321	31609540	1.0155162017542804e-05
1	block2x2	mask_18ee	1,2,3,5,6,7,11,12	5845	31609540	0.00018491252957176851
1	block2x2	mask_18f3	0,1,4,5,6,7,11,12	132	31609540	4.1759544745035833e-06
1	block2x2	mask_18f5	0,2,4,5,6,7,11,12	10	31609540	3.1636018746239269e-07
1	block2x2	mask_18f6	1,2,4,5,6,7,11,12	189	31609540	5.9792075430392221e-06
1	block2x2	mask_18f9	0,3,4,5,6,7,11,12	3	31609540	9.490805623871781e-08
1	block2x2	mask_18fa	1,3,4,5,6,7,11,12	14	31609540	4.4290426244734973e-07
1	block2x2	mask_18fc	2,3,4,5,6,7,11,12	264	31609540	8.3519089490071665e-06
1	block2x2	mask_191f	0,1,2,3,4,8,11,12	68	31609540	2.1512492747442701e-06
1	block2x2	mask_192f	0,1,2,3,5,8,11,12	5	31609540	1.5818009373119635e-07
1	block2x2	mask_1937	0,1,2,4,5,8,11,12	410	31609540	1.29707676859581e-05
1	block2x2	mask_193b	0,1,3,4,5,8,11,12	14	31609540	4.4290426244734973e-07
1	block2x2	mask_193d	0,2,3,4,5,8,11,12	7	31609540	2.2145213122367487e-07
1	block2x2	mask_193e	1,2,3,4,5,8,11,12	15	31609540	4.7454028119358904e-07
1	block2x2	mask_194f	0,1,2,3,6,8,11,12	3	31609540	9.490805623871781e-08
1	block2x2	mask_1957	0,1,2,4,6,8,11,12	51	31609540	1.6134369560582027e-06
1	block2x2	mask_195b	0,1,3,4,6,8,11,12	70	31609540	2.2145213122367486e-06
1	block2x2	mask_195e	1,2,3,4,6,8,11,12	4	31609540	1.2654407498495707e-07
1	block2x2	mask_1967	0,1,2,5,6,8,11,12	35	31609540	1.1072606561183743e-06
1	block2x2	mask_196b	0,1,3,5,6,8,11,12	5	31609540	1.5818009373119635e-07
1	block2x2	mask_196d	0,2,3,5,6,8,11,12	3	31609540	9.490805623871781e-08
1	block2x2	mask_196e	1,2,3,5,6,8,11,12	19	31609540	6.0108435617854613e-07
1	block2x2	mask_1973	0,1,4,5,6,8,11,12	2958	31609540	9.3579343451375758e-05
1	block2x2	mask_1975	0,2,4,5,6,8,11,12	21	31609540	6.6435639367102463e-07
1	block2x2	mask_1976	1,2,4,5,6,8,11,12	170	31609540	5.3781231868606755e-06
1	block2x2	mask_1979	0,3,4,5,6,8,11,12	9	31609540	2.8472416871615339e-07
1	block2x2	mask_197a	1,3,4,5,6,8,11,12	24	31609540	7.5926444990974248e-07
1	block2x2	mask_197c	2,3,4,5,6,8,11,12	6	31609540	1.8981611247743562e-07
1	block2x2	mask_198f	0,1,2,3,7,8,11,12	14	31609540	4.4290426244734973e-07
1	block2x2	mask_1997	0,1,2,4,7,8,11,12	158	31609540	4.9984909619058046e-06
1	block2x2	mask_199e	1,2,3,4,7,8,11,12	15	31609540	4.7454028119358904e-07
1	block2x2	mask_19a7	0,1,2,5,7,8,11,12	7	31609540	2.2145213122367487e-07
1	block2x2	mask_19ad	0,2,3,5,7,8,11,12	57	31609540	1.8032530685356382e-06
1	block2x2	mask_19ae	1,2,3,5,7,8,11,12	2	31609540	6.3272037492478535e-08
1	block2x2	mask_19b3	0,1,4,5,7,8,11,12	12	31609540	3.7963222495487124e-07
1	block2x2	mask_19b5	0,2,4,5,7,8,11,12	9	31609540	2.8472416871615339e-07
1	block2x2	mask_19b6	1,2,4,5,7,8,11,12	14	31609540	4.4290426244734973e-07
1	block2x2	mask_19c7	0,1,2,6,7,8,11,12	5	31609540	1.5818009373119635e-07
1	block2x2	mask_19ce	1,2,3,6,7,8,11,12	27	31609540	8.5417250614846022e-07
1	block2x2	mask_19d3	0,1,4,6,7,8,11,12	61	31609540	1.9297971435205954e-06
1	block2x2	mask_19d6	1,2,4,6,7,8,11,12	7	31609540	2.2145213122367487e-07
1	block2x2	mask_19da	1,3,4,6,7,8,11,12	2	31609540	6.3272037492478535e-08
1	block2x2	mask_19e3	0,1,5,6,7,8,11,12	20	31609540	6.3272037492478538e-07
1	block2x2	mask_19e5	0,2,5,6,7,8,11,12	9	31609540	2.8472416871615339e-07
1	block2x2	mask_19e6	1,2,5,6,7,8,11,12	205	31609540	6.48538384297905e-06
1	block2x2	mask_19e9	0,3,5,6,7,8,11,12	1	31609540	3.1636018746239268e-08
1	block2x2	mask_19ea	1,3,5,6,7,8,11,12	2	31609540	6.3272037492478535e-08
1	block2x2	mask_19ec	2,3,5,6,7,8,11,12	81	31609540	2.5625175184453808e-06
1	block2x2	mask_19f1	0,4,5,6,7,8,11,12	22	31609540	6.9599241241726388e-07
1	block2x2	mask_19f2	1,4,5,6,7,8,11,12	28	31609540	8.8580852489469947e-07
1	block2x2	mask_19f4	2,4,5,6,7,8,11,12	13	31609540	4.1126824370111049e-07
1	block2x2	mask_19f8	3,4,5,6,7,8,11,12	4	31609540	1.2654407498495707e-07
1	block2x2	mask_1a1f	0,1,2,3,4,9,11,12	213	31609540	6.738471992948964e-06
1	block2x2	mask_1a2f	0,1,2,3,5,9,11,12	30	31609540	9.4908056238717807e-07
1	block2x2	mask_1a37	0,1,2,4,5,9,11,12	1672	31609540	5.2895423343712056e-05
1	block2x2	mask_1a3b	0,1,3,4,5,9,11,12	150	31609540	4.7454028119358906e-06
1	block2x2	mask_1a3d	0,2,3,4,5,9,11,12	19	31609540	6.0108435617854613e-07
1	block2x2	mask_1a3e	1,2,3,4,5,9,11,12	52	31609540	1.6450729748044419e-06
1	block2x2	mask_1a4f	0,1,2,3,6,9,11,12	4	31609540	1.2654407498495707e-07
1	block2x2	mask_1a57	0,1,2,4,6,9,11,12	53	31609540	1.6767089935506812e-06
1	block2x2	mask_1a5b	0,1,3,4,6,9,11,12	18	31609540	5.6944833743230678e-07
1	block2x2	mask_1a5e	1,2,3,4,6,9,11,12	9	31609540	2.8472416871615339e-07
1	block2x2	mask_1a67	0,1,2,5,6,9,11,12	132	31609540	4.1759544745035833e-06
1	block2x2	mask_1a6b	0,1,3,5,6,9,11,12	5	31609540	1.5818009373119635e-07
1	block2x2	mask_1a6d	0,2,3,5,6,9,11,12	26	31609540	8.2253648740222097e-07
1	block2x2	mask_1a6e	1,2,3,5,6,9,11,12	56	31609540	1.7716170497893989e-06
1	block2x2	mask_1a73	0,1,4,5,6,9,11,12	2652	31609540	8.3898721715026543e-05
1	block2x2	mask_1a75	0,2,4,5,6,9,11,12	114	31609540	3.6065061370712764e-06
1	block2x2	mask_1a76	1,2,4,5,6,9,11,12	365	31609540	1.1547146842377333e-05
1	block2x2	mask_1a79	0,3,4,5,6,9,11,12	6	31609540	1.8981611247743562e-07
1	block2x2	mask_1a7a	1,3,4,5,6,9,11,12	14	31609540	4.4290426244734973e-07
1	block2x2	mask_1a7c	2,3,4,5,6,9,11,12	5	31609540	1.5818009373119635e-07
1	block2x2	mask_1a97	0,1,2,4,7,9,11,12	4	31609540	1.2654407498495707e-07
1	block2x2	mask_1a9d	0,2,3,4,7,9,11,12	1	31609540	3.1636018746239268e-08
1	block2x2	mask_1a9e	1,2,3,4,7,9,11,12	152	31609540	4.8086748494283691e-06
1	block2x2	mask_1aa7	0,1,2,5,7,9,11,12	2	31609540	6.3272037492478535e-08
1	block2x2	mask_1aad	0,2,3,5,7,9,11,12	22	31609540	6.9599241241726388e-07
1	block2x2	mask_1aae	1,2,3,5,7,9,11,12	18	31609540	5.6944833743230678e-07
1	block2x2	mask_1ab3	0,1,4,5,7,9,11,12	31	31609540	9.8071658113341732e-07
1	block2x2	mask_1ab5	0,2,4,5,7,9,11,12	4	31609540	1.2654407498495707e-07
1	block2x2	mask_1ab6	1,2,4,5,7,9,11,12	10	31609540	3.1636018746239269e-07
1	block2x2	mask_1abc	2,3,4,5,7,9,11,12	13	31609540	4.1126824370111049e-07
1	block2x2	mask_1ac7	0,1,2,6,7,9,11,12	1	31609540	3.1636018746239268e-08
1	block2x2	mask_1acb	0,1,3,6,7,9,11,12	2	31609540	6.3272037492478535e-08
1	block2x2	mask_1acd	0,2,3,6,7,9,11,12	15	31609540	4.7454028119358904e-07
1	block2x2	mask_1ace	1,2,3,6,7,9,11,12	103	31609540	3.2585099308626446e-06
1	block2x2	mask_1ad3	0,1,4,6,7,9,11,12	8	31609540	2.5308814996991414e-07
1	block2x2	mask_1ad5	0,2,4,6,7,9,11,12	3	31609540	9.490805623871781e-08
1	block2x2	mask_1ad6	1,2,4,6,7,9,11,12	22	31609540	6.9599241241726388e-07
1	block2x2	mask_1ada	1,3,4,6,7,9,11,12	5	31609540	1.5818009373119635e-07
1	block2x2	mask_1adc	2,3,4,6,7,9,11,12	19	31609540	6.0108435617854613e-07
1	block2x2	mask_1ae3	0,1,5,6,7,9,11,12	53	31609540	1.6767089935506812e-06
1	block2x2	mask_1ae5	0,2,5,6,7,9,11,12	52	31609540	1.6450729748044419e-06
1	block2x2	mask_1ae6	1,2,5,6,7,9,11,12	603	31609540	1.9076519303982277e-05
1	block2x2	mask_1ae9	0,3,5,6,7,9,11,12	3	31609540	9.490805623871781e-08
1	block2x2	mask_1aea	1,3,5,6,7,9,11,12	15	31609540	4.7454028119358904e-07
1	block2x2	mask_1af1	0,4,5,6,7,9,11,12	28	31609540	8.8580852489469947e-07
1	block2x2	mask_1af2	1,4,5,6,7,9,11,12	48	31609540	1.518528899819485e-06
1	block2x2	mask_1af4	2,4,5,6,7,9,11,12	46	31609540	1.4552568623270062e-06
1	block2x2	mask_1af8	3,4,5,6,7,9,11,12	5	31609540	1.5818009373119635e-07
1	block2x2	mask_1b17	0,1,2,4,8,9,11,12	299	31609540	9.459169605125541e-06
1	block2x2	mask_1b1b	0,1,3,4,8,9,11,12	36	31609540	1.1388966748646136e-06
1	block2x2	mask_1b1d	0,2,3,4,8,9,11,12	5	31609540	1.5818009373119635e-07
1	block2x2	mask_1b1e	1,2,3,4,8,9,11,12	3	31609540	9.490805623871781e-08
1	block2x2	mask_1b27	0,1,2,5,8,9,11,12	13	31609540	4.1126824370111049e-07
1	block2x2	mask_1b2b	0,1,3,5,8,9,11,12	1	31609540	3.1636018746239268e-08
1	block2x2	mask_1b2d	0,2,3,5,8,9,11,12	3	31609540	9.490805623871781e-08
1	block2x2	mask_1b33	0,1,4,5,8,9,11,12	49985	31609540	0.0015813263970307699
1	block2x2	mask_1b35	0,2,4,5,8,9,11,12	264	31609540	8.3519089490071665e-06
1	block2x2	mask_1b36	1,2,4,5,8,9,11,12	314	31609540	9.9337098863191306e-06
1	block2x2	mask_1b39	0,3,4,5,8,9,11,12	4	31609540	1.2654407498495707e-07
1	block2x2	mask_1b3a	1,3,4,5,8,9,11,12	65	31609540	2.0563412185055524e-06
1	block2x2	mask_1b3c	2,3,4,5,8,9,11,12	7	31609540	2.2145213122367487e-07
1	block2x2	mask_1b47	0,1,2,6,8,9,11,12	2	31609540	6.3272037492478535e-08
1	block2x2	mask_1b53	0,1,4,6,8,9,11,12	115	31609540	3.638142155817516e-06
1	block2x2	mask_1b55	0,2,4,6,8,9,11,12	11	31609540	3.4799620620863194e-07
1	block2x2	mask_1b56	1,2,4,6,8,9,11,12	17	31609540	5.3781231868606753e-07
1	block2x2	mask_1b5a	1,3,4,6,8,9,11,12	2	31609540	6.3272037492478535e-08
1	block2x2	mask_1b63	0,1,5,6,8,9,11,12	292	31609540	9.2377174739018672e-06
1	block2x2	mask_1b65	0,2,5,6,8,9,11,12	27	31609540	8.5417250614846022e-07
1	block2x2	mask_1b66	1,2,5,6,8,9,11,12	1403	31609540	4.4385334300973693e-05
1	block2x2	mask_1b6a	1,3,5,6,8,9,11,12	1	31609540	3.1636018746239268e-08
1	block2x2	mask_1b6c	2,3,5,6,8,9,11,12	21	31609540	6.6435639367102463e-07
1	block2x2	mask_1b72	1,4,5,6,8,9,11,12	1202	31609540	3.8026494532979601e-05
1	block2x2	mask_1b74	2,4,5,6,8,9,11,12	299	31609540	9.459169605125541e-06
1	block2x2	mask_1b78	3,4,5,6,8,9,11,12	61	31609540	1.9297971435205954e-06
1	block2x2	mask_1b8e	1,2,3,7,8,9,11,12	1	31609540	3.1636018746239268e-08
1	block2x2	mask_1b93	0,1,4,7,8,9,11,12	1	31609540	3.1636018746239268e-08
1	block2x2	mask_1b9c	2,3,4,7,8,9,11,12	2	31609540	6.3272037492478535e-08
1	block2x2	mask_1ba3	0,1,5,7,8,9,11,12	2	31609540	6.3272037492478535e-08
1	block2x2	mask_1ba5	0,2,5,7,8,9,11,12	2	31609540	6.3272037492478535e-08
1	block2x2	mask_1ba6	1,2,5,7,8,9,11,12	2	31609540	6.3272037492478535e-08
1	block2x2	mask_1baa	1,3,5,7,8,9,11,12	1	31609540	3.1636018746239268e-08
1	block2x2	mask_1bb1	0,4,5,7,8,9,11,12	4	31609540	1.2654407498495707e-07
1	block2x2	mask_1bb2	1,4,5,7,8,9,11,12	3	31609540	9.490805623871781e-08
1	block2x2	mask_1bb4	2,4,5,7,8,9,11,12	5	31609540	1.5818009373119635e-07
1	block2x2	mask_1bc3	0,1,6,7,8,9,11,12	1	31609540	3.1636018746239268e-08
1	block2x2	mask_1bc6	1,2,6,7,8,9,11,12	4	31609540	1.2654407498495707e-07
1	block2x2	mask_1bca	1,3,6,7,8,9,11,12	1	31609540	3.1636018746239268e-08
1	block2x2	mask_1bcc	2,3,6,7,8,9,11,12	154	31609540	4.8719468869208476e-06
1	block2x2	mask_1bd1	0,4,6,7,8,9,11,12	6	31609540	1.8981611247743562e-07
1	block2x2	mask_1bd2	1,4,6,7,8,9,11,12	9	31609540	2.8472416871615339e-07
1	block2x2	mask_1bd4	2,4,6,7,8,9,11,12	1	31609540	3.1636018746239268e-08
1	block2x2	mask_1bd8	3,4,6,7,8,9,11,12	1	31609540	3.1636018746239268e-08
1	block2x2	mask_1be1	0,5,6,7,8,9,11,12	27	31609540	8.5417250614846022e-07
1	block2x2	mask_1be2	1,5,6,7,8,9,11,12	39	31609540	1.2338047311033315e-06
1	block2x2	mask_1be4	2,5,6,7,8,9,11,12	95	31609540	3.0054217808927307e-06
1	block2x2	mask_1c1f	0,1,2,3,4,10,11,12	16	31609540	5.0617629993982828e-07
1	block2x2	mask_1c2f	0,1,2,3,5,10,11,12	5	31609540	1.5818009373119635e-07
1	block2x2	mask_1c37	0,1,2,4,5,10,11,12	118	31609540	3.7330502120562338e-06
1	block2x2	mask_1c3b	0,1,3,4,5,10,11,12	22	31609540	6.9599241241726388e-07
1	block2x2	mask_1c3d	0,2,3,4,5,10,11,12	1	31609540	3.1636018746239268e-08
1	block2x2	mask_1c3e	1,2,3,4,5,10,11,12	17	31609540	5.3781231868606753e-07
1	block2x2	mask_1c4f	0,1,2,3,6,10,11,12	5	31609540	1.5818009373119635e-07
1	block2x2	mask_1c57	0,1,2,4,6,10,11,12	4	31609540	1.2654407498495707e-07
1	block2x2	mask_1c5b	0,1,3,4,6,10,11,12	26	31609540	8.2253648740222097e-07
1	block2x2	mask_1c5e	1,2,3,4,6,10,11,12	7	31609540	2.2145213122367487e-07
1	block2x2	mask_1c67	0,1,2,5,6,10,11,12	59	31609540	1.8665251060281169e-06
1	block2x2	mask_1c6b	0,1,3,5,6,10,11,12	2	31609540	6.3272037492478535e-08
1	block2x2	mask_1c6d	0,2,3,5,6,10,11,12	5	31609540	1.5818009373119635e-07
1	block2x2	mask_1c6e	1,2,3,5,6,10,11,12	354	31609540	1.1199150636168701e-05
1	block2x2	mask_1c73	0,1,4,5,6,10,11,12	608	31609540	1.9234699397713476e-05
1	block2x2	mask_1c75	0,2,4,5,6,10,11,12	7	31609540	2.2145213122367487e-07
1	block2x2	mask_1c76	1,2,4,5,6,10,11,12	155	31609540	4.9035829056670868e-06
1	block2x2	mask_1c79	0,3,4,5,6,10,11,12	2	31609540	6.3272037492478535e-08
1	block2x2	mask_1c7a	1,3,4,5,6,10,11,12	18	31609540	5.6944833743230678e-07
1	block2x2	mask_1c7c	2,3,4,5,6,10,11,12	30	31609540	9.4908056238717807e-07
1	block2x2	mask_1c8f	0,1,2,3,7,10,11,12	3	31609540	9.490805623871781e-08
1	block2x2	mask_1c97	0,1,2,4,7,10,11,12	18	31609540	5.6944833743230678e-07
1	block2x2	mask_1c9e	1,2,3,4,7,10,11,12	2	31609540	6.3272037492478535e-08
1	block2x2	mask_1ca7	0,1,2,5,7,10,11,12	4	31609540	1.2654407498495707e-07
1	block2x2	mask_1cad	0,2,3,5,7,10,11,12	15	31609540	4.7454028119358904e-07
1	block2x2	mask_1cae	1,2,3,5,7,10,11,12	16	31609540	5.0617629993982828e-07
1	block2x2	mask_1cb3	0,1,4,5,7,10,11,12	6	31609540	1.8981611247743562e-07
1	block2x2	mask_1cb6	1,2,4,5,7,10,11,12	7	31609540	2.2145213122367487e-07
1	block2x2	mask_1cba	1,3,4,5,7,10,11,12	1	31609540	3.1636018746239268e-08
1	block2x2	mask_1cbc	2,3,4,5,7,10,11,12	6	31609540	1.8981611247743562e-07
1	block2x2	mask_1cc7	0,1,2,6,7,10,11,12	53	31609540	1.6767089935506812e-06
1	block2x2	mask_1ccb	0,1,3,6,7,10,11,12	15	31609540	4.7454028119358904e-07
1	block2x2	mask_1ccd	0,2,3,6,7,10,11,12	180	31609540	5.694483374323068e-06
1	block2x2	mask_1cd3	0,1,4,6,7,10,11,12	9	31609540	2.8472416871615339e-07
1	block2x2	mask_1cd6	1,2,4,6,7,10,11,12	58	31609540	1.8348890872818776e-06
1	block2x2	mask_1cda	1,3,4,6,7,10,11,12	17	31609540	5.3781231868606753e-07
1	block2x2	mask_1cdc	2,3,4,6,7,10,11,12	380	31609540	1.2021687123570923e-05
1	block2x2	mask_1ce3	0,1,5,6,7,10,11,12	824	31609540	2.6068079446901157e-05
1	block2x2	mask_1ce5	0,2,5,6,7,10,11,12	213	31609540	6.738471992948964e-06
1	block2x2	mask_1ce6	1,2,5,6,7,10,11,12	1330	31609540	4.2075904932498225e-05
1	block2x2	mask_1ce9	0,3,5,6,7,10,11,12	15	31609540	4.7454028119358904e-07
1	block2x2	mask_1cf1	0,4,5,6,7,10,11,12	84	31609540	2.6574255746840985e-06
1	block2x2	mask_1cf2	1,4,5,6,7,10,11,12	121	31609540	3.8279582682949515e-06
1	block2x2	mask_1cf4	2,4,5,6,7,10,11,12	79	31609540	2.4992454809529023e-06
1	block2x2	mask_1cf8	3,4,5,6,7,10,11,12	35	31609540	1.1072606561183743e-06
1	block2x2	mask_1d17	0,1,2,4,8,10,11,12	50	31609540	1.5818009373119635e-06
1	block2x2	mask_1d1b	0,1,3,4,8,10,11,12	1	31609540	3.1636018746239268e-08
1	block2x2	mask_1d1d	0,2,3,4,8,10,11,12	1	31609540	3.1636018746239268e-08
1	block2x2	mask_1d1e	1,2,3,4,8,10,11,12	6	31609540	1.8981611247743562e-07
1	block2x2	mask_1d27	0,1,2,5,8,10,11,12	3	31609540	9.490805623871781e-08
1	block2x2	mask_1d2b	0,1,3,5,8,10,11,12	4	31609540	1.2654407498495707e-07
1	block2x2	mask_1d2d	0,2,3,5,8,10,11,12	2	31609540	6.3272037492478535e-08
1	block2x2	mask_1d2e	1,2,3,5,8,10,11,12	5	31609540	1.5818009373119635e-07
1	block2x2	mask_1d33	0,1,4,5,8,10,11,12	3923	31609540	0.00012410810154149664
1	block2x2	mask_1d35	0,2,4,5,8,10,11,12	12	31609540	3.7963222495487124e-07
1	block2x2	mask_1d36	1,2,4,5,8,10,11,12	35	31609540	1.1072606561183743e-06
1	block2x2	mask_1d39	0,3,4,5,8,10,11,12	1	31609540	3.1636018746239268e-08
1	block2x2	mask_1d3a	1,3,4,5,8,10,11,12	7	31609540	2.2145213122367487e-07
1	block2x2	mask_1d3c	2,3,4,5,8,10,11,12	2	31609540	6.3272037492478535e-08
1	block2x2	mask_1d4e	1,2,3,6,8,10,11,12	1	31609540	3.1636018746239268e-08
1	block2x2	mask_1d53	0,1,4,6,8,10,11,12	32	31609540	1.0123525998796566e-06
1	block2x2	mask_1d56	1,2,4,6,8,10,11,12	2	31609540	6.3272037492478535e-08
1	block2x2	mask_1d5a	1,3,4,6,8,10,11,12	1	31609540	3.1636018746239268e-08
1	block2x2	mask_1d63	0,1,5,6,8,10,11,12	76	31609540	2.4043374247141845e-06
1	block2x2	mask_1d65	0,2,5,6,8,10,11,12	6	31609540	1.8981611247743562e-07
1	block2x2	mask_1d66	1,2,5,6,8,10,11,12	506	31609540	1.6007825485597071e-05
1	block2x2	mask_1d6a	1,3,5,6,8,10,11,12	5	31609540	1.5818009373119635e-07
1	block2x2	mask_1d6c	2,3,5,6,8,10,11,12	22	31609540	6.9599241241726388e-07
1	block2x2	mask_1d72	1,4,5,6,8,10,11,12	176	31609540	5.567939299338111e-06
1	block2x2	mask_1d74	2,4,5,6,8,10,11,12	25	31609540	7.9090046865598173e-07
1	block2x2	mask_1d78	3,4,5,6,8,10,11,12	4	31609540	1.2654407498495707e-07
1	block2x2	mask_1da3	0,1,5,7,8,10,11,12	3	31609540	9.490805623871781e-08
1	block2x2	mask_1da6	1,2,5,7,8,10,11,12	2	31609540	6.3272037492478535e-08
1	block2x2	mask_1daa	1,3,5,7,8,10,11,12	1	31609540	3.1636018746239268e-08
1	block2x2	mask_1dac	2,3,5,7,8,10,11,12	3	31609540	9.490805623871781e-08
1	block2x2	mask_1db2	1,4,5,7,8,10,11,12	7	31609540	2.2145213122367487e-07
1	block2x2	mask_1db4	2,4,5,7,8,10,11,12	4	31609540	1.2654407498495707e-07
1	block2x2	mask_1dc3	0,1,6,7,8,10,11,12	9	31609540	2.8472416871615339e-07
1	block2x2	mask_1dc6	1,2,6,7,8,10,11,12	12	31609540	3.7963222495487124e-07
1	block2x2	mask_1dca	1,3,6,7,8,10,11,12	2	31609540	6.3272037492478535e-08
1	block2x2	mask_1dcc	2,3,6,7,8,10,11,12	110	31609540	3.4799620620863194e-06
1	block2x2	mask_1dd2	1,4,6,7,8,10,11,12	6	31609540	1.8981611247743562e-07
1	block2x2	mask_1dd4	2,4,6,7,8,10,11,12	1	31609540	3.1636018746239268e-08
1	block2x2	mask_1de1	0,5,6,7,8,10,11,12	138	31609540	4.3657705869810187e-06
1	block2x2	mask_1de2	1,5,6,7,8,10,11,12	193	31609540	6.1057516180241791e-06
1	block2x2	mask_1de4	2,5,6,7,8,10,11,12	66	31609540	2.0879772372517916e-06
1	block2x2	mask_1e17	0,1,2,4,9,10,11,12	233	31609540	7.3711923678737498e-06
1	block2x2	mask_1e1b	0,1,3,4,9,10,11,12	30	31609540	9.4908056238717807e-07
1	block2x2	mask_1e1d	0,2,3,4,9,10,11,12	2	31609540	6.3272037492478535e-08
1	block2x2	mask_1e1e	1,2,3,4,9,10,11,12	12	31609540	3.7963222495487124e-07
1	block2x2	mask_1e27	0,1,2,5,9,10,11,12	30	31609540	9.4908056238717807e-07
1	block2x2	mask_1e2b	0,1,3,5,9,10,11,12	3	31609540	9.490805623871781e-08
1	block2x2	mask_1e2d	0,2,3,5,9,10,11,12	2	31609540	6.3272037492478535e-08
1	block2x2	mask_1e2e	1,2,3,5,9,10,11,12	17	31609540	5.3781231868606753e-07
1	block2x2	mask_1e33	0,1,4,5,9,10,11,12	6696	31609540	0.00021183478152481813
1	block2x2	mask_1e35	0,2,4,5,9,10,11,12	53	31609540	1.6767089935506812e-06
1	block2x2	mask_1e36	1,2,4,5,9,10,11,12	244	31609540	7.7191885740823816e-06
1	block2x2	mask_1e39	0,3,4,5,9,10,11,12	2	31609540	6.3272037492478535e-08
1	block2x2	mask_1e3a	1,3,4,5,9,10,11,12	22	31609540	6.9599241241726388e-07
1	block2x2	mask_1e3c	2,3,4,5,9,10,11,12	6	31609540	1.8981611247743562e-07
1	block2x2	mask_1e47	0,1,2,6,9,10,11,12	4	31609540	1.2654407498495707e-07
1	block2x2	mask_1e4b	0,1,3,6,9,10,11,12	1	31609540	3.1636018746239268e-08
1	block2x2	mask_1e53	0,1,4,6,9,10,11,12	85	31609540	2.6890615934303378e-06
1	block2x2	mask_1e55	0,2,4,6,9,10,11,12	7	31609540	2.2145213122367487e-07
1	block2x2	mask_1e56	1,2,4,6,9,10,11,12	16	31609540	5.0617629993982828e-07
1	block2x2	mask_1e59	0,3,4,6,9,10,11,12	1	31609540	3.1636018746239268e-08
1	block2x2	mask_1e5a	1,3,4,6,9,10,11,12	6	31609540	1.8981611247743562e-07
1	block2x2	mask_1e5c	2,3,4,6,9,10,11,12	1	31609540	3.1636018746239268e-08
1	block2x2	mask_1e63	0,1,5,6,9,10,11,12	448	31609540	1.4172936398315192e-05
1	block2x2	mask_1e65	0,2,5,6,9,10,11,12	98	31609540	3.1003298371314484e-06
1	block2x2	mask_1e66	1,2,5,6,9,10,11,12	3922	31609540	0.0001240764655227504
1	block2x2	mask_1e69	0,3,5,6,9,10,11,12	9	31609540	2.8472416871615339e-07
1	block2x2	mask_1e6a	1,3,5,6,9,10,11,12	28	31609540	8.8580852489469947e-07
1	block2x2	mask_1e72	1,4,5,6,9,10,11,12	1684	31609540	5.3275055568666931e-05
1	block2x2	mask_1e74	2,4,5,6,9,10,11,12	487	31609540	1.5406741129418525e-05
1	block2x2	mask_1e78	3,4,5,6,9,10,11,12	32	31609540	1.0123525998796566e-06
1	block2x2	mask_1e93	0,1,4,7,9,10,11,12	8	31609540	2.5308814996991414e-07
1	block2x2	mask_1e96	1,2,4,7,9,10,11,12	1	31609540	3.1636018746239268e-08
1	block2x2	mask_1ea3	0,1,5,7,9,10,11,12	21	31609540	6.6435639367102463e-07
1	block2x2	mask_1ea5	0,2,5,7,9,10,11,12	4	31609540	1.2654407498495707e-07
1	block2x2	mask_1ea6	1,2,5,7,9,10,11,12	11	31609540	3.4799620620863194e-07
1	block2x2	mask_1ea9	0,3,5,7,9,10,11,12	1	31609540	3.1636018746239268e-08
1	block2x2	mask_1eb2	1,4,5,7,9,10,11,12	46	31609540	1.4552568623270062e-06
1	block2x2	mask_1eb4	2,4,5,7,9,10,11,12	8	31609540	2.5308814996991414e-07
1	block2x2	mask_1ec3	0,1,6,7,9,10,11,12	417	31609540	1.3192219817181776e-05
1	block2x2	mask_1ec5	0,2,6,7,9,10,11,12	43	31609540	1.3603488060882885e-06
1	block2x2	mask_1ec9	0,3,6,7,9,10,11,12	2	31609540	6.3272037492478535e-08
1	block2x2	mask_1ed2	1,4,6,7,9,10,11,12	135	31609540	4.270862530742301e-06
1	block2x2	mask_1ed4	2,4,6,7,9,10,11,12	73	31609540	2.3094293684754668e-06
1	block2x2	mask_1ee1	0,5,6,7,9,10,11,12	1206	31609540	3.8153038607964555e-05
1	block2x2	mask_1f13	0,1,4,8,9,10,11,12	1561	31609540	4.9383825262879496e-05
1	block2x2	mask_1f15	0,2,4,8,9,10,11,12	35	31609540	1.1072606561183743e-06
1	block2x2	mask_1f16	1,2,4,8,9,10,11,12	10	31609540	3.1636018746239269e-07
1	block2x2	mask_1f1a	1,3,4,8,9,10,11,12	2	31609540	6.3272037492478535e-08
1	block2x2	mask_1f1c	2,3,4,8,9,10,11,12	1	31609540	3.1636018746239268e-08
1	block2x2	mask_1f23	0,1,5,8,9,10,11,12	415	31609540	1.3128947779689295e-05
1	block2x2	mask_1f25	0,2,5,8,9,10,11,12	23	31609540	7.2762843116350312e-07
1	block2x2	mask_1f26	1,2,5,8,9,10,11,12	109	31609540	3.4483260433400801e-06
1	block2x2	mask_1f2a	1,3,5,8,9,10,11,12	4	31609540	1.2654407498495707e-07
1	block2x2	mask_1f2c	2,3,5,8,9,10,11,12	7	31609540	2.2145213122367487e-07
1	block2x2	mask_1f32	1,4,5,8,9,10,11,12	3342	31609540	0.00010572757464993163
1	block2x2	mask_1f34	2,4,5,8,9,10,11,12	156	31609540	4.9352189244133261e-06
1	block2x2	mask_1f43	0,1,6,8,9,10,11,12	7	31609540	2.2145213122367487e-07
1	block2x2	mask_1f45	0,2,6,8,9,10,11,12	1	31609540	3.1636018746239268e-08
1	block2x2	mask_1f46	1,2,6,8,9,10,11,12	23	31609540	7.2762843116350312e-07
1	block2x2	mask_1f4a	1,3,6,8,9,10,11,12	1	31609540	3.1636018746239268e-08
1	block2x2	mask_1f4c	2,3,6,8,9,10,11,12	31	31609540	9.8071658113341732e-07
1	block2x2	mask_1f52	1,4,6,8,9,10,11,12	92	31609540	2.9105137246540125e-06
1	block2x2	mask_1f54	2,4,6,8,9,10,11,12	47	31609540	1.4868928810732457e-06
1	block2x2	mask_1f62	1,5,6,8,9,10,11,12	2242	31609540	7.0927954029068439e-05
1	block2x2	mask_1f64	2,5,6,8,9,10,11,12	1060	31609540	3.3534179871013626e-05
1	block2x2	mask_1f83	0,1,7,8,9,10,11,12	1	31609540	3.1636018746239268e-08
1	block2x2	mask_1f8a	1,3,7,8,9,10,11,12	2	31609540	6.3272037492478535e-08
1	block2x2	mask_1f8c	2,3,7,8,9,10,11,12	46	31609540	1.4552568623270062e-06
1	block2x2	mask_1f92	1,4,7,8,9,10,11,12	3	31609540	9.490805623871781e-08
1	block2x2	mask_1f94	2,4,7,8,9,10,11,12	4	31609540	1.2654407498495707e-07
1	block2x2	mask_1fa2	1,5,7,8,9,10,11,12	108	31609540	3.4166900245938409e-06
1	block2x2	mask_1fa4	2,5,7,8,9,10,11,12	16	31609540	5.0617629993982828e-07
1	block2x2	mask_1fc2	1,6,7,8,9,10,11,12	99	31609540	3.1319658558776877e-06
1	block2x2	mask_1fc4	2,6,7,8,9,10,11,12	200	31609540	6.3272037492478538e-06
1	block2x2	mask_20bf	0,1,2,3,4,5,7,13	3960	31609540	0.00012527863423510751
1	block2x2	mask_20df	0,1,2,3,4,6,7,13	845	31609540	2.6732435840572181e-05
1	block2x2	mask_20f7	0,1,2,4,5,6,7,13	21475	31609540	0.00067938350257548826
1	block2x2	mask_20fb	0,1,3,4,5,6,7,13	656	31609540	2.075322829753296e-05
1	block2x2	mask_20fd	0,2,3,4,5,6,7,13	839	31609540	2.6542619728094747e-05
1	block2x2	mask_20fe	1,2,3,4,5,6,7,13	13812	31609540	0.00043695669092305679
1	block2x2	mask_219f	0,1,2,3,4,7,8,13	23	31609540	7.2762843116350312e-07
1	block2x2	mask_21af	0,1,2,3,5,7,8,13	728	31609540	2.3031021647262186e-05
1	block2x2	mask_21b7	0,1,2,4,5,7,8,13	12240	31609540	0.00038722486945396865
1	block2x2	mask_21bb	0,1,3,4,5,7,8,13	310	31609540	9.8071658113341736e-06
1	block2x2	mask_21bd	0,2,3,4,5,7,8,13	80	31609540	2.5308814996991415e-06
1	block2x2	mask_21be	1,2,3,4,5,7,8,13	231	31609540	7.3079203303812713e-06
1	block2x2	mask_21cf	0,1,2,3,6,7,8,13	1701	31609540	5.3812867887352994e-05
1	block2x2	mask_21d7	0,1,2,4,6,7,8,13	296	31609540	9.3642615488868241e-06
1	block2x2	mask_21db	0,1,3,4,6,7,8,13	47	31609540	1.4868928810732457e-06
1	block2x2	mask_21dd	0,2,3,4,6,7,8,13	12	31609540	3.7963222495487124e-07
1	block2x2	mask_21de	1,2,3,4,6,7,8,13	773	31609540	2.4454642490842955e-05
1	block2x2	mask_21e7	0,1,2,5,6,7,8,13	1655	31609540	5.2357611025025987e-05
1	block2x2	mask_21eb	0,1,3,5,6,7,8,13	139	31609540	4.397406605727258e-06
1	block2x2	mask_21ed	0,2,3,5,6,7,8,13	1690	31609540	5.3464871681144361e-05
1	block2x2	mask_21ee	1,2,3,5,6,7,8,13	12080	31609540	0.00038216310645457034
1	block2x2	mask_21f3	0,1,4,5,6,7,8,13	11337	31609540	0.00035865754452611459
1	block2x2	mask_21f5	0,2,4,5,6,7,8,13	294	31609540	9.3009895113943457e-06
1	block2x2	mask_21f6	1,2,4,5,6,7,8,13	2729	31609540	8.6334695158486957e-05
1	block2x2	mask_21f9	0,3,4,5,6,7,8,13	35	31609540	1.1072606561183743e-06
1	block2x2	mask_21fa	1,3,4,5,6,7,8,13	70	31609540	2.2145213122367486e-06
1	block2x2	mask_21fc	2,3,4,5,6,7,8,13	653	31609540	2.0658320241294242e-05
1	block2x2	mask_229f	0,1,2,3,4,7,9,13	164	31609540	5.18830707438324e-06
1	block2x2	mask_22bb	0,1,3,4,5,7,9,13	72	31609540	2.2777933497292271e-06
1	block2x2	mask_22bd	0,2,3,4,5,7,9,13	370	31609540	1.1705326936108528e-05
1	block2x2	mask_22be	1,2,3,4,5,7,9,13	782	31609540	2.4739366659559107e-05
1	block2x2	mask_22d7	0,1,2,4,6,7,9,13	382	31609540	1.2084959161063401e-05
1	block2x2	mask_22db	0,1,3,4,6,7,9,13	52	31609540	1.6450729748044419e-06
1	block2x2	mask_22dd	0,2,3,4,6,7,9,13	62	31609540	1.9614331622668346e-06
1	block2x2	mask_22de	1,2,3,4,6,7,9,13	2721	31609540	8.608160700851705e-05
1	block2x2	mask_22f3	0,1,4,5,6,7,9,13	4342	31609540	0.0001373635933961709
1	block2x2	mask_22f5	0,2,4,5,6,7,9,13	1149	31609540	3.6349785539428922e-05
1	block2x2	mask_22f6	1,2,4,5,6,7,9,13	3460	31609540	0.00010946062486198786
1	block2x2	mask_22f9	0,3,4,5,6,7,9,13	127	31609540	4.017774380772387e-06
1	block2x2	mask_22fa	1,3,4,5,6,7,9,13	235	31609540	7.4344644053662283e-06
1	block2x2	mask_22fc	2,3,4,5,6,7,9,13	3296	31609540	0.00010427231778760463
1	block2x2	mask_238f	0,1,2,3,7,8,9,13	26	31609540	8.2253648740222097e-07
1	block2x2	mask_239b	0,1,3,4,7,8,9,13	1	31609540	3.1636018746239268e-08
1	block2x2	mask_239d	0,2,3,4,7,8,9,13	7	31609540	2.2145213122367487e-07
1	block2x2	mask_239e	1,2,3,4,7,8,9,13	73	31609540	2.3094293684754668e-06
1	block2x2	mask_23ab	0,1,3,5,7,8,9,13	4	31609540	1.2654407498495707e-07
1	block2x2	mask_23ad	0,2,3,5,7,8,9,13	210	31609540	6.6435639367102463e-06
1	block2x2	mask_23ae	1,2,3,5,7,8,9,13	190	31609540	6.0108435617854613e-06
1	block2x2	mask_23b9	0,3,4,5,7,8,9,13	13	31609540	4.1126824370111049e-07
1	block2x2	mask_23ba	1,3,4,5,7,8,9,13	11	31609540	3.4799620620863194e-07
1	block2x2	mask_23bc	2,3,4,5,7,8,9,13	97	31609540	3.0686938183852092e-06
1	block2x2	mask_23c7	0,1,2,6,7,8,9,13	54	31609540	1.7083450122969204e-06
1	block2x2	mask_23cb	0,1,3,6,7,8,9,13	5	31609540	1.5818009373119635e-07
1	block2x2	mask_23cd	0,2,3,6,7,8,9,13	210	31609540	6.6435639367102463e-06
1	block2x2	mask_23ce	1,2,3,6,7,8,9,13	650	31609540	2.0563412185055523e-05
1	block2x2	mask_23d6	1,2,4,6,7,8,9,13	68	31609540	2.1512492747442701e-06
1	block2x2	mask_23d9	0,3,4,6,7,8,9,13	1	31609540	3.1636018746239268e-08
1	block2x2	mask_23da	1,3,4,6,7,8,9,13	22	31609540	6.9599241241726388e-07
1	block2x2	mask_23dc	2,3,4,6,7,8,9,13	61	31609540	1.9297971435205954e-06
1	block2x2	mask_23e5	0,2,5,6,7,8,9,13	250	31609540	7.9090046865598171e-06
1	block2x2	mask_23e6	1,2,5,6,7,8,9,13	1313	31609540	4.1538092613812162e-05
1	block2x2	mask_23e9	0,3,5,6,7,8,9,13	50	31609540	1.5818009373119635e-06
1	block2x2	mask_23ea	1,3,5,6,7,8,9,13	123	31609540	3.89123030578743e-06
1	block2x2	mask_23ec	2,3,5,6,7,8,9,13	1753	31609540	5.5457940862157438e-05
1	block2x2	mask_249f	0,1,2,3,4,7,10,13	4	31609540	1.2654407498495707e-07
1	block2x2	mask_24b7	0,1,2,4,5,7,10,13	604	31609540	1.9108155322728519e-05
1	block2x2	mask_24bb	0,1,3,4,5,7,10,13	17	31609540	5.3781231868606753e-07
1	block2x2	mask_24bd	0,2,3,4,5,7,10,13	14	31609540	4.4290426244734973e-07
1	block2x2	mask_24be	1,2,3,4,5,7,10,13	65	31609540	2.0563412185055524e-06
1	block2x2	mask_24d7	0,1,2,4,6,7,10,13	92	31609540	2.9105137246540125e-06
1	block2x2	mask_24db	0,1,3,4,6,7,10,13	14	31609540	4.4290426244734973e-07
1	block2x2	mask_24dd	0,2,3,4,6,7,10,13	36	31609540	1.1388966748646136e-06
1	block2x2	mask_24de	1,2,3,4,6,7,10,13	2336	31609540	7.3901739791214937e-05
1	block2x2	mask_24f3	0,1,4,5,6,7,10,13	1578	31609540	4.9921637581565565e-05
1	block2x2	mask_24f5	0,2,4,5,6,7,10,13	128	31609540	4.0494103995186263e-06
1	block2x2	mask_24f6	1,2,4,5,6,7,10,13	1727	31609540	5.4635404374755219e-05
1	block2x2	mask_24f9	0,3,4,5,6,7,10,13	24	31609540	7.5926444990974248e-07
1	block2x2	mask_24fa	1,3,4,5,6,7,10,13	221	31609540	6.991560142918878e-06
1	block2x2	mask_24fc	2,3,4,5,6,7,10,13	2208	31609540	6.98523293916963e-05
1	block2x2	mask_2597	0,1,2,4,7,8,10,13	2	31609540	6.3272037492478535e-08
1	block2x2	mask_259e	1,2,3,4,7,8,10,13	1	31609540	3.1636018746239268e-08
1	block2x2	mask_25a7	0,1,2,5,7,8,10,13	14	31609540	4.4290426244734973e-07
1	block2x2	mask_25ab	0,1,3,5,7,8,10,13	1	31609540	3.1636018746239268e-08
1	block2x2	mask_25ad	0,2,3,5,7,8,10,13	5	31609540	1.5818009373119635e-07
1	block2x2	mask_25ae	1,2,3,5,7,8,10,13	7	31609540	2.2145213122367487e-07
1	block2x2	mask_25b6	1,2,4,5,7,8,10,13	20	31609540	6.3272037492478538e-07
1	block2x2	mask_25b9	0,3,4,5,7,8,10,13	2	31609540	6.3272037492478535e-08
1	block2x2	mask_25ba	1,3,4,5,7,8,10,13	3	31609540	9.490805623871781e-08
1	block2x2	mask_25bc	2,3,4,5,7,8,10,13	3	31609540	9.490805623871781e-08
1	block2x2	mask_25c7	0,1,2,6,7,8,10,13	6	31609540	1.8981611247743562e-07
1	block2x2	mask_25cb	0,1,3,6,7,8,10,13	2	31609540	6.3272037492478535e-08
1	block2x2	mask_25cd	0,2,3,6,7,8,10,13	31	31609540	9.8071658113341732e-07
1	block2x2	mask_25ce	1,2,3,6,7,8,10,13	211	31609540	6.6751999554564855e-06
1	block2x2	mask_25d3	0,1,4,6,7,8,10,13	12	31609540	3.7963222495487124e-07
1	block2x2	mask_25d5	0,2,4,6,7,8,10,13	3	31609540	9.490805623871781e-08
1	block2x2	mask_25d6	1,2,4,6,7,8,10,13	12	31609540	3.7963222495487124e-07
1	block2x2	mask_25da	1,3,4,6,7,8,10,13	4	31609540	1.2654407498495707e-07
1	block2x2	mask_25dc	2,3,4,6,7,8,10,13	13	31609540	4.1126824370111049e-07
1	block2x2	mask_25e3	0,1,5,6,7,8,10,13	118	31609540	3.7330502120562338e-06
1	block2x2	mask_25e5	0,2,5,6,7,8,10,13	32	31609540	1.0123525998796566e-06
1	block2x2	mask_25e6	1,2,5,6,7,8,10,13	281	31609540	8.8897212676932346e-06
1	block2x2	mask_25e9	0,3,5,6,7,8,10,13	19	31609540	6.0108435617854613e-07
1	block2x2	mask_25ea	1,3,5,6,7,8,10,13	97	31609540	3.0686938183852092e-06
1	block2x2	mask_25ec	2,3,5,6,7,8,10,13	172	31609540	5.441395224353154e-06
1	block2x2	mask_25f2	1,4,5,6,7,8,10,13	211	31609540	6.6751999554564855e-06
1	block2x2	mask_25f4	2,4,5,6,7,8,10,13	81	31609540	2.5625175184453808e-06
1	block2x2	mask_269d	0,2,3,4,7,9,10,13	1	31609540	3.1636018746239268e-08
1	block2x2	mask_269e	1,2,3,4,7,9,10,13	13	31609540	4.1126824370111049e-07
1	block2x2	mask_26b9	0,3,4,5,7,9,10,13	14	31609540	4.4290426244734973e-07
1	block2x2	mask_26ba	1,3,4,5,7,9,10,13	19	31609540	6.0108435617854613e-07
1	block2x2	mask_26bc	2,3,4,5,7,9,10,13	61	31609540	1.9297971435205954e-06
1	block2x2	mask_26d3	0,1,4,6,7,9,10,13	36	31609540	1.1388966748646136e-06
1	block2x2	mask_26d5	0,2,4,6,7,9,10,13	35	31609540	1.1072606561183743e-06
1	block2x2	mask_26d6	1,2,4,6,7,9,10,13	234	31609540	7.4028283866199891e-06
1	block2x2	mask_26d9	0,3,4,6,7,9,10,13	24	31609540	7.5926444990974248e-07
1	block2x2	mask_26da	1,3,4,6,7,9,10,13	108	31609540	3.4166900245938409e-06
1	block2x2	mask_26dc	2,3,4,6,7,9,10,13	625	31609540	1.9772511716399543e-05
1	block2x2	mask_26f2	1,4,5,6,7,9,10,13	2746	31609540	8.6872507477173027e-05
1	block2x2	mask_26f4	2,4,5,6,7,9,10,13	4658	31609540	0.00014736057531998252
1	block2x2	mask_278d	0,2,3,7,8,9,10,13	1	31609540	3.1636018746239268e-08
1	block2x2	mask_278e	1,2,3,7,8,9,10,13	5	31609540	1.5818009373119635e-07
1	block2x2	mask_2799	0,3,4,7,8,9,10,13	5	31609540	1.5818009373119635e-07
1	block2x2	mask_279a	1,3,4,7,8,9,10,13	1	31609540	3.1636018746239268e-08
1	block2x2	mask_279c	2,3,4,7,8,9,10,13	3	31609540	9.490805623871781e-08
1	block2x2	mask_27a9	0,3,5,7,8,9,10,13	9	31609540	2.8472416871615339e-07
1	block2x2	mask_27aa	1,3,5,7,8,9,10,13	22	31609540	6.9599241241726388e-07
1	block2x2	mask_27ac	2,3,5,7,8,9,10,13	10	31609540	3.1636018746239269e-07
1	block2x2	mask_27c5	0,2,6,7,8,9,10,13	15	31609540	4.7454028119358904e-07
1	block2x2	mask_27c6	1,2,6,7,8,9,10,13	186	31609540	5.8842994868005035e-06
1	block2x2	mask_27c9	0,3,6,7,8,9,10,13	16	31609540	5.0617629993982828e-07
1	block2x2	mask_27ca	1,3,6,7,8,9,10,13	45	31609540	1.423620843580767e-06
1	block2x2	mask_27e4	2,5,6,7,8,9,10,13	1129	31609540	3.5717065164504134e-05
1	block2x2	mask_283f	0,1,2,3,4,5,11,13	620	31609540	1.9614331622668347e-05
1	block2x2	mask_285f	0,1,2,3,4,6,11,13	15	31609540	4.7454028119358904e-07
1	block2x2	mask_2877	0,1,2,4,5,6,11,13	4744	31609540	0.00015008127293215909
1	block2x2	mask_287b	0,1,3,4,5,6,11,13	221	31609540	6.991560142918878e-06
1	block2x2	mask_287d	0,2,3,4,5,6,11,13	22	31609540	6.9599241241726388e-07
1	block2x2	mask_287e	1,2,3,4,5,6,11,13	144	31609540	4.5555866994584542e-06
1	block2x2	mask_289f	0,1,2,3,4,7,11,13	3	31609540	9.490805623871781e-08
1	block2x2	mask_28b7	0,1,2,4,5,7,11,13	320	31609540	1.0123525998796566e-05
1	block2x2	mask_28bd	0,2,3,4,5,7,11,13	54	31609540	1.7083450122969204e-06
1	block2x2	mask_28be	1,2,3,4,5,7,11,13	192	31609540	6.0741155992779398e-06
1	block2x2	mask_28d7	0,1,2,4,6,7,11,13	4	31609540	1.2654407498495707e-07
1	block2x2	mask_28dd	0,2,3,4,6,7,11,13	24	31609540	7.5926444990974248e-07
1	block2x2	mask_28de	1,2,3,4,6,7,11,13	630	31609540	1.9930691810130738e-05
1	block2x2	mask_28f3	0,1,4,5,6,7,11,13	276	31609540	8.7315411739620375e-06
1	block2x2	mask_28f5	0,2,4,5,6,7,11,13	34	31609540	1.0756246373721351e-06
1	block2x2	mask_28f6	1,2,4,5,6,7,11,13	416	31609540	1.3160583798435536e-05
1	block2x2	mask_28f9	0,3,4,5,6,7,11,13	3	31609540	9.490805623871781e-08
1	block2x2	mask_28fa	1,3,4,5,6,7,11,13	20	31609540	6.3272037492478538e-07
1	block2x2	mask_28fc	2,3,4,5,6,7,11,13	1051	31609540	3.3249455702297471e-05
1	block2x2	mask_291f	0,1,2,3,4,8,11,13	1	31609540	3.1636018746239268e-08
1	block2x2	mask_292f	0,1,2,3,5,8,11,13	2	31609540	6.3272037492478535e-08
1	block2x2	mask_293b	0,1,3,4,5,8,11,13	9	31609540	2.8472416871615339e-07
1	block2x2	mask_293d	0,2,3,4,5,8,11,13	1	31609540	3.1636018746239268e-08
1	block2x2	mask_293e	1,2,3,4,5,8,11,13	2	31609540	6.3272037492478535e-08
1	block2x2	mask_2957	0,1,2,4,6,8,11,13	12	31609540	3.7963222495487124e-07
1	block2x2	mask_295e	1,2,3,4,6,8,11,13	1	31609540	3.1636018746239268e-08
1	block2x2	mask_2967	0,1,2,5,6,8,11,13	39	31609540	1.2338047311033315e-06
1	block2x2	mask_296b	0,1,3,5,6,8,11,13	3	31609540	9.490805623871781e-08
1	block2x2	mask_296d	0,2,3,5,6,8,11,13	4	31609540	1.2654407498495707e-07
1	block2x2	mask_296e	1,2,3,5,6,8,11,13	12	31609540	3.7963222495487124e-07
1	block2x2	mask_2975	0,2,4,5,6,8,11,13	25	31609540	7.9090046865598173e-07
1	block2x2	mask_2976	1,2,4,5,6,8,11,13	348	31609540	1.1009334523691265e-05
1	block2x2	mask_2979	0,3,4,5,6,8,11,13	2	31609540	6.3272037492478535e-08
1	block2x2	mask_297a	1,3,4,5,6,8,11,13	9	31609540	2.8472416871615339e-07
1	block2x2	mask_299e	1,2,3,4,7,8,11,13	3	31609540	9.490805623871781e-08
1	block2x2	mask_29a7	0,1,2,5,7,8,11,13	2	31609540	6.3272037492478535e-08
1	block2x2	mask_29ad	0,2,3,5,7,8,11,13	47	31609540	1.4868928810732457e-06
1	block2x2	mask_29ae	1,2,3,5,7,8,11,13	6	31609540	1.8981611247743562e-07
1	block2x2	mask_29b3	0,1,4,5,7,8,11,13	24	31609540	7.5926444990974248e-07
1	block2x2	mask_29b5	0,2,4,5,7,8,11,13	1	31609540	3.1636018746239268e-08
1	block2x2	mask_29b6	1,2,4,5,7,8,11,13	5	31609540	1.5818009373119635e-07
1	block2x2	mask_29bc	2,3,4,5,7,8,11,13	8	31609540	2.5308814996991414e-07
1	block2x2	mask_29c7	0,1,2,6,7,8,11,13	2	31609540	6.3272037492478535e-08
1	block2x2	mask_29cd	0,2,3,6,7,8,11,13	2	31609540	6.3272037492478535e-08
1	block2x2	mask_29ce	1,2,3,6,7,8,11,13	6	31609540	1.8981611247743562e-07
1	block2x2	mask_29dc	2,3,4,6,7,8,11,13	20	31609540	6.3272037492478538e-07
1	block2x2	mask_29e3	0,1,5,6,7,8,11,13	10	31609540	3.1636018746239269e-07
1	block2x2	mask_29e5	0,2,5,6,7,8,11,13	10	31609540	3.1636018746239269e-07
1	block2x2	mask_29e6	1,2,5,6,7,8,11,13	53	31609540	1.6767089935506812e-06
1	block2x2	mask_29ea	1,3,5,6,7,8,11,13	2	31609540	6.3272037492478535e-08
1	block2x2	mask_29f2	1,4,5,6,7,8,11,13	6	31609540	1.8981611247743562e-07
1	block2x2	mask_29f4	2,4,5,6,7,8,11,13	4	31609540	1.2654407498495707e-07
1	block2x2	mask_2a1f	0,1,2,3,4,9,11,13	64	31609540	2.0247051997593131e-06
1	block2x2	mask_2a3b	0,1,3,4,5,9,11,13	38	31609540	1.2021687123570923e-06
1	block2x2	mask_2a3d	0,2,3,4,5,9,11,13	18	31609540	5.6944833743230678e-07
1	block2x2	mask_2a3e	1,2,3,4,5,9,11,13	31	31609540	9.8071658113341732e-07
1	block2x2	mask_2a57	0,1,2,4,6,9,11,13	42	31609540	1.3287127873420493e-06
1	block2x2	mask_2a5b	0,1,3,4,6,9,11,13	5	31609540	1.5818009373119635e-07
1	block2x2	mask_2a5d	0,2,3,4,6,9,11,13	1	31609540	3.1636018746239268e-08
1	block2x2	mask_2a5e	1,2,3,4,6,9,11,13	13	31609540	4.1126824370111049e-07
1	block2x2	mask_2a75	0,2,4,5,6,9,11,13	264	31609540	8.3519089490071665e-06
1	block2x2	mask_2a76	1,2,4,5,6,9,11,13	418	31609540	1.3223855835928014e-05
1	block2x2	mask_2a79	0,3,4,5,6,9,11,13	18	31609540	5.6944833743230678e-07
1	block2x2	mask_2a7a	1,3,4,5,6,9,11,13	18	31609540	5.6944833743230678e-07
1	block2x2	mask_2a7c	2,3,4,5,6,9,11,13	72	31609540	2.2777933497292271e-06
1	block2x2	mask_2a97	0,1,2,4,7,9,11,13	2	31609540	6.3272037492478535e-08
1	block2x2	mask_2a9e	1,2,3,4,7,9,11,13	77	31609540	2.4359734434604238e-06
1	block2x2	mask_2ab3	0,1,4,5,7,9,11,13	16	31609540	5.0617629993982828e-07
1	block2x2	mask_2ab5	0,2,4,5,7,9,11,13	20	31609540	6.3272037492478538e-07
1	block2x2	mask_2ab6	1,2,4,5,7,9,11,13	9	31609540	2.8472416871615339e-07
1	block2x2	mask_2abc	2,3,4,5,7,9,11,13	50	31609540	1.5818009373119635e-06
1	block2x2	mask_2ad3	0,1,4,6,7,9,11,13	4	31609540	1.2654407498495707e-07
1	block2x2	mask_2ad5	0,2,4,6,7,9,11,13	5	31609540	1.5818009373119635e-07
1	block2x2	mask_2ad6	1,2,4,6,7,9,11,13	27	31609540	8.5417250614846022e-07
1	block2x2	mask_2ad9	0,3,4,6,7,9,11,13	1	31609540	3.1636018746239268e-08
1	block2x2	mask_2ada	1,3,4,6,7,9,11,13	5	31609540	1.5818009373119635e-07
1	block2x2	mask_2adc	2,3,4,6,7,9,11,13	112	31609540	3.5432340995787979e-06
1	block2x2	mask_2af2	1,4,5,6,7,9,11,13	131	31609540	4.144318455757344e-06
1	block2x2	mask_2af4	2,4,5,6,7,9,11,13	331	31609540	1.0471522205005197e-05
1	block2x2	mask_2b1b	0,1,3,4,8,9,11,13	8	31609540	2.5308814996991414e-07
1	block2x2	mask_2b1d	0,2,3,4,8,9,11,13	1	31609540	3.1636018746239268e-08
1	block2x2	mask_2b1e	1,2,3,4,8,9,11,13	2	31609540	6.3272037492478535e-08
1	block2x2	mask_2b2d	0,2,3,5,8,9,11,13	1	31609540	3.1636018746239268e-08
1	block2x2	mask_2b2e	1,2,3,5,8,9,11,13	2	31609540	6.3272037492478535e-08
1	block2x2	mask_2b39	0,3,4,5,8,9,11,13	1	31609540	3.1636018746239268e-08
1	block2x2	mask_2b3a	1,3,4,5,8,9,11,13	33	31609540	1.0439886186258958e-06
1	block2x2	mask_2b3c	2,3,4,5,8,9,11,13	22	31609540	6.9599241241726388e-07
1	block2x2	mask_2b47	0,1,2,6,8,9,11,13	5	31609540	1.5818009373119635e-07
1	block2x2	mask_2b4e	1,2,3,6,8,9,11,13	1	31609540	3.1636018746239268e-08
1	block2x2	mask_2b55	0,2,4,6,8,9,11,13	16	31609540	5.0617629993982828e-07
1	block2x2	mask_2b56	1,2,4,6,8,9,11,13	20	31609540	6.3272037492478538e-07
1	block2x2	mask_2b5c	2,3,4,6,8,9,11,13	1	31609540	3.1636018746239268e-08
1	block2x2	mask_2b65	0,2,5,6,8,9,11,13	118	31609540	3.7330502120562338e-06
1	block2x2	mask_2b66	1,2,5,6,8,9,11,13	254	31609540	8.035548761544774e-06
1	block2x2	mask_2b69	0,3,5,6,8,9,11,13	1	31609540	3.1636018746239268e-08
1	block2x2	mask_2b6a	1,3,5,6,8,9,11,13	6	31609540	1.8981611247743562e-07
1	block2x2	mask_2b74	2,4,5,6,8,9,11,13	601	31609540	1.9013247266489801e-05
1	block2x2	mask_2b8e	1,2,3,7,8,9,11,13	4	31609540	1.2654407498495707e-07
1	block2x2	mask_2b95	0,2,4,7,8,9,11,13	2	31609540	6.3272037492478535e-08
1	block2x2	mask_2b96	1,2,4,7,8,9,11,13	5	31609540	1.5818009373119635e-07
1	block2x2	mask_2ba6	1,2,5,7,8,9,11,13	1	31609540	3.1636018746239268e-08
1	block2x2	mask_2bb2	1,4,5,7,8,9,11,13	4	31609540	1.2654407498495707e-07
1	block2x2	mask_2bb4	2,4,5,7,8,9,11,13	21	31609540	6.6435639367102463e-07
1	block2x2	mask_2bc5	0,2,6,7,8,9,11,13	6	31609540	1.8981611247743562e-07
1	block2x2	mask_2bc6	1,2,6,7,8,9,11,13	8	31609540	2.5308814996991414e-07
1	block2x2	mask_2bd2	1,4,6,7,8,9,11,13	8	31609540	2.5308814996991414e-07
1	block2x2	mask_2bd4	2,4,6,7,8,9,11,13	3	31609540	9.490805623871781e-08
1	block2x2	mask_2be2	1,5,6,7,8,9,11,13	89	31609540	2.8156056684152948e-06
1	block2x2	mask_2c1f	0,1,2,3,4,10,11,13	6	31609540	1.8981611247743562e-07
1	block2x2	mask_2c3b	0,1,3,4,5,10,11,13	13	31609540	4.1126824370111049e-07
1	block2x2	mask_2c3d	0,2,3,4,5,10,11,13	6	31609540	1.8981611247743562e-07
1	block2x2	mask_2c57	0,1,2,4,6,10,11,13	19	31609540	6.0108435617854613e-07
1	block2x2	mask_2c5b	0,1,3,4,6,10,11,13	8	31609540	2.5308814996991414e-07
1	block2x2	mask_2c5d	0,2,3,4,6,10,11,13	3	31609540	9.490805623871781e-08
1	block2x2	mask_2c75	0,2,4,5,6,10,11,13	37	31609540	1.170532693610853e-06
1	block2x2	mask_2c79	0,3,4,5,6,10,11,13	3	31609540	9.490805623871781e-08
1	block2x2	mask_2c9d	0,2,3,4,7,10,11,13	1	31609540	3.1636018746239268e-08
1	block2x2	mask_2cb3	0,1,4,5,7,10,11,13	4	31609540	1.2654407498495707e-07
1	block2x2	mask_2cb5	0,2,4,5,7,10,11,13	4	31609540	1.2654407498495707e-07
1	block2x2	mask_2cd3	0,1,4,6,7,10,11,13	10	31609540	3.1636018746239269e-07
1	block2x2	mask_2cd5	0,2,4,6,7,10,11,13	4	31609540	1.2654407498495707e-07
1	block2x2	mask_2d0f	0,1,2,3,8,10,11,13	1	31609540	3.1636018746239268e-08
1	block2x2	mask_2d1b	0,1,3,4,8,10,11,13	10	31609540	3.1636018746239269e-07
1	block2x2	mask_2d1e	1,2,3,4,8,10,11,13	3	31609540	9.490805623871781e-08
1	block2x2	mask_2d2e	1,2,3,5,8,10,11,13	27	31609540	8.5417250614846022e-07
1	block2x2	mask_2d3a	1,3,4,5,8,10,11,13	6	31609540	1.8981611247743562e-07
1	block2x2	mask_2d3c	2,3,4,5,8,10,11,13	1	31609540	3.1636018746239268e-08
1	block2x2	mask_2d47	0,1,2,6,8,10,11,13	1	31609540	3.1636018746239268e-08
1	block2x2	mask_2d55	0,2,4,6,8,10,11,13	6	31609540	1.8981611247743562e-07
1	block2x2	mask_2d56	1,2,4,6,8,10,11,13	4	31609540	1.2654407498495707e-07
1	block2x2	mask_2d5c	2,3,4,6,8,10,11,13	2	31609540	6.3272037492478535e-08
1	block2x2	mask_2d65	0,2,5,6,8,10,11,13	16	31609540	5.0617629993982828e-07
1	block2x2	mask_2d66	1,2,5,6,8,10,11,13	283	31609540	8.9529933051857131e-06
1	block2x2	mask_2d69	0,3,5,6,8,10,11,13	1	31609540	3.1636018746239268e-08
1	block2x2	mask_2d6a	1,3,5,6,8,10,11,13	20	31609540	6.3272037492478538e-07
1	block2x2	mask_2d74	2,4,5,6,8,10,11,13	72	31609540	2.2777933497292271e-06
1	block2x2	mask_2da3	0,1,5,7,8,10,11,13	5	31609540	1.5818009373119635e-07
1	block2x2	mask_2da5	0,2,5,7,8,10,11,13	1	31609540	3.1636018746239268e-08
1	block2x2	mask_2da6	1,2,5,7,8,10,11,13	1	31609540	3.1636018746239268e-08
1	block2x2	mask_2da9	0,3,5,7,8,10,11,13	2	31609540	6.3272037492478535e-08
1	block2x2	mask_2db4	2,4,5,7,8,10,11,13	1	31609540	3.1636018746239268e-08
1	block2x2	mask_2dc3	0,1,6,7,8,10,11,13	10	31609540	3.1636018746239269e-07
1	block2x2	mask_2dc5	0,2,6,7,8,10,11,13	4	31609540	1.2654407498495707e-07
1	block2x2	mask_2dd2	1,4,6,7,8,10,11,13	1	31609540	3.1636018746239268e-08
1	block2x2	mask_2e1b	0,1,3,4,9,10,11,13	2	31609540	6.3272037492478535e-08
1	block2x2	mask_2e1d	0,2,3,4,9,10,11,13	1	31609540	3.1636018746239268e-08
1	block2x2	mask_2e39	0,3,4,5,9,10,11,13	8	31609540	2.5308814996991414e-07
1	block2x2	mask_2e3a	1,3,4,5,9,10,11,13	29	31609540	9.1744454364093882e-07
1	block2x2	mask_2e3c	2,3,4,5,9,10,11,13	28	31609540	8.8580852489469947e-07
1	block2x2	mask_2e59	0,3,4,6,9,10,11,13	5	31609540	1.5818009373119635e-07
1	block2x2	mask_2e74	2,4,5,6,9,10,11,13	753	31609540	2.382192211591817e-05
1	block2x2	mask_2e93	0,1,4,7,9,10,11,13	4	31609540	1.2654407498495707e-07
1	block2x2	mask_2e95	0,2,4,7,9,10,11,13	1	31609540	3.1636018746239268e-08
1	block2x2	mask_2f19	0,3,4,8,9,10,11,13	6	31609540	1.8981611247743562e-07
1	block2x2	mask_2f1a	1,3,4,8,9,10,11,13	1	31609540	3.1636018746239268e-08
1	block2x2	mask_2f29	0,3,5,8,9,10,11,13	3	31609540	9.490805623871781e-08
1	block2x2	mask_2f2a	1,3,5,8,9,10,11,13	11	31609540	3.4799620620863194e-07
1	block2x2	mask_2f49	0,3,6,8,9,10,11,13	4	31609540	1.2654407498495707e-07
1	block2x2	mask_2f83	0,1,7,8,9,10,11,13	1	31609540	3.1636018746239268e-08
1	block2x2	mask_2f85	0,2,7,8,9,10,11,13	2	31609540	6.3272037492478535e-08
1	block2x2	mask_2f89	0,3,7,8,9,10,11,13	1	31609540	3.1636018746239268e-08
1	block2x2	mask_30af	0,1,2,3,5,7,12,13	7	31609540	2.2145213122367487e-07
1	block2x2	mask_30bb	0,1,3,4,5,7,12,13	1	31609540	3.1636018746239268e-08
1	block2x2	mask_30bd	0,2,3,4,5,7,12,13	1	31609540	3.1636018746239268e-08
1	block2x2	mask_30be	1,2,3,4,5,7,12,13	6	31609540	1.8981611247743562e-07
1	block2x2	mask_30cf	0,1,2,3,6,7,12,13	24	31609540	7.5926444990974248e-07
1	block2x2	mask_30de	1,2,3,4,6,7,12,13	11	31609540	3.4799620620863194e-07
1	block2x2	mask_30eb	0,1,3,5,6,7,12,13	1	31609540	3.1636018746239268e-08
1	block2x2	mask_30ed	0,2,3,5,6,7,12,13	41	31609540	1.29707676859581e-06
1	block2x2	mask_30f9	0,3,4,5,6,7,12,13	2	31609540	6.3272037492478535e-08
1	block2x2	mask_30fa	1,3,4,5,6,7,12,13	2	31609540	6.3272037492478535e-08
1	block2x2	mask_30fc	2,3,4,5,6,7,12,13	4	31609540	1.2654407498495707e-07
1	block2x2	mask_318f	0,1,2,3,7,8,12,13	1	31609540	3.1636018746239268e-08
1	block2x2	mask_31ad	0,2,3,5,7,8,12,13	29	31609540	9.1744454364093882e-07
1	block2x2	mask_31ae	1,2,3,5,7,8,12,13	5	31609540	1.5818009373119635e-07
1	block2x2	mask_31cd	0,2,3,6,7,8,12,13	1	31609540	3.1636018746239268e-08
1	block2x2	mask_31ce	1,2,3,6,7,8,12,13	33	31609540	1.0439886186258958e-06
1	block2x2	mask_31d9	0,3,4,6,7,8,12,13	3	31609540	9.490805623871781e-08
1	block2x2	mask_31da	1,3,4,6,7,8,12,13	24	31609540	7.5926444990974248e-07
1	block2x2	mask_31e9	0,3,5,6,7,8,12,13	23	31609540	7.2762843116350312e-07
1	block2x2	mask_31ea	1,3,5,6,7,8,12,13	11	31609540	3.4799620620863194e-07
1	block2x2	mask_31ec	2,3,5,6,7,8,12,13	13	31609540	4.1126824370111049e-07
1	block2x2	mask_32cb	0,1,3,6,7,9,12,13	2	31609540	6.3272037492478535e-08
1	block2x2	mask_32cd	0,2,3,6,7,9,12,13	37	31609540	1.170532693610853e-06
1	block2x2	mask_32da	1,3,4,6,7,9,12,13	6	31609540	1.8981611247743562e-07
1	block2x2	mask_32dc	2,3,4,6,7,9,12,13	18	31609540	5.6944833743230678e-07
1	block2x2	mask_32e9	0,3,5,6,7,9,12,13	1	31609540	3.1636018746239268e-08
1	block2x2	mask_33cc	2,3,6,7,8,9,12,13	8	31609540	2.5308814996991414e-07
1	block2x2	mask_34cb	0,1,3,6,7,10,12,13	2	31609540	6.3272037492478535e-08
1	block2x2	mask_34cd	0,2,3,6,7,10,12,13	4	31609540	1.2654407498495707e-07
1	block2x2	mask_34dc	2,3,4,6,7,10,12,13	10	31609540	3.1636018746239269e-07
1	block2x2	mask_34e9	0,3,5,6,7,10,12,13	4	31609540	1.2654407498495707e-07
1	block2x2	mask_35ca	1,3,6,7,8,10,12,13	3	31609540	9.490805623871781e-08
1	block2x2	mask_36c9	0,3,6,7,9,10,12,13	1	31609540	3.1636018746239268e-08
1	block2x2	mask_385b	0,1,3,4,6,11,12,13	1	31609540	3.1636018746239268e-08
1	block2x2	mask_389e	1,2,3,4,7,11,12,13	1	31609540	3.1636018746239268e-08
1	block2x2	mask_38dc	2,3,4,6,7,11,12,13	7	31609540	2.2145213122367487e-07
1	block2x2	mask_38e3	0,1,5,6,7,11,12,13	2	31609540	6.3272037492478535e-08
1	block2x2	mask_38e5	0,2,5,6,7,11,12,13	2	31609540	6.3272037492478535e-08
1	block2x2	mask_392d	0,2,3,5,8,11,12,13	1	31609540	3.1636018746239268e-08
1	block2x2	mask_393c	2,3,4,5,8,11,12,13	1	31609540	3.1636018746239268e-08
1	block2x2	mask_395c	2,3,4,6,8,11,12,13	1	31609540	3.1636018746239268e-08
1	block2x2	mask_3969	0,3,5,6,8,11,12,13	4	31609540	1.2654407498495707e-07
1	block2x2	mask_396a	1,3,5,6,8,11,12,13	2	31609540	6.3272037492478535e-08
1	block2x2	mask_3a1b	0,1,3,4,9,11,12,13	1	31609540	3.1636018746239268e-08
1	block2x2	mask_3a39	0,3,4,5,9,11,12,13	1	31609540	3.1636018746239268e-08
1	block2x2	mask_3a3a	1,3,4,5,9,11,12,13	4	31609540	1.2654407498495707e-07
1	block2x2	mask_3a3c	2,3,4,5,9,11,12,13	1	31609540	3.1636018746239268e-08
1	block2x2	mask_3a5a	1,3,4,6,9,11,12,13	1	31609540	3.1636018746239268e-08
1	block2x2	mask_3ac3	0,1,6,7,9,11,12,13	2	31609540	6.3272037492478535e-08
1	block2x2	mask_3b19	0,3,4,8,9,11,12,13	38	31609540	1.2021687123570923e-06
1	block2x2	mask_3b1a	1,3,4,8,9,11,12,13	155	31609540	4.9035829056670868e-06
1	block2x2	mask_3b29	0,3,5,8,9,11,12,13	2	31609540	6.3272037492478535e-08
1	block2x2	mask_3b2a	1,3,5,8,9,11,12,13	8	31609540	2.5308814996991414e-07
1	block2x2	mask_3b85	0,2,7,8,9,11,12,13	1	31609540	3.1636018746239268e-08
1	block2x2	mask_3c3a	1,3,4,5,10,11,12,13	2	31609540	6.3272037492478535e-08
1	block2x2	mask_3c69	0,3,5,6,10,11,12,13	2	31609540	6.3272037492478535e-08
1	block2x2	mask_3ca5	0,2,5,7,10,11,12,13	1	31609540	3.1636018746239268e-08
1	block2x2	mask_3cc3	0,1,6,7,10,11,12,13	18	31609540	5.6944833743230678e-07
1	block2x2	mask_3cc5	0,2,6,7,10,11,12,13	4	31609540	1.2654407498495707e-07
1	block2x2	mask_3cc9	0,3,6,7,10,11,12,13	1	31609540	3.1636018746239268e-08
1	block2x2	mask_3d19	0,3,4,8,10,11,12,13	2	31609540	6.3272037492478535e-08
1	block2x2	mask_3d29	0,3,5,8,10,11,12,13	1	31609540	3.1636018746239268e-08
1	block2x2	mask_3e1a	1,3,4,9,10,11,12,13	2	31609540	6.3272037492478535e-08
1	block2x2	mask_3e29	0,3,5,9,10,11,12,13	3	31609540	9.490805623871781e-08
1	block2x2	mask_3e49	0,3,6,9,10,11,12,13	1	31609540	3.1636018746239268e-08
1	block2x2	mask_3f09	0,3,8,9,10,11,12,13	1	31609540	3.1636018746239268e-08
1	block2x2	mask_585b	0,1,3,4,6,11,12,14	2	31609540	6.3272037492478535e-08
1	block2x2	mask_586d	0,2,3,5,6,11,12,14	1	31609540	3.1636018746239268e-08
1	block2x2	mask_588f	0,1,2,3,7,11,12,14	13	31609540	4.1126824370111049e-07
1	block2x2	mask_58ba	1,3,4,5,7,11,12,14	1	31609540	3.1636018746239268e-08
1	block2x2	mask_58c7	0,1,2,6,7,11,12,14	2	31609540	6.3272037492478535e-08
1	block2x2	mask_58cd	0,2,3,6,7,11,12,14	45	31609540	1.423620843580767e-06
1	block2x2	mask_58d6	1,2,4,6,7,11,12,14	2	31609540	6.3272037492478535e-08
1	block2x2	mask_59a5	0,2,5,7,8,11,12,14	1	31609540	3.1636018746239268e-08
1	block2x2	mask_5a8d	0,2,3,7,9,11,12,14	8	31609540	2.5308814996991414e-07
1	block2x2	mask_5ac5	0,2,6,7,9,11,12,14	1	31609540	3.1636018746239268e-08
1	block2x2	mask_5c8d	0,2,3,7,10,11,12,14	5	31609540	1.5818009373119635e-07
1	block2x2	mask_5cc5	0,2,6,7,10,11,12,14	2	31609540	6.3272037492478535e-08
1	block2x2	mask_5e89	0,3,7,9,10,11,12,14	1	31609540	3.1636018746239268e-08
1	block2x2	mask_903f	0,1,2,3,4,5,12,15	15	31609540	4.7454028119358904e-07
1	block2x2	mask_909f	0,1,2,3,4,7,12,15	1	31609540	3.1636018746239268e-08
1	block2x2	mask_918f	0,1,2,3,7,8,12,15	1	31609540	3.1636018746239268e-08
1	block2x2	mask_91ad	0,2,3,5,7,8,12,15	2	31609540	6.3272037492478535e-08
1	block2x2	mask_92ad	0,2,3,5,7,9,12,15	1	31609540	3.1636018746239268e-08
2	straight	mask_00ff	0,1,2,3,4,5,6,7	7085666	18114754	0.39115441479359864
2	straight	mask_017f	0,1,2,3,4,5,6,8	2117356	18114754	0.11688571647177765
2	straight	mask_01bf	0,1,2,3,4,5,7,8	99753	18114754	0.0055067267267333575
2	straight	mask_01df	0,1,2,3,4,6,7,8	37384	18114754	0.0020637321379026181
2	straight	mask_01ef	0,1,2,3,5,6,7,8	778188	18114754	0.042958794803396171
2	straight	mask_01f7	0,1,2,4,5,6,7,8	90897	18114754	0.0050178434661602364
2	straight	mask_01fb	0,1,3,4,5,6,7,8	4537	18114754	0.00025045882488936917
2	straight	mask_01fd	0,2,3,4,5,6,7,8	2034	18114754	0.00011228416350561536
2	straight	mask_01fe	1,2,3,4,5,6,7,8	60742	18114754	0.0033531782987502893
2	straight	mask_027f	0,1,2,3,4,5,6,9	3386622	18114754	0.18695379468029211
2	straight	mask_02bf	0,1,2,3,4,5,7,9	148965	18114754	0.0082234072844709905
2	straight	mask_02df	0,1,2,3,4,6,7,9	133049	18114754	0.0073447864652205598
2	straight	mask_02ef	0,1,2,3,5,6,7,9	2327463	18114754	0.12848438350308264
2	straight	mask_02f7	0,1,2,4,5,6,7,9	83768	18114754	0.0046242968576884896
2	straight	mask_02fb	0,1,3,4,5,6,7,9	5370	18114754	0.0002964434405236748
2	straight	mask_02fd	0,2,3,4,5,6,7,9	6046	18114754	0.00033376108778512809
2	straight	mask_02fe	1,2,3,4,5,6,7,9	63153	18114754	0.0034862742270747923
2	straight	mask_033f	0,1,2,3,4,5,8,9	267869	18114754	0.014787338541831703
2	straight	mask_035f	0,1,2,3,4,6,8,9	41367	18114754	0.0022836081571960625
2	straight	mask_036f	0,1,2,3,5,6,8,9	67306	18114754	0.0037155348618038092
2	straight	mask_0377	0,1,2,4,5,6,8,9	47741	18114754	0.0026354760324098247
2	straight	mask_037b	0,1,3,4,5,6,8,9	11844	18114754	0.00065383167775836203
2	straight	mask_037d	0,2,3,4,5,6,8,9	6308	18114754	0.00034822443627995168
2	straight	mask_037e	1,2,3,4,5,6,8,9	29602	18114754	0.001634137565434231
2	straight	mask_039f	0,1,2,3,4,7,8,9	3687	18114754	0.00020353574771150631
2	straight	mask_03af	0,1,2,3,5,7,8,9	28965	18114754	0.0015989728593609387
2	straight	mask_03b7	0,1,2,4,5,7,8,9	4644	18114754	0.00025636561225175899
2	straight	mask_03bb	0,1,3,4,5,7,8,9	63	18114754	3.4778280731827771e-06
2	straight	mask_03bd	0,2,3,4,5,7,8,9	259	18114754	1.429773763419586e-05
2	straight	mask_03be	1,2,3,4,5,7,8,9	779	18114754	4.3003620143006081e-05
2	straight	mask_03cf	0,1,2,3,6,7,8,9	19902	18114754	0.0010986624494045019
2	straight	mask_03d7	0,1,2,4,6,7,8,9	700	18114754	3.8642534146475301e-05
2	straight	mask_03db	0,1,3,4,6,7,8,9	90	18114754	4.9683258188325383e-06
2	straight	mask_03dd	0,2,3,4,6,7,8,9	18	18114754	9.936651637665077e-07
2	straight	mask_03de	1,2,3,4,6,7,8,9	471	18114754	2.6000905118556949e-05
2	straight	mask_03e7	0,1,2,5,6,7,8,9	11788	18114754	0.00065074027502664406
2	straight	mask_03eb	0,1,3,5,6,7,8,9	1107	18114754	6.1110407571640218e-05
2	straight	mask_03ed	0,2,3,5,6,7,8,9	1363	18114754	7.5242534345208335e-05
2	straight	mask_03ee	1,2,3,5,6,7,8,9	3222	18114754	0.00017786606431420486
2	straight	mask_03f3	0,1,4,5,6,7,8,9	6219	18114754	0.00034331131408132839
2	straight	mask_03f5	0,2,4,5,6,7,8,9	2850	18114754	0.00015733031759636372
2	straight	mask_03f6	1,2,4,5,6,7,8,9	16535	18114754	0.00091279186015995578
2	straight	mask_03f9	0,3,4,5,6,7,8,9	207	18114754	1.1427149383314838e-05
2	straight	mask_03fa	1,3,4,5,6,7,8,9	971	18114754	5.3602715223182165e-05
2	straight	mask_03fc	2,3,4,5,6,7,8,9	1230	18114754	6.7900452857378018e-05
2	straight	mask_053f	0,1,2,3,4,5,8,10	23996	18114754	0.0013246660705411733
2	straight	mask_055f	0,1,2,3,4,6,8,10	2679	18114754	0.00014789049854058189
2	straight	mask_056f	0,1,2,3,5,6,8,10	9582	18114754	0.00052896108884503755
2	straight	mask_0577	0,1,2,4,5,6,8,10	7832	18114754	0.00043235475347884933
2	straight	mask_057b	0,1,3,4,5,6,8,10	1916	18114754	0.00010577013632092381
2	straight	mask_057d	0,2,3,4,5,6,8,10	504	18114754	2.7822624585462217e-05
2	straight	mask_057e	1,2,3,4,5,6,8,10	4298	18114754	0.00023726515965935834
2	straight	mask_059f	0,1,2,3,4,7,8,10	189	18114754	1.043348421954833e-05
2	straight	mask_05af	0,1,2,3,5,7,8,10	4371	18114754	0.00024129502393463361
2	straight	mask_05b7	0,1,2,4,5,7,8,10	277	18114754	1.529140279796237e-05
2	straight	mask_05bb	0,1,3,4,5,7,8,10	12	18114754	6.6244344251100517e-07
2	straight	mask_05bd	0,2,3,4,5,7,8,10	21	18114754	1.159276024394259e-06
2	straight	mask_05be	1,2,3,4,5,7,8,10	138	18114754	7.6180995888765586e-06
2	straight	mask_05cf	0,1,2,3,6,7,8,10	8726	18114754	0.00048170678994591921
2	straight	mask_05d7	0,1,2,4,6,7,8,10	95	18114754	5.2443439198787904e-06
2	straight	mask_05db	0,1,3,4,6,7,8,10	42	18114754	2.318552048788518e-06
2	straight	mask_05de	1,2,3,4,6,7,8,10	140	18114754	7.7285068292950596e-06
2	straight	mask_05e7	0,1,2,5,6,7,8,10	2728	18114754	0.00015059547593083516
2	straight	mask_05eb	0,1,3,5,6,7,8,10	539	18114754	2.9754751292785979e-05
2	straight	mask_05ed	0,2,3,5,6,7,8,10	326	18114754	1.7996380188215638e-05
2	straight	mask_05ee	1,2,3,5,6,7,8,10	1693	18114754	9.3459729014260974e-05
2	straight	mask_05f3	0,1,4,5,6,7,8,10	1128	18114754	6.2269683596034484e-05
2	straight	mask_05f5	0,2,4,5,6,7,8,10	325	18114754	1.7941176568006387e-05
2	straight	mask_05f6	1,2,4,5,6,7,8,10	3029	18114754	0.00016721176561381953
2	straight	mask_05f9	0,3,4,5,6,7,8,10	52	18114754	2.8705882508810223e-06
2	straight	mask_05fa	1,3,4,5,6,7,8,10	628	18114754	3.4667873491409268e-05
2	straight	mask_05fc	2,3,4,5,6,7,8,10	225	18114754	1.2420814547081347e-05
2	straight	mask_063f	0,1,2,3,4,5,9,10	78625	18114754	0.0043403846389523148
2	straight	mask_065f	0,1,2,3,4,6,9,10	28839	18114754	0.001592017203214573
2	straight	mask_066f	0,1,2,3,5,6,9,10	25057	18114754	0.0013832371115831878
2	straight	mask_0677	0,1,2,4,5,6,9,10	15602	18114754	0.00086128688250472517
2	straight	mask_067b	0,1,3,4,5,6,9,10	3657	18114754	0.0002018796391052288
2	straight	mask_067d	0,2,3,4,5,6,9,10	3150	18114754	0.00017389140365913885
2	straight	mask_067e	1,2,3,4,5,6,9,10	19795	18114754	0.0010927556620421123
2	straight	mask_069f	0,1,2,3,4,7,9,10	770	18114754	4.2506787561122826e-05
2	straight	mask_06b7	0,1,2,4,5,7,9,10	790	18114754	4.3610859965307838e-05
2	straight	mask_06bb	0,1,3,4,5,7,9,10	65	18114754	3.5882353136012777e-06
2	straight	mask_06bd	0,2,3,4,5,7,9,10	99	18114754	5.4651584007157925e-06
2	straight	mask_06be	1,2,3,4,5,7,9,10	448	18114754	2.4731221853744191e-05
2	straight	mask_06f3	0,1,4,5,6,7,9,10	2527	18114754	0.00013949954826877583
2	straight	mask_06f5	0,2,4,5,6,7,9,10	2315	18114754	0.00012779638078441475
2	straight	mask_06f6	1,2,4,5,6,7,9,10	6251	18114754	0.00034507782992802442
2	straight	mask_06f9	0,3,4,5,6,7,9,10	222	18114754	1.2255203686453595e-05
2	straight	mask_071f	0,1,2,3,4,8,9,10	10177	18114754	0.00056180724286954164
2	straight	mask_072f	0,1,2,3,5,8,9,10	1515	18114754	8.3633484617014396e-05
2	straight	mask_073b	0,1,3,4,5,8,9,10	630	18114754	3.477828073182777e-05
2	straight	mask_073d	0,2,3,4,5,8,9,10	585	18114754	3.2294117822411501e-05
2	straight	mask_073e	1,2,3,4,5,8,9,10	1349	18114754	7.4469683662278829e-05
2	straight	mask_074f	0,1,2,3,6,8,9,10	432	18114754	2.3847963930396183e-05
2	straight	mask_0757	0,1,2,4,6,8,9,10	343	18114754	1.8934841731772897e-05
2	straight	mask_075b	0,1,3,4,6,8,9,10	215	18114754	1.1868778344988842e-05
2	straight	mask_075d	0,2,3,4,6,8,9,10	17	18114754	9.384615435572573e-07
2	straight	mask_075e	1,2,3,4,6,8,9,10	247	18114754	1.3635294191684855e-05
2	straight	mask_0767	0,1,2,5,6,8,9,10	3244	18114754	0.00017908054395880839
2	straight	mask_076b	0,1,3,5,6,8,9,10	640	18114754	3.5330316933920272e-05
2	straight	mask_076d	0,2,3,5,6,8,9,10	390	18114754	2.1529411881607668e-05
2	straight	mask_076e	1,2,3,5,6,8,9,10	1133	18114754	6.2545701697080735e-05
2	straight	mask_0776	1,2,4,5,6,8,9,10	3279	18114754	0.00018101267066613215
2	straight	mask_0779	0,3,4,5,6,8,9,10	731	18114754	4.0353846372962063e-05
2	straight	mask_077a	1,3,4,5,6,8,9,10	1294	18114754	7.1433484550770051e-05
2	straight	mask_077c	2,3,4,5,6,8,9,10	914	18114754	5.0456108871254893e-05
2	straight	mask_078f	0,1,2,3,7,8,9,10	2001	18114754	0.0001104624440387101
2	straight	mask_0797	0,1,2,4,7,8,9,10	12	18114754	6.6244344251100517e-07
2	straight	mask_079b	0,1,3,4,7,8,9,10	3	18114754	1.6561086062775129e-07
2	straight	mask_079e	1,2,3,4,7,8,9,10	8	18114754	4.4162896167400339e-07
2	straight	mask_07a7	0,1,2,5,7,8,9,10	194	18114754	1.0709502320594583e-05
2	straight	mask_07ab	0,1,3,5,7,8,9,10	10	18114754	5.5203620209250426e-07
2	straight	mask_07ad	0,2,3,5,7,8,9,10	23	18114754	1.2696832648127598e-06
2	straight	mask_07ae	1,2,3,5,7,8,9,10	59	18114754	3.257013592345775e-06
2	straight	mask_07b3	0,1,4,5,7,8,9,10	554	18114754	3.0582805595924739e-05
2	straight	mask_07b5	0,2,4,5,7,8,9,10	206	18114754	1.1371945763105587e-05
2	straight	mask_07b6	1,2,4,5,7,8,9,10	273	18114754	1.5070588317125366e-05
2	straight	mask_07b9	0,3,4,5,7,8,9,10	10	18114754	5.5203620209250426e-07
2	straight	mask_07ba	1,3,4,5,7,8,9,10	40	18114754	2.208144808370017e-06
2	straight	mask_07bc	2,3,4,5,7,8,9,10	35	18114754	1.9321267073237649e-06
2	straight	mask_07c7	0,1,2,6,7,8,9,10	207	18114754	1.1427149383314838e-05
2	straight	mask_07cb	0,1,3,6,7,8,9,10	80	18114754	4.416289616740034e-06
2	straight	mask_07cd	0,2,3,6,7,8,9,10	31	18114754	1.7113122264867633e-06
2	straight	mask_07ce	1,2,3,6,7,8,9,10	316	18114754	1.7444343986123136e-05
2	straight	mask_07d3	0,1,4,6,7,8,9,10	94	18114754	5.1891402996695403e-06
2	straight	mask_07d5	0,2,4,6,7,8,9,10	47	18114754	2.5945701498347702e-06
2	straight	mask_07d6	1,2,4,6,7,8,9,10	150	18114754	8.2805430313875638e-06
2	straight	mask_07d9	0,3,4,6,7,8,9,10	4	18114754	2.208144808370017e-07
2	straight	mask_07da	1,3,4,6,7,8,9,10	52	18114754	2.8705882508810223e-06
2	straight	mask_07dc	2,3,4,6,7,8,9,10	37	18114754	2.0425339477422659e-06
2	straight	mask_07e3	0,1,5,6,7,8,9,10	1024	18114754	5.6528507094272434e-05
2	straight	mask_07e5	0,2,5,6,7,8,9,10	535	18114754	2.9533936811948979e-05
2	straight	mask_07e6	1,2,5,6,7,8,9,10	2436	18114754	0.00013447601882973404
2	straight	mask_07e9	0,3,5,6,7,8,9,10	128	18114754	7.0660633867840543e-06
2	straight	mask_07ea	1,3,5,6,7,8,9,10	585	18114754	3.2294117822411501e-05
2	straight	mask_07ec	2,3,5,6,7,8,9,10	835	18114754	4.6095022874724106e-05
2	straight	mask_07f1	0,4,5,6,7,8,9,10	872	18114754	4.8137556822466374e-05
2	straight	mask_07f2	1,4,5,6,7,8,9,10	2619	18114754	0.00014457828132802687
2	straight	mask_07f4	2,4,5,6,7,8,9,10	1832	18114754	0.00010113303222334678
2	straight	mask_07f8	3,4,5,6,7,8,9,10	648	18114754	3.5771945895594273e-05
2	straight	mask_093f	0,1,2,3,4,5,8,11	872	18114754	4.8137556822466374e-05
2	straight	mask_095f	0,1,2,3,4,6,8,11	345	18114754	1.9045248972191396e-05
2	straight	mask_096f	0,1,2,3,5,6,8,11	406	18114754	2.2412669804955672e-05
2	straight	mask_0977	0,1,2,4,5,6,8,11	506	18114754	2.7933031825880715e-05
2	straight	mask_097b	0,1,3,4,5,6,8,11	83	18114754	4.5819004773677852e-06
2	straight	mask_097d	0,2,3,4,5,6,8,11	50	18114754	2.7601810104625213e-06
2	straight	mask_097e	1,2,3,4,5,6,8,11	599	18114754	3.3066968505341008e-05
2	straight	mask_099f	0,1,2,3,4,7,8,11	7	18114754	3.8642534146475299e-07
2	straight	mask_09b7	0,1,2,4,5,7,8,11	34	18114754	1.8769230871145146e-06
2	straight	mask_09bd	0,2,3,4,5,7,8,11	2	18114754	1.1040724041850085e-07
2	straight	mask_09be	1,2,3,4,5,7,8,11	17	18114754	9.384615435572573e-07
2	straight	mask_09f3	0,1,4,5,6,7,8,11	270	18114754	1.4904977456497615e-05
2	straight	mask_09f5	0,2,4,5,6,7,8,11	71	18114754	3.9194570348567799e-06
2	straight	mask_09f6	1,2,4,5,6,7,8,11	2429	18114754	0.00013408959348826929
2	straight	mask_09f9	0,3,4,5,6,7,8,11	3	18114754	1.6561086062775129e-07
2	straight	mask_0b1f	0,1,2,3,4,8,9,11	373	18114754	2.0590950338050409e-05
2	straight	mask_0b2f	0,1,2,3,5,8,9,11	93	18114754	5.1339366794602894e-06
2	straight	mask_0b37	0,1,2,4,5,8,9,11	290	18114754	1.6009049860682625e-05
2	straight	mask_0b3b	0,1,3,4,5,8,9,11	23	18114754	1.2696832648127598e-06
2	straight	mask_0b3d	0,2,3,4,5,8,9,11	35	18114754	1.9321267073237649e-06
2	straight	mask_0b3e	1,2,3,4,5,8,9,11	77	18114754	4.2506787561122829e-06
2	straight	mask_0b4f	0,1,2,3,6,8,9,11	99	18114754	5.4651584007157925e-06
2	straight	mask_0b57	0,1,2,4,6,8,9,11	25	18114754	1.3800905052312606e-06
2	straight	mask_0b5b	0,1,3,4,6,8,9,11	4	18114754	2.208144808370017e-07
2	straight	mask_0b5d	0,2,3,4,6,8,9,11	2	18114754	1.1040724041850085e-07
2	straight	mask_0b5e	1,2,3,4,6,8,9,11	37	18114754	2.0425339477422659e-06
2	straight	mask_0b67	0,1,2,5,6,8,9,11	367	18114754	2.0259728616794906e-05
2	straight	mask_0b6b	0,1,3,5,6,8,9,11	27	18114754	1.4904977456497614e-06
2	straight	mask_0b6d	0,2,3,5,6,8,9,11	32	18114754	1.7665158466960136e-06
2	straight	mask_0b6e	1,2,3,5,6,8,9,11	156	18114754	8.611764752643066e-06
2	straight	mask_0b73	0,1,4,5,6,8,9,11	660	18114754	3.6434389338105284e-05
2	straight	mask_0b75	0,2,4,5,6,8,9,11	323	18114754	1.7830769327587889e-05
2	straight	mask_0b76	1,2,4,5,6,8,9,11	1191	18114754	6.5747511669217256e-05
2	straight	mask_0b79	0,3,4,5,6,8,9,11	25	18114754	1.3800905052312606e-06
2	straight	mask_0b7a	1,3,4,5,6,8,9,11	53	18114754	2.9257918710902728e-06
2	straight	mask_0b7c	2,3,4,5,6,8,9,11	147	18114754	8.1149321707598127e-06
2	straight	mask_0b8f	0,1,2,3,7,8,9,11	510	18114754	2.8153846306717719e-05
2	straight	mask_0b97	0,1,2,4,7,8,9,11	5	18114754	2.7601810104625213e-07
2	straight	mask_0b9e	1,2,3,4,7,8,9,11	5	18114754	2.7601810104625213e-07
2	straight	mask_0ba7	0,1,2,5,7,8,9,11	29	18114754	1.6009049860682625e-06
2	straight	mask_0bab	0,1,3,5,7,8,9,11	1	18114754	5.5203620209250424e-08
2	straight	mask_0bad	0,2,3,5,7,8,9,11	7	18114754	3.8642534146475299e-07
2	straight	mask_0bae	1,2,3,5,7,8,9,11	10	18114754	5.5203620209250426e-07
2	straight	mask_0bb3	0,1,4,5,7,8,9,11	8	18114754	4.4162896167400339e-07
2	straight	mask_0bb5	0,2,4,5,7,8,9,11	17	18114754	9.384615435572573e-07
2	straight	mask_0bb6	1,2,4,5,7,8,9,11	22	18114754	1.2144796446035093e-06
2	straight	mask_0bbc	2,3,4,5,7,8,9,11	7	18114754	3.8642534146475299e-07
2	straight	mask_0bc7	0,1,2,6,7,8,9,11	98	18114754	5.4099547805065415e-06
2	straight	mask_0bcb	0,1,3,6,7,8,9,11	5	18114754	2.7601810104625213e-07
2	straight	mask_0bcd	0,2,3,6,7,8,9,11	6	18114754	3.3122172125550258e-07
2	straight	mask_0bce	1,2,3,6,7,8,9,11	34	18114754	1.8769230871145146e-06
2	straight	mask_0bd3	0,1,4,6,7,8,9,11	9	18114754	4.9683258188325385e-07
2	straight	mask_0bd5	0,2,4,6,7,8,9,11	7	18114754	3.8642534146475299e-07
2	straight	mask_0bd6	1,2,4,6,7,8,9,11	20	18114754	1.1040724041850085e-06
2	straight	mask_0bda	1,3,4,6,7,8,9,11	3	18114754	1.6561086062775129e-07
2	straight	mask_0bdc	2,3,4,6,7,8,9,11	17	18114754	9.384615435572573e-07
2	straight	mask_0be3	0,1,5,6,7,8,9,11	78	18114754	4.305882376321533e-06
2	straight	mask_0be5	0,2,5,6,7,8,9,11	61	18114754	3.367420832764276e-06
2	straight	mask_0be6	1,2,5,6,7,8,9,11	502	18114754	2.7712217345043715e-05
2	straight	mask_0be9	0,3,5,6,7,8,9,11	8	18114754	4.4162896167400339e-07
2	straight	mask_0bea	1,3,5,6,7,8,9,11	22	18114754	1.2144796446035093e-06
2	straight	mask_0bec	2,3,5,6,7,8,9,11	278	18114754	1.5346606418171617e-05
2	straight	mask_0bf1	0,4,5,6,7,8,9,11	55	18114754	3.0361991115087734e-06
2	straight	mask_0bf2	1,4,5,6,7,8,9,11	257	18114754	1.418733039377736e-05
2	straight	mask_0bf4	2,4,5,6,7,8,9,11	690	18114754	3.8090497944382792e-05
2	straight	mask_0bf8	3,4,5,6,7,8,9,11	49	18114754	2.7049773902532708e-06
2	straight	mask_0f0f	0,1,2,3,8,9,10,11	1	18114754	5.5203620209250424e-08
2	straight	mask_0f17	0,1,2,4,8,9,10,11	4	18114754	2.208144808370017e-07
2	straight	mask_0f1b	0,1,3,4,8,9,10,11	1	18114754	5.5203620209250424e-08
2	straight	mask_0f1d	0,2,3,4,8,9,10,11	1	18114754	5.5203620209250424e-08
2	straight	mask_0f1e	1,2,3,4,8,9,10,11	4	18114754	2.208144808370017e-07
2	straight	mask_0f27	0,1,2,5,8,9,10,11	40	18114754	2.208144808370017e-06
2	straight	mask_0f2b	0,1,3,5,8,9,10,11	6	18114754	3.3122172125550258e-07
2	straight	mask_0f2d	0,2,3,5,8,9,10,11	4	18114754	2.208144808370017e-07
2	straight	mask_0f2e	1,2,3,5,8,9,10,11	23	18114754	1.2696832648127598e-06
2	straight	mask_0f33	0,1,4,5,8,9,10,11	1160	18114754	6.40361994427305e-05
2	straight	mask_0f35	0,2,4,5,8,9,10,11	74	18114754	4.0850678954845318e-06
2	straight	mask_0f36	1,2,4,5,8,9,10,11	145	18114754	8.0045249303413126e-06
2	straight	mask_0f39	0,3,4,5,8,9,10,11	3	18114754	1.6561086062775129e-07
2	straight	mask_0f3a	1,3,4,5,8,9,10,11	30	18114754	1.6561086062775128e-06
2	straight	mask_0f3c	2,3,4,5,8,9,10,11	30	18114754	1.6561086062775128e-06
2	straight	mask_0f53	0,1,4,6,8,9,10,11	27	18114754	1.4904977456497614e-06
2	straight	mask_0f55	0,2,4,6,8,9,10,11	32	18114754	1.7665158466960136e-06
2	straight	mask_0f56	1,2,4,6,8,9,10,11	36	18114754	1.9873303275330154e-06
2	straight	mask_0f59	0,3,4,6,8,9,10,11	2	18114754	1.1040724041850085e-07
2	straight	mask_0f5a	1,3,4,6,8,9,10,11	17	18114754	9.384615435572573e-07
2	straight	mask_0f5c	2,3,4,6,8,9,10,11	19	18114754	1.048868783975758e-06
2	straight	mask_0f63	0,1,5,6,8,9,10,11	494	18114754	2.7270588383369711e-05
2	straight	mask_0f65	0,2,5,6,8,9,10,11	155	18114754	8.5565611324338168e-06
2	straight	mask_0f66	1,2,5,6,8,9,10,11	843	18114754	4.6536651836398107e-05
2	straight	mask_0f69	0,3,5,6,8,9,10,11	5	18114754	2.7601810104625213e-07
2	straight	mask_0f71	0,4,5,6,8,9,10,11	636	18114754	3.5109502453083269e-05
2	straight	mask_0f72	1,4,5,6,8,9,10,11	2075	18114754	0.00011454751193419463
2	straight	mask_0f74	2,4,5,6,8,9,10,11	1255	18114754	6.9280543362609288e-05
2	straight	mask_0f78	3,4,5,6,8,9,10,11	226	18114754	1.2476018167290596e-05
2	straight	mask_0f95	0,2,4,7,8,9,10,11	2	18114754	1.1040724041850085e-07
2	straight	mask_0fb1	0,4,5,7,8,9,10,11	31	18114754	1.7113122264867633e-06
2	straight	mask_0fb2	1,4,5,7,8,9,10,11	75	18114754	4.1402715156937819e-06
2	straight	mask_0fb4	2,4,5,7,8,9,10,11	58	18114754	3.2018099721365249e-06
2	straight	mask_0fb8	3,4,5,7,8,9,10,11	11	18114754	6.0723982230175466e-07
2	straight	mask_0ff0	4,5,6,7,8,9,10,11	932	18114754	5.1449774035021396e-05
2	straight	mask_107f	0,1,2,3,4,5,6,12	111852	18114754	0.006174635327645079
2	straight	mask_10bf	0,1,2,3,4,5,7,12	8631	18114754	0.00047646244602604041
2	straight	mask_10df	0,1,2,3,4,6,7,12	2327	18114754	0.00012845882422692575
2	straight	mask_10ef	0,1,2,3,5,6,7,12	42909	18114754	0.0023687321395587267
2	straight	mask_10f7	0,1,2,4,5,6,7,12	2755	18114754	0.00015208597367648492
2	straight	mask_10fb	0,1,3,4,5,6,7,12	121	18114754	6.679638045319302e-06
2	straight	mask_10fd	0,2,3,4,5,6,7,12	82	18114754	4.5266968571585351e-06
2	straight	mask_10fe	1,2,3,4,5,6,7,12	1446	18114754	7.9824434822576112e-05
2	straight	mask_113f	0,1,2,3,4,5,8,12	88444	18114754	0.0048824289857869446
2	straight	mask_115f	0,1,2,3,4,6,8,12	29312	18114754	0.0016181285155735484
2	straight	mask_116f	0,1,2,3,5,6,8,12	17213	18114754	0.00095021991466182759
2	straight	mask_117b	0,1,3,4,5,6,8,12	83247	18114754	0.0045955357715594704
2	straight	mask_117d	0,2,3,4,5,6,8,12	5546	18114754	0.00030615927768050285
2	straight	mask_117e	1,2,3,4,5,6,8,12	7121	18114754	0.0003931049795100723
2	straight	mask_119f	0,1,2,3,4,7,8,12	3040	18114754	0.00016781900543612129
2	straight	mask_11af	0,1,2,3,5,7,8,12	5476	18114754	0.00030229502426585533
2	straight	mask_11b7	0,1,2,4,5,7,8,12	29782	18114754	0.0016440742170718962
2	straight	mask_11bb	0,1,3,4,5,7,8,12	117	18114754	6.4588235644823e-06
2	straight	mask_11bd	0,2,3,4,5,7,8,12	287	18114754	1.5843439000054872e-05
2	straight	mask_11be	1,2,3,4,5,7,8,12	302	18114754	1.667149330319363e-05
2	straight	mask_11cf	0,1,2,3,6,7,8,12	3571	18114754	0.00019713212776723327
2	straight	mask_11d7	0,1,2,4,6,7,8,12	7884	18114754	0.00043522534172973036
2	straight	mask_11db	0,1,3,4,6,7,8,12	2482	18114754	0.00013701538535935956
2	straight	mask_11dd	0,2,3,4,6,7,8,12	8	18114754	4.4162896167400339e-07
2	straight	mask_11de	1,2,3,4,6,7,8,12	189	18114754	1.043348421954833e-05
2	straight	mask_11e7	0,1,2,5,6,7,8,12	2459	18114754	0.0001357457020945468
2	straight	mask_11eb	0,1,3,5,6,7,8,12	225	18114754	1.2420814547081347e-05
2	straight	mask_11ed	0,2,3,5,6,7,8,12	187	18114754	1.032307697912983e-05
2	straight	mask_11ee	1,2,3,5,6,7,8,12	403	18114754	2.2247058944327923e-05
2	straight	mask_11f3	0,1,4,5,6,7,8,12	23504	18114754	0.001297505889398222
2	straight	mask_11f5	0,2,4,5,6,7,8,12	2162	18114754	0.00011935022689239943
2	straight	mask_11f6	1,2,4,5,6,7,8,12	1827	18114754	0.00010085701412230052
2	straight	mask_11f9	0,3,4,5,6,7,8,12	155	18114754	8.5565611324338168e-06
2	straight	mask_11fa	1,3,4,5,6,7,8,12	238	18114754	1.3138461609801602e-05
2	straight	mask_11fc	2,3,4,5,6,7,8,12	52	18114754	2.8705882508810223e-06
2	straight	mask_125f	0,1,2,3,4,6,9,12	17027	18114754	0.00093995204130290703
2	straight	mask_126f	0,1,2,3,5,6,9,12	14607	18114754	0.00080635928039652098
2	straight	mask_127b	0,1,3,4,5,6,9,12	515	18114754	2.842986440776397e-05
2	straight	mask_127d	0,2,3,4,5,6,9,12	778	18114754	4.2948416522796833e-05
2	straight	mask_127e	1,2,3,4,5,6,9,12	3897	18114754	0.00021512850795544892
2	straight	mask_129f	0,1,2,3,4,7,9,12	2043	18114754	0.00011278099608749862
2	straight	mask_12af	0,1,2,3,5,7,9,12	7989	18114754	0.00044102172185170167
2	straight	mask_12b7	0,1,2,4,5,7,9,12	824	18114754	4.5487783052422349e-05
2	straight	mask_12bb	0,1,3,4,5,7,9,12	10	18114754	5.5203620209250426e-07
2	straight	mask_12bd	0,2,3,4,5,7,9,12	32	18114754	1.7665158466960136e-06
2	straight	mask_12be	1,2,3,4,5,7,9,12	161	18114754	8.887782853689319e-06
2	straight	mask_12cf	0,1,2,3,6,7,9,12	6993	18114754	0.00038603891612328824
2	straight	mask_12d7	0,1,2,4,6,7,9,12	117	18114754	6.4588235644823e-06
2	straight	mask_12db	0,1,3,4,6,7,9,12	10	18114754	5.5203620209250426e-07
2	straight	mask_12dd	0,2,3,4,6,7,9,12	1	18114754	5.5203620209250424e-08
2	straight	mask_12de	1,2,3,4,6,7,9,12	107	18114754	5.9067873623897957e-06
2	straight	mask_12e7	0,1,2,5,6,7,9,12	2532	18114754	0.00013977556636982208
2	straight	mask_12eb	0,1,3,5,6,7,9,12	227	18114754	1.2531221787499847e-05
2	straight	mask_12ed	0,2,3,5,6,7,9,12	289	18114754	1.5953846240473374e-05
2	straight	mask_12ee	1,2,3,5,6,7,9,12	733	18114754	4.0464253613380565e-05
2	straight	mask_12f3	0,1,4,5,6,7,9,12	847	18114754	4.6757466317235111e-05
2	straight	mask_12f5	0,2,4,5,6,7,9,12	269	18114754	1.4849773836288364e-05
2	straight	mask_12f6	1,2,4,5,6,7,9,12	817	18114754	4.5101357710957596e-05
2	straight	mask_12f9	0,3,4,5,6,7,9,12	21	18114754	1.159276024394259e-06
2	straight	mask_12fa	1,3,4,5,6,7,9,12	103	18114754	5.6859728815527937e-06
2	straight	mask_12fc	2,3,4,5,6,7,9,12	99	18114754	5.4651584007157925e-06
2	straight	mask_134f	0,1,2,3,6,8,9,12	162	18114754	8.9429864738985683e-06
2	straight	mask_135e	1,2,3,4,6,8,9,12	188	18114754	1.0378280599339081e-05
2	straight	mask_136d	0,2,3,5,6,8,9,12	216	18114754	1.1923981965198092e-05
2	straight	mask_136e	1,2,3,5,6,8,9,12	622	18114754	3.4336651770153762e-05
2	straight	mask_138f	0,1,2,3,7,8,9,12	71	18114754	3.9194570348567799e-06
2	straight	mask_1397	0,1,2,4,7,8,9,12	3331	18114754	0.00018388325891701318
2	straight	mask_139b	0,1,3,4,7,8,9,12	7	18114754	3.8642534146475299e-07
2	straight	mask_139d	0,2,3,4,7,8,9,12	2	18114754	1.1040724041850085e-07
2	straight	mask_139e	1,2,3,4,7,8,9,12	11	18114754	6.0723982230175466e-07
2	straight	mask_13a7	0,1,2,5,7,8,9,12	611	18114754	3.3729411947852012e-05
2	straight	mask_13ab	0,1,3,5,7,8,9,12	3	18114754	1.6561086062775129e-07
2	straight	mask_13ad	0,2,3,5,7,8,9,12	30	18114754	1.6561086062775128e-06
2	straight	mask_13ae	1,2,3,5,7,8,9,12	31	18114754	1.7113122264867633e-06
2	straight	mask_13b3	0,1,4,5,7,8,9,12	61579	18114754	0.0033993837288654322
2	straight	mask_13b5	0,2,4,5,7,8,9,12	6450	18114754	0.00035606335034966524
2	straight	mask_13b6	1,2,4,5,7,8,9,12	1568	18114754	8.6559276488104665e-05
2	straight	mask_13b9	0,3,4,5,7,8,9,12	14	18114754	7.7285068292950598e-07
2	straight	mask_13ba	1,3,4,5,7,8,9,12	9	18114754	4.9683258188325385e-07
2	straight	mask_13bc	2,3,4,5,7,8,9,12	22	18114754	1.2144796446035093e-06
2	straight	mask_13c7	0,1,2,6,7,8,9,12	38	18114754	2.097737567951516e-06
2	straight	mask_13cb	0,1,3,6,7,8,9,12	5	18114754	2.7601810104625213e-07
2	straight	mask_13cd	0,2,3,6,7,8,9,12	4	18114754	2.208144808370017e-07
2	straight	mask_13ce	1,2,3,6,7,8,9,12	23	18114754	1.2696832648127598e-06
2	straight	mask_13d3	0,1,4,6,7,8,9,12	7299	18114754	0.00040293122390731888
2	straight	mask_13d5	0,2,4,6,7,8,9,12	192	18114754	1.0599095080176083e-05
2	straight	mask_13d6	1,2,4,6,7,8,9,12	160	18114754	8.8325792334800681e-06
2	straight	mask_13d9	0,3,4,6,7,8,9,12	6	18114754	3.3122172125550258e-07
2	straight	mask_13da	1,3,4,6,7,8,9,12	31	18114754	1.7113122264867633e-06
2	straight	mask_13dc	2,3,4,6,7,8,9,12	5	18114754	2.7601810104625213e-07
2	straight	mask_13e3	0,1,5,6,7,8,9,12	836	18114754	4.6150226494933354e-05
2	straight	mask_13e5	0,2,5,6,7,8,9,12	266	18114754	1.4684162975660613e-05
2	straight	mask_13e6	1,2,5,6,7,8,9,12	376	18114754	2.0756561198678161e-05
2	straight	mask_13e9	0,3,5,6,7,8,9,12	18	18114754	9.936651637665077e-07
2	straight	mask_13ea	1,3,5,6,7,8,9,12	39	18114754	2.1529411881607665e-06
2	straight	mask_13ec	2,3,5,6,7,8,9,12	48	18114754	2.6497737700440207e-06
2	straight	mask_13f1	0,4,5,6,7,8,9,12	5613	18114754	0.00030985792023452267
2	straight	mask_13f2	1,4,5,6,7,8,9,12	2447	18114754	0.00013508325865203581
2	straight	mask_13f4	2,4,5,6,7,8,9,12	466	18114754	2.5724887017510698e-05
2	straight	mask_13f8	3,4,5,6,7,8,9,12	41	18114754	2.2633484285792675e-06
2	straight	mask_143f	0,1,2,3,4,5,10,12	7217	18114754	0.00039840452705016034
2	straight	mask_145f	0,1,2,3,4,6,10,12	1349	18114754	7.4469683662278829e-05
2	straight	mask_146f	0,1,2,3,5,6,10,12	1126	18114754	6.2159276355615975e-05
2	straight	mask_147b	0,1,3,4,5,6,10,12	197	18114754	1.0875113181222334e-05
2	straight	mask_147d	0,2,3,4,5,6,10,12	61	18114754	3.367420832764276e-06
2	straight	mask_147e	1,2,3,4,5,6,10,12	648	18114754	3.5771945895594273e-05
2	straight	mask_149f	0,1,2,3,4,7,10,12	118	18114754	6.51402718469155e-06
2	straight	mask_14af	0,1,2,3,5,7,10,12	740	18114754	4.0850678954845318e-05
2	straight	mask_14b7	0,1,2,4,5,7,10,12	50	18114754	2.7601810104625213e-06
2	straight	mask_14bb	0,1,3,4,5,7,10,12	4	18114754	2.208144808370017e-07
2	straight	mask_14bd	0,2,3,4,5,7,10,12	3	18114754	1.6561086062775129e-07
2	straight	mask_14be	1,2,3,4,5,7,10,12	40	18114754	2.208144808370017e-06
2	straight	mask_14cf	0,1,2,3,6,7,10,12	1755	18114754	9.6882353467234498e-05
2	straight	mask_14d7	0,1,2,4,6,7,10,12	12	18114754	6.6244344251100517e-07
2	straight	mask_14db	0,1,3,4,6,7,10,12	2	18114754	1.1040724041850085e-07
2	straight	mask_14de	1,2,3,4,6,7,10,12	38	18114754	2.097737567951516e-06
2	straight	mask_14e7	0,1,2,5,6,7,10,12	341	18114754	1.8824434491354396e-05
2	straight	mask_14eb	0,1,3,5,6,7,10,12	58	18114754	3.2018099721365249e-06
2	straight	mask_14ed	0,2,3,5,6,7,10,12	54	18114754	2.9809954912995229e-06
2	straight	mask_14ee	1,2,3,5,6,7,10,12	369	18114754	2.0370135857213408e-05
2	straight	mask_14f3	0,1,4,5,6,7,10,12	117	18114754	6.4588235644823e-06
2	straight	mask_14f5	0,2,4,5,6,7,10,12	39	18114754	2.1529411881607665e-06
2	straight	mask_14f6	1,2,4,5,6,7,10,12	267	18114754	1.4739366595869864e-05
2	straight	mask_14f9	0,3,4,5,6,7,10,12	9	18114754	4.9683258188325385e-07
2	straight	mask_14fa	1,3,4,5,6,7,10,12	78	18114754	4.305882376321533e-06
2	straight	mask_14fc	2,3,4,5,6,7,10,12	41	18114754	2.2633484285792675e-06
2	straight	mask_151f	0,1,2,3,4,8,10,12	2148	18114754	0.00011857737620946992
2	straight	mask_152f	0,1,2,3,5,8,10,12	555	18114754	3.0638009216133987e-05
2	straight	mask_153e	1,2,3,4,5,8,10,12	312	18114754	1.7223529505286132e-05
2	straight	mask_154f	0,1,2,3,6,8,10,12	26	18114754	1.4352941254405111e-06
2	straight	mask_155b	0,1,3,4,6,8,10,12	18743	18114754	0.0010346814535819808
2	straight	mask_155d	0,2,3,4,6,8,10,12	2	18114754	1.1040724041850085e-07
2	straight	mask_155e	1,2,3,4,6,8,10,12	86	18114754	4.7475113379955363e-06
2	straight	mask_156b	0,1,3,5,6,8,10,12	172	18114754	9.4950226759910725e-06
2	straight	mask_156d	0,2,3,5,6,8,10,12	57	18114754	3.1466063519272744e-06
2	straight	mask_156e	1,2,3,5,6,8,10,12	91	18114754	5.0235294390417892e-06
2	straight	mask_1579	0,3,4,5,6,8,10,12	804	18114754	4.4383710648237344e-05
2	straight	mask_157a	1,3,4,5,6,8,10,12	729	18114754	4.0243439132543561e-05
2	straight	mask_157c	2,3,4,5,6,8,10,12	51	18114754	2.8153846306717718e-06
2	straight	mask_158f	0,1,2,3,7,8,10,12	7	18114754	3.8642534146475299e-07
2	straight	mask_1597	0,1,2,4,7,8,10,12	911	18114754	5.0290498010627136e-05
2	straight	mask_159b	0,1,3,4,7,8,10,12	11	18114754	6.0723982230175466e-07
2	straight	mask_159e	1,2,3,4,7,8,10,12	7	18114754	3.8642534146475299e-07
2	straight	mask_15a7	0,1,2,5,7,8,10,12	32	18114754	1.7665158466960136e-06
2	straight	mask_15ab	0,1,3,5,7,8,10,12	3	18114754	1.6561086062775129e-07
2	straight	mask_15ad	0,2,3,5,7,8,10,12	1	18114754	5.5203620209250424e-08
2	straight	mask_15ae	1,2,3,5,7,8,10,12	5	18114754	2.7601810104625213e-07
2	straight	mask_15b3	0,1,4,5,7,8,10,12	2361	18114754	0.00013033574731404025
2	straight	mask_15b5	0,2,4,5,7,8,10,12	134	18114754	7.3972851080395574e-06
2	straight	mask_15b6	1,2,4,5,7,8,10,12	105	18114754	5.7963801219712947e-06
2	straight	mask_15b9	0,3,4,5,7,8,10,12	1	18114754	5.5203620209250424e-08
2	straight	mask_15ba	1,3,4,5,7,8,10,12	8	18114754	4.4162896167400339e-07
2	straight	mask_15bc	2,3,4,5,7,8,10,12	2	18114754	1.1040724041850085e-07
2	straight	mask_15c7	0,1,2,6,7,8,10,12	7	18114754	3.8642534146475299e-07
2	straight	mask_15cb	0,1,3,6,7,8,10,12	3	18114754	1.6561086062775129e-07
2	straight	mask_15cd	0,2,3,6,7,8,10,12	2	18114754	1.1040724041850085e-07
2	straight	mask_15ce	1,2,3,6,7,8,10,12	4	18114754	2.208144808370017e-07
2	straight	mask_15d3	0,1,4,6,7,8,10,12	5571	18114754	0.00030753936818573414
2	straight	mask_15d5	0,2,4,6,7,8,10,12	7	18114754	3.8642534146475299e-07
2	straight	mask_15d6	1,2,4,6,7,8,10,12	41	18114754	2.2633484285792675e-06
2	straight	mask_15da	1,3,4,6,7,8,10,12	29	18114754	1.6009049860682625e-06
2	straight	mask_15e3	0,1,5,6,7,8,10,12	119	18114754	6.569230804900801e-06
2	straight	mask_15e5	0,2,5,6,7,8,10,12	37	18114754	2.0425339477422659e-06
2	straight	mask_15e6	1,2,5,6,7,8,10,12	99	18114754	5.4651584007157925e-06
2	straight	mask_15e9	0,3,5,6,7,8,10,12	7	18114754	3.8642534146475299e-07
2	straight	mask_15ea	1,3,5,6,7,8,10,12	42	18114754	2.318552048788518e-06
2	straight	mask_15ec	2,3,5,6,7,8,10,12	19	18114754	1.048868783975758e-06
2	straight	mask_15f1	0,4,5,6,7,8,10,12	371	18114754	2.0480543097631907e-05
2	straight	mask_15f2	1,4,5,6,7,8,10,12	461	18114754	2.5448868916464447e-05
2	straight	mask_15f4	2,4,5,6,7,8,10,12	55	18114754	3.0361991115087734e-06
2	straight	mask_15f8	3,4,5,6,7,8,10,12	15	18114754	8.2805430313875638e-07
2	straight	mask_164f	0,1,2,3,6,9,10,12	47	18114754	2.5945701498347702e-06
2	straight	mask_165b	0,1,3,4,6,9,10,12	13	18114754	7.1764706272025557e-07
2	straight	mask_165d	0,2,3,4,6,9,10,12	7	18114754	3.8642534146475299e-07
2	straight	mask_165e	1,2,3,4,6,9,10,12	131	18114754	7.2316742474118063e-06
2	straight	mask_166b	0,1,3,5,6,9,10,12	138	18114754	7.6180995888765586e-06
2	straight	mask_166d	0,2,3,5,6,9,10,12	112	18114754	6.1828054634360478e-06
2	straight	mask_166e	1,2,3,5,6,9,10,12	323	18114754	1.7830769327587889e-05
2	straight	mask_167a	1,3,4,5,6,9,10,12	115	18114754	6.3484163240637989e-06
2	straight	mask_167c	2,3,4,5,6,9,10,12	86	18114754	4.7475113379955363e-06
2	straight	mask_168f	0,1,2,3,7,9,10,12	59	18114754	3.257013592345775e-06
2	straight	mask_1697	0,1,2,4,7,9,10,12	2	18114754	1.1040724041850085e-07
2	straight	mask_169d	0,2,3,4,7,9,10,12	1	18114754	5.5203620209250424e-08
2	straight	mask_169e	1,2,3,4,7,9,10,12	2	18114754	1.1040724041850085e-07
2	straight	mask_16a7	0,1,2,5,7,9,10,12	60	18114754	3.3122172125550255e-06
2	straight	mask_16ab	0,1,3,5,7,9,10,12	3	18114754	1.6561086062775129e-07
2	straight	mask_16ad	0,2,3,5,7,9,10,12	17	18114754	9.384615435572573e-07
2	straight	mask_16ae	1,2,3,5,7,9,10,12	17	18114754	9.384615435572573e-07
2	straight	mask_16b3	0,1,4,5,7,9,10,12	131	18114754	7.2316742474118063e-06
2	straight	mask_16b5	0,2,4,5,7,9,10,12	34	18114754	1.8769230871145146e-06
2	straight	mask_16b6	1,2,4,5,7,9,10,12	60	18114754	3.3122172125550255e-06
2	straight	mask_16b9	0,3,4,5,7,9,10,12	2	18114754	1.1040724041850085e-07
2	straight	mask_16ba	1,3,4,5,7,9,10,12	10	18114754	5.5203620209250426e-07
2	straight	mask_16bc	2,3,4,5,7,9,10,12	3	18114754	1.6561086062775129e-07
2	straight	mask_16c7	0,1,2,6,7,9,10,12	25	18114754	1.3800905052312606e-06
2	straight	mask_16cb	0,1,3,6,7,9,10,12	7	18114754	3.8642534146475299e-07
2	straight	mask_16cd	0,2,3,6,7,9,10,12	4	18114754	2.208144808370017e-07
2	straight	mask_16ce	1,2,3,6,7,9,10,12	71	18114754	3.9194570348567799e-06
2	straight	mask_16d3	0,1,4,6,7,9,10,12	32	18114754	1.7665158466960136e-06
2	straight	mask_16d5	0,2,4,6,7,9,10,12	6	18114754	3.3122172125550258e-07
2	straight	mask_16d6	1,2,4,6,7,9,10,12	55	18114754	3.0361991115087734e-06
2	straight	mask_16d9	0,3,4,6,7,9,10,12	2	18114754	1.1040724041850085e-07
2	straight	mask_16da	1,3,4,6,7,9,10,12	26	18114754	1.4352941254405111e-06
2	straight	mask_16dc	2,3,4,6,7,9,10,12	8	18114754	4.4162896167400339e-07
2	straight	mask_16e3	0,1,5,6,7,9,10,12	327	18114754	1.8051583808424889e-05
2	straight	mask_16e5	0,2,5,6,7,9,10,12	125	18114754	6.9004525261563032e-06
2	straight	mask_16e6	1,2,5,6,7,9,10,12	547	18114754	3.0196380254459983e-05
2	straight	mask_16e9	0,3,5,6,7,9,10,12	25	18114754	1.3800905052312606e-06
2	straight	mask_16ea	1,3,5,6,7,9,10,12	159	18114754	8.7773756132708172e-06
2	straight	mask_16ec	2,3,5,6,7,9,10,12	96	18114754	5.2995475400880414e-06
2	straight	mask_16f1	0,4,5,6,7,9,10,12	195	18114754	1.0764705940803834e-05
2	straight	mask_16f2	1,4,5,6,7,9,10,12	403	18114754	2.2247058944327923e-05
2	straight	mask_16f4	2,4,5,6,7,9,10,12	217	18114754	1.1979185585407343e-05
2	straight	mask_16f8	3,4,5,6,7,9,10,12	94	18114754	5.1891402996695403e-06
2	straight	mask_174d	0,2,3,6,8,9,10,12	1	18114754	5.5203620209250424e-08
2	straight	mask_174e	1,2,3,6,8,9,10,12	4	18114754	2.208144808370017e-07
2	straight	mask_176c	2,3,5,6,8,9,10,12	28	18114754	1.545701365859012e-06
2	straight	mask_1787	0,1,2,7,8,9,10,12	2	18114754	1.1040724041850085e-07
2	straight	mask_1793	0,1,4,7,8,9,10,12	1261	18114754	6.9611765083864787e-05
2	straight	mask_1795	0,2,4,7,8,9,10,12	12	18114754	6.6244344251100517e-07
2	straight	mask_1796	1,2,4,7,8,9,10,12	9	18114754	4.9683258188325385e-07
2	straight	mask_1799	0,3,4,7,8,9,10,12	2	18114754	1.1040724041850085e-07
2	straight	mask_179a	1,3,4,7,8,9,10,12	1	18114754	5.5203620209250424e-08
2	straight	mask_17a3	0,1,5,7,8,9,10,12	78	18114754	4.305882376321533e-06
2	straight	mask_17a5	0,2,5,7,8,9,10,12	19	18114754	1.048868783975758e-06
2	straight	mask_17a6	1,2,5,7,8,9,10,12	29	18114754	1.6009049860682625e-06
2	straight	mask_17a9	0,3,5,7,8,9,10,12	1	18114754	5.5203620209250424e-08
2	straight	mask_17aa	1,3,5,7,8,9,10,12	10	18114754	5.5203620209250426e-07
2	straight	mask_17ac	2,3,5,7,8,9,10,12	2	18114754	1.1040724041850085e-07
2	straight	mask_17b1	0,4,5,7,8,9,10,12	1201	18114754	6.6299547871309758e-05
2	straight	mask_17b2	1,4,5,7,8,9,10,12	544	18114754	3.0030769393832234e-05
2	straight	mask_17b4	2,4,5,7,8,9,10,12	57	18114754	3.1466063519272744e-06
2	straight	mask_17b8	3,4,5,7,8,9,10,12	12	18114754	6.6244344251100517e-07
2	straight	mask_17c3	0,1,6,7,8,9,10,12	28	18114754	1.545701365859012e-06
2	straight	mask_17c5	0,2,6,7,8,9,10,12	5	18114754	2.7601810104625213e-07
2	straight	mask_17c6	1,2,6,7,8,9,10,12	20	18114754	1.1040724041850085e-06
2	straight	mask_17c9	0,3,6,7,8,9,10,12	2	18114754	1.1040724041850085e-07
2	straight	mask_17ca	1,3,6,7,8,9,10,12	8	18114754	4.4162896167400339e-07
2	straight	mask_17cc	2,3,6,7,8,9,10,12	23	18114754	1.2696832648127598e-06
2	straight	mask_17d1	0,4,6,7,8,9,10,12	80	18114754	4.416289616740034e-06
2	straight	mask_17d2	1,4,6,7,8,9,10,12	60	18114754	3.3122172125550255e-06
2	straight	mask_17d4	2,4,6,7,8,9,10,12	20	18114754	1.1040724041850085e-06
2	straight	mask_17d8	3,4,6,7,8,9,10,12	8	18114754	4.4162896167400339e-07
2	straight	mask_17e1	0,5,6,7,8,9,10,12	233	18114754	1.2862443508755349e-05
2	straight	mask_17e2	1,5,6,7,8,9,10,12	473	18114754	2.6111312358975451e-05
2	straight	mask_17e4	2,5,6,7,8,9,10,12	242	18114754	1.3359276090638604e-05
2	straight	mask_17e8	3,5,6,7,8,9,10,12	36	18114754	1.9873303275330154e-06
2	straight	mask_183f	0,1,2,3,4,5,11,12	390	18114754	2.1529411881607668e-05
2	straight	mask_185f	0,1,2,3,4,6,11,12	141	18114754	7.7837104495043105e-06
2	straight	mask_186f	0,1,2,3,5,6,11,12	73	18114754	4.0298642752752809e-06
2	straight	mask_1877	0,1,2,4,5,6,11,12	52	18114754	2.8705882508810223e-06
2	straight	mask_187b	0,1,3,4,5,6,11,12	11	18114754	6.0723982230175466e-07
2	straight	mask_187d	0,2,3,4,5,6,11,12	5	18114754	2.7601810104625213e-07
2	straight	mask_187e	1,2,3,4,5,6,11,12	57	18114754	3.1466063519272744e-06
2	straight	mask_189f	0,1,2,3,4,7,11,12	6	18114754	3.3122172125550258e-07
2	straight	mask_18af	0,1,2,3,5,7,11,12	29	18114754	1.6009049860682625e-06
2	straight	mask_18b7	0,1,2,4,5,7,11,12	4	18114754	2.208144808370017e-07
2	straight	mask_18bd	0,2,3,4,5,7,11,12	1	18114754	5.5203620209250424e-08
2	straight	mask_18be	1,2,3,4,5,7,11,12	3	18114754	1.6561086062775129e-07
2	straight	mask_18cf	0,1,2,3,6,7,11,12	140	18114754	7.7285068292950596e-06
2	straight	mask_18d7	0,1,2,4,6,7,11,12	3	18114754	1.6561086062775129e-07
2	straight	mask_18db	0,1,3,4,6,7,11,12	1	18114754	5.5203620209250424e-08
2	straight	mask_18de	1,2,3,4,6,7,11,12	7	18114754	3.8642534146475299e-07
2	straight	mask_18e7	0,1,2,5,6,7,11,12	46	18114754	2.5393665296255197e-06
2	straight	mask_18eb	0,1,3,5,6,7,11,12	3	18114754	1.6561086062775129e-07
2	straight	mask_18ed	0,2,3,5,6,7,11,12	27	18114754	1.4904977456497614e-06
2	straight	mask_18ee	1,2,3,5,6,7,11,12	217	18114754	1.1979185585407343e-05
2	straight	mask_18f3	0,1,4,5,6,7,11,12	10	18114754	5.5203620209250426e-07
2	straight	mask_18f5	0,2,4,5,6,7,11,12	3	18114754	1.6561086062775129e-07
2	straight	mask_18f6	1,2,4,5,6,7,11,12	42	18114754	2.318552048788518e-06
2	straight	mask_18f9	0,3,4,5,6,7,11,12	2	18114754	1.1040724041850085e-07
2	straight	mask_18fa	1,3,4,5,6,7,11,12	6	18114754	3.3122172125550258e-07
2	straight	mask_18fc	2,3,4,5,6,7,11,12	4	18114754	2.208144808370017e-07
2	straight	mask_191f	0,1,2,3,4,8,11,12	141	18114754	7.7837104495043105e-06
2	straight	mask_192f	0,1,2,3,5,8,11,12	3	18114754	1.6561086062775129e-07
2	straight	mask_1937	0,1,2,4,5,8,11,12	434	18114754	2.3958371170814685e-05
2	straight	mask_193b	0,1,3,4,5,8,11,12	10	18114754	5.5203620209250426e-07
2	straight	mask_193d	0,2,3,4,5,8,11,12	24	18114754	1.3248868850220103e-06
2	straight	mask_193e	1,2,3,4,5,8,11,12	25	18114754	1.3800905052312606e-06
2	straight	mask_194f	0,1,2,3,6,8,11,12	3	18114754	1.6561086062775129e-07
2	straight	mask_1957	0,1,2,4,6,8,11,12	252	18114754	1.3911312292731108e-05
2	straight	mask_195b	0,1,3,4,6,8,11,12	231	18114754	1.2752036268336849e-05
2	straight	mask_195e	1,2,3,4,6,8,11,12	2	18114754	1.1040724041850085e-07
2	straight	mask_1967	0,1,2,5,6,8,11,12	15	18114754	8.2805430313875638e-07
2	straight	mask_196b	0,1,3,5,6,8,11,12	1	18114754	5.5203620209250424e-08
2	straight	mask_196d	0,2,3,5,6,8,11,12	1	18114754	5.5203620209250424e-08
2	straight	mask_196e	1,2,3,5,6,8,11,12	9	18114754	4.9683258188325385e-07
2	straight	mask_1973	0,1,4,5,6,8,11,12	2393	18114754	0.00013210226316073627
2	straight	mask_1975	0,2,4,5,6,8,11,12	26	18114754	1.4352941254405111e-06
2	straight	mask_1976	1,2,4,5,6,8,11,12	58	18114754	3.2018099721365249e-06
2	straight	mask_1979	0,3,4,5,6,8,11,12	33	18114754	1.8217194669052641e-06
2	straight	mask_197a	1,3,4,5,6,8,11,12	19	18114754	1.048868783975758e-06
2	straight	mask_197c	2,3,4,5,6,8,11,12	2	18114754	1.1040724041850085e-07
2	straight	mask_198f	0,1,2,3,7,8,11,12	2	18114754	1.1040724041850085e-07
2	straight	mask_1997	0,1,2,4,7,8,11,12	375	18114754	2.070135757846891e-05
2	straight	mask_199e	1,2,3,4,7,8,11,12	1	18114754	5.5203620209250424e-08
2	straight	mask_19a7	0,1,2,5,7,8,11,12	4	18114754	2.208144808370017e-07
2	straight	mask_19b3	0,1,4,5,7,8,11,12	7	18114754	3.8642534146475299e-07
2	straight	mask_19b5	0,2,4,5,7,8,11,12	16	18114754	8.8325792334800679e-07
2	straight	mask_19b6	1,2,4,5,7,8,11,12	16	18114754	8.8325792334800679e-07
2	straight	mask_19c7	0,1,2,6,7,8,11,12	2	18114754	1.1040724041850085e-07
2	straight	mask_19cb	0,1,3,6,7,8,11,12	2	18114754	1.1040724041850085e-07
2	straight	mask_19d3	0,1,4,6,7,8,11,12	260	18114754	1.4352941254405111e-05
2	straight	mask_19d5	0,2,4,6,7,8,11,12	1	18114754	5.5203620209250424e-08
2	straight	mask_19d6	1,2,4,6,7,8,11,12	13	18114754	7.1764706272025557e-07
2	straight	mask_19da	1,3,4,6,7,8,11,12	5	18114754	2.7601810104625213e-07
2	straight	mask_19e3	0,1,5,6,7,8,11,12	13	18114754	7.1764706272025557e-07
2	straight	mask_19e5	0,2,5,6,7,8,11,12	1	18114754	5.5203620209250424e-08
2	straight	mask_19e6	1,2,5,6,7,8,11,12	81	18114754	4.4714932369492841e-06
2	straight	mask_19ea	1,3,5,6,7,8,11,12	2	18114754	1.1040724041850085e-07
2	straight	mask_19ec	2,3,5,6,7,8,11,12	17	18114754	9.384615435572573e-07
2	straight	mask_19f1	0,4,5,6,7,8,11,12	30	18114754	1.6561086062775128e-06
2	straight	mask_19f2	1,4,5,6,7,8,11,12	16	18114754	8.8325792334800679e-07
2	straight	mask_19f4	2,4,5,6,7,8,11,12	5	18114754	2.7601810104625213e-07
2	straight	mask_1a1f	0,1,2,3,4,9,11,12	759	18114754	4.1899547738821076e-05
2	straight	mask_1a2f	0,1,2,3,5,9,11,12	63	18114754	3.4778280731827771e-06
2	straight	mask_1a37	0,1,2,4,5,9,11,12	109	18114754	6.0171946028082967e-06
2	straight	mask_1a3b	0,1,3,4,5,9,11,12	7	18114754	3.8642534146475299e-07
2	straight	mask_1a3d	0,2,3,4,5,9,11,12	19	18114754	1.048868783975758e-06
2	straight	mask_1a3e	1,2,3,4,5,9,11,12	62	18114754	3.4226244529735266e-06
2	straight	mask_1a4f	0,1,2,3,6,9,11,12	9	18114754	4.9683258188325385e-07
2	straight	mask_1a57	0,1,2,4,6,9,11,12	13	18114754	7.1764706272025557e-07
2	straight	mask_1a5e	1,2,3,4,6,9,11,12	4	18114754	2.208144808370017e-07
2	straight	mask_1a67	0,1,2,5,6,9,11,12	57	18114754	3.1466063519272744e-06
2	straight	mask_1a6b	0,1,3,5,6,9,11,12	8	18114754	4.4162896167400339e-07
2	straight	mask_1a6d	0,2,3,5,6,9,11,12	14	18114754	7.7285068292950598e-07
2	straight	mask_1a6e	1,2,3,5,6,9,11,12	25	18114754	1.3800905052312606e-06
2	straight	mask_1a73	0,1,4,5,6,9,11,12	144	18114754	7.9493213101320616e-06
2	straight	mask_1a75	0,2,4,5,6,9,11,12	44	18114754	2.4289592892070186e-06
2	straight	mask_1a76	1,2,4,5,6,9,11,12	98	18114754	5.4099547805065415e-06
2	straight	mask_1a79	0,3,4,5,6,9,11,12	4	18114754	2.208144808370017e-07
2	straight	mask_1a7a	1,3,4,5,6,9,11,12	10	18114754	5.5203620209250426e-07
2	straight	mask_1a7c	2,3,4,5,6,9,11,12	9	18114754	4.9683258188325385e-07
2	straight	mask_1a8f	0,1,2,3,7,9,11,12	6	18114754	3.3122172125550258e-07
2	straight	mask_1aa7	0,1,2,5,7,9,11,12	6	18114754	3.3122172125550258e-07
2	straight	mask_1aab	0,1,3,5,7,9,11,12	1	18114754	5.5203620209250424e-08
2	straight	mask_1aae	1,2,3,5,7,9,11,12	1	18114754	5.5203620209250424e-08
2	straight	mask_1ab3	0,1,4,5,7,9,11,12	4	18114754	2.208144808370017e-07
2	straight	mask_1ab5	0,2,4,5,7,9,11,12	3	18114754	1.6561086062775129e-07
2	straight	mask_1ab6	1,2,4,5,7,9,11,12	4	18114754	2.208144808370017e-07
2	straight	mask_1abc	2,3,4,5,7,9,11,12	2	18114754	1.1040724041850085e-07
2	straight	mask_1ac7	0,1,2,6,7,9,11,12	12	18114754	6.6244344251100517e-07
2	straight	mask_1acb	0,1,3,6,7,9,11,12	1	18114754	5.5203620209250424e-08
2	straight	mask_1acd	0,2,3,6,7,9,11,12	4	18114754	2.208144808370017e-07
2	straight	mask_1ace	1,2,3,6,7,9,11,12	4	18114754	2.208144808370017e-07
2	straight	mask_1ad3	0,1,4,6,7,9,11,12	2	18114754	1.1040724041850085e-07
2	straight	mask_1ad5	0,2,4,6,7,9,11,12	1	18114754	5.5203620209250424e-08
2	straight	mask_1ad6	1,2,4,6,7,9,11,12	8	18114754	4.4162896167400339e-07
2	straight	mask_1ada	1,3,4,6,7,9,11,12	1	18114754	5.5203620209250424e-08
2	straight	mask_1adc	2,3,4,6,7,9,11,12	3	18114754	1.6561086062775129e-07
2	straight	mask_1ae3	0,1,5,6,7,9,11,12	31	18114754	1.7113122264867633e-06
2	straight	mask_1ae5	0,2,5,6,7,9,11,12	14	18114754	7.7285068292950598e-07
2	straight	mask_1ae6	1,2,5,6,7,9,11,12	113	18114754	6.2380090836452979e-06
2	straight	mask_1ae9	0,3,5,6,7,9,11,12	2	18114754	1.1040724041850085e-07
2	straight	mask_1aea	1,3,5,6,7,9,11,12	10	18114754	5.5203620209250426e-07
2	straight	mask_1af1	0,4,5,6,7,9,11,12	12	18114754	6.6244344251100517e-07
2	straight	mask_1af2	1,4,5,6,7,9,11,12	30	18114754	1.6561086062775128e-06
2	straight	mask_1af4	2,4,5,6,7,9,11,12	29	18114754	1.6009049860682625e-06
2	straight	mask_1af8	3,4,5,6,7,9,11,12	4	18114754	2.208144808370017e-07
2	straight	mask_1b17	0,1,2,4,8,9,11,12	112	18114754	6.1828054634360478e-06
2	straight	mask_1b1b	0,1,3,4,8,9,11,12	1	18114754	5.5203620209250424e-08
2	straight	mask_1b1e	1,2,3,4,8,9,11,12	4	18114754	2.208144808370017e-07
2	straight	mask_1b27	0,1,2,5,8,9,11,12	24	18114754	1.3248868850220103e-06
2	straight	mask_1b2d	0,2,3,5,8,9,11,12	1	18114754	5.5203620209250424e-08
2	straight	mask_1b2e	1,2,3,5,8,9,11,12	1	18114754	5.5203620209250424e-08
2	straight	mask_1b33	0,1,4,5,8,9,11,12	19882	18114754	0.001097558377000317
2	straight	mask_1b35	0,2,4,5,8,9,11,12	234	18114754	1.29176471289646e-05
2	straight	mask_1b36	1,2,4,5,8,9,11,12	149	18114754	8.2253394111783129e-06
2	straight	mask_1b39	0,3,4,5,8,9,11,12	4	18114754	2.208144808370017e-07
2	straight	mask_1b3a	1,3,4,5,8,9,11,12	14	18114754	7.7285068292950598e-07
2	straight	mask_1b3c	2,3,4,5,8,9,11,12	5	18114754	2.7601810104625213e-07
2	straight	mask_1b47	0,1,2,6,8,9,11,12	10	18114754	5.5203620209250426e-07
2	straight	mask_1b53	0,1,4,6,8,9,11,12	1500	18114754	8.2805430313875642e-05
2	straight	mask_1b55	0,2,4,6,8,9,11,12	15	18114754	8.2805430313875638e-07
2	straight	mask_1b56	1,2,4,6,8,9,11,12	14	18114754	7.7285068292950598e-07
2	straight	mask_1b59	0,3,4,6,8,9,11,12	1	18114754	5.5203620209250424e-08
2	straight	mask_1b5a	1,3,4,6,8,9,11,12	1	18114754	5.5203620209250424e-08
2	straight	mask_1b5c	2,3,4,6,8,9,11,12	1	18114754	5.5203620209250424e-08
2	straight	mask_1b63	0,1,5,6,8,9,11,12	176	18114754	9.7158371568280746e-06
2	straight	mask_1b65	0,2,5,6,8,9,11,12	31	18114754	1.7113122264867633e-06
2	straight	mask_1b66	1,2,5,6,8,9,11,12	237	18114754	1.3083257989592351e-05
2	straight	mask_1b6a	1,3,5,6,8,9,11,12	1	18114754	5.5203620209250424e-08
2	straight	mask_1b6c	2,3,5,6,8,9,11,12	14	18114754	7.7285068292950598e-07
2	straight	mask_1b72	1,4,5,6,8,9,11,12	536	18114754	2.9589140432158229e-05
2	straight	mask_1b74	2,4,5,6,8,9,11,12	85	18114754	4.6923077177862862e-06
2	straight	mask_1b78	3,4,5,6,8,9,11,12	7	18114754	3.8642534146475299e-07
2	straight	mask_1ba5	0,2,5,7,8,9,11,12	2	18114754	1.1040724041850085e-07
2	straight	mask_1ba6	1,2,5,7,8,9,11,12	2	18114754	1.1040724041850085e-07
2	straight	mask_1bb1	0,4,5,7,8,9,11,12	2	18114754	1.1040724041850085e-07
2	straight	mask_1bb2	1,4,5,7,8,9,11,12	4	18114754	2.208144808370017e-07
2	straight	mask_1bb4	2,4,5,7,8,9,11,12	5	18114754	2.7601810104625213e-07
2	straight	mask_1bc3	0,1,6,7,8,9,11,12	6	18114754	3.3122172125550258e-07
2	straight	mask_1bc5	0,2,6,7,8,9,11,12	1	18114754	5.5203620209250424e-08
2	straight	mask_1bc6	1,2,6,7,8,9,11,12	4	18114754	2.208144808370017e-07
2	straight	mask_1bcc	2,3,6,7,8,9,11,12	13	18114754	7.1764706272025557e-07
2	straight	mask_1bd1	0,4,6,7,8,9,11,12	4	18114754	2.208144808370017e-07
2	straight	mask_1bd2	1,4,6,7,8,9,11,12	4	18114754	2.208144808370017e-07
2	straight	mask_1bd4	2,4,6,7,8,9,11,12	5	18114754	2.7601810104625213e-07
2	straight	mask_1be1	0,5,6,7,8,9,11,12	12	18114754	6.6244344251100517e-07
2	straight	mask_1be2	1,5,6,7,8,9,11,12	30	18114754	1.6561086062775128e-06
2	straight	mask_1be4	2,5,6,7,8,9,11,12	69	18114754	3.8090497944382793e-06
2	straight	mask_1c1f	0,1,2,3,4,10,11,12	179	18114754	9.8814480174558257e-06
2	straight	mask_1c2f	0,1,2,3,5,10,11,12	8	18114754	4.4162896167400339e-07
2	straight	mask_1c37	0,1,2,4,5,10,11,12	15	18114754	8.2805430313875638e-07
2	straight	mask_1c3b	0,1,3,4,5,10,11,12	4	18114754	2.208144808370017e-07
2	straight	mask_1c3e	1,2,3,4,5,10,11,12	23	18114754	1.2696832648127598e-06
2	straight	mask_1c4f	0,1,2,3,6,10,11,12	6	18114754	3.3122172125550258e-07
2	straight	mask_1c57	0,1,2,4,6,10,11,12	1	18114754	5.5203620209250424e-08
2	straight	mask_1c5b	0,1,3,4,6,10,11,12	1	18114754	5.5203620209250424e-08
2	straight	mask_1c5e	1,2,3,4,6,10,11,12	3	18114754	1.6561086062775129e-07
2	straight	mask_1c67	0,1,2,5,6,10,11,12	16	18114754	8.8325792334800679e-07
2	straight	mask_1c6b	0,1,3,5,6,10,11,12	8	18114754	4.4162896167400339e-07
2	straight	mask_1c6d	0,2,3,5,6,10,11,12	9	18114754	4.9683258188325385e-07
2	straight	mask_1c6e	1,2,3,5,6,10,11,12	130	18114754	7.1764706272025553e-06
2	straight	mask_1c73	0,1,4,5,6,10,11,12	32	18114754	1.7665158466960136e-06
2	straight	mask_1c75	0,2,4,5,6,10,11,12	7	18114754	3.8642534146475299e-07
2	straight	mask_1c76	1,2,4,5,6,10,11,12	51	18114754	2.8153846306717718e-06
2	straight	mask_1c7a	1,3,4,5,6,10,11,12	13	18114754	7.1764706272025557e-07
2	straight	mask_1c7c	2,3,4,5,6,10,11,12	9	18114754	4.9683258188325385e-07
2	straight	mask_1c8f	0,1,2,3,7,10,11,12	14	18114754	7.7285068292950598e-07
2	straight	mask_1ca7	0,1,2,5,7,10,11,12	3	18114754	1.6561086062775129e-07
2	straight	mask_1cab	0,1,3,5,7,10,11,12	1	18114754	5.5203620209250424e-08
2	straight	mask_1cad	0,2,3,5,7,10,11,12	9	18114754	4.9683258188325385e-07
2	straight	mask_1cae	1,2,3,5,7,10,11,12	3	18114754	1.6561086062775129e-07
2	straight	mask_1cb3	0,1,4,5,7,10,11,12	10	18114754	5.5203620209250426e-07
2	straight	mask_1cb6	1,2,4,5,7,10,11,12	5	18114754	2.7601810104625213e-07
2	straight	mask_1cba	1,3,4,5,7,10,11,12	1	18114754	5.5203620209250424e-08
2	straight	mask_1cbc	2,3,4,5,7,10,11,12	1	18114754	5.5203620209250424e-08
2	straight	mask_1cc7	0,1,2,6,7,10,11,12	11	18114754	6.0723982230175466e-07
2	straight	mask_1ccb	0,1,3,6,7,10,11,12	4	18114754	2.208144808370017e-07
2	straight	mask_1ccd	0,2,3,6,7,10,11,12	2	18114754	1.1040724041850085e-07
2	straight	mask_1cd3	0,1,4,6,7,10,11,12	3	18114754	1.6561086062775129e-07
2	straight	mask_1cd6	1,2,4,6,7,10,11,12	7	18114754	3.8642534146475299e-07
2	straight	mask_1cda	1,3,4,6,7,10,11,12	8	18114754	4.4162896167400339e-07
2	straight	mask_1cdc	2,3,4,6,7,10,11,12	6	18114754	3.3122172125550258e-07
2	straight	mask_1ce3	0,1,5,6,7,10,11,12	109	18114754	6.0171946028082967e-06
2	straight	mask_1ce5	0,2,5,6,7,10,11,12	42	18114754	2.318552048788518e-06
2	straight	mask_1ce6	1,2,5,6,7,10,11,12	236	18114754	1.30280543693831e-05
2	straight	mask_1ce9	0,3,5,6,7,10,11,12	9	18114754	4.9683258188325385e-07
2	straight	mask_1cf1	0,4,5,6,7,10,11,12	14	18114754	7.7285068292950598e-07
2	straight	mask_1cf2	1,4,5,6,7,10,11,12	55	18114754	3.0361991115087734e-06
2	straight	mask_1cf4	2,4,5,6,7,10,11,12	27	18114754	1.4904977456497614e-06
2	straight	mask_1cf8	3,4,5,6,7,10,11,12	7	18114754	3.8642534146475299e-07
2	straight	mask_1d17	0,1,2,4,8,10,11,12	54	18114754	2.9809954912995229e-06
2	straight	mask_1d1b	0,1,3,4,8,10,11,12	1	18114754	5.5203620209250424e-08
2	straight	mask_1d1e	1,2,3,4,8,10,11,12	5	18114754	2.7601810104625213e-07
2	straight	mask_1d27	0,1,2,5,8,10,11,12	6	18114754	3.3122172125550258e-07
2	straight	mask_1d2b	0,1,3,5,8,10,11,12	1	18114754	5.5203620209250424e-08
2	straight	mask_1d2d	0,2,3,5,8,10,11,12	2	18114754	1.1040724041850085e-07
2	straight	mask_1d2e	1,2,3,5,8,10,11,12	1	18114754	5.5203620209250424e-08
2	straight	mask_1d33	0,1,4,5,8,10,11,12	4674	18114754	0.0002580217208580365
2	straight	mask_1d35	0,2,4,5,8,10,11,12	21	18114754	1.159276024394259e-06
2	straight	mask_1d36	1,2,4,5,8,10,11,12	33	18114754	1.8217194669052641e-06
2	straight	mask_1d39	0,3,4,5,8,10,11,12	1	18114754	5.5203620209250424e-08
2	straight	mask_1d3a	1,3,4,5,8,10,11,12	3	18114754	1.6561086062775129e-07
2	straight	mask_1d4e	1,2,3,6,8,10,11,12	1	18114754	5.5203620209250424e-08
2	straight	mask_1d53	0,1,4,6,8,10,11,12	424	18114754	2.3406334968722182e-05
2	straight	mask_1d55	0,2,4,6,8,10,11,12	4	18114754	2.208144808370017e-07
2	straight	mask_1d56	1,2,4,6,8,10,11,12	7	18114754	3.8642534146475299e-07
2	straight	mask_1d5a	1,3,4,6,8,10,11,12	3	18114754	1.6561086062775129e-07
2	straight	mask_1d63	0,1,5,6,8,10,11,12	33	18114754	1.8217194669052641e-06
2	straight	mask_1d65	0,2,5,6,8,10,11,12	7	18114754	3.8642534146475299e-07
2	straight	mask_1d66	1,2,5,6,8,10,11,12	120	18114754	6.6244344251100511e-06
2	straight	mask_1d69	0,3,5,6,8,10,11,12	1	18114754	5.5203620209250424e-08
2	straight	mask_1d6a	1,3,5,6,8,10,11,12	16	18114754	8.8325792334800679e-07
2	straight	mask_1d6c	2,3,5,6,8,10,11,12	11	18114754	6.0723982230175466e-07
2	straight	mask_1d72	1,4,5,6,8,10,11,12	143	18114754	7.8941176899228107e-06
2	straight	mask_1d74	2,4,5,6,8,10,11,12	17	18114754	9.384615435572573e-07
2	straight	mask_1d78	3,4,5,6,8,10,11,12	5	18114754	2.7601810104625213e-07
2	straight	mask_1d93	0,1,4,7,8,10,11,12	1	18114754	5.5203620209250424e-08
2	straight	mask_1d96	1,2,4,7,8,10,11,12	3	18114754	1.6561086062775129e-07
2	straight	mask_1da3	0,1,5,7,8,10,11,12	3	18114754	1.6561086062775129e-07
2	straight	mask_1da5	0,2,5,7,8,10,11,12	2	18114754	1.1040724041850085e-07
2	straight	mask_1da6	1,2,5,7,8,10,11,12	2	18114754	1.1040724041850085e-07
2	straight	mask_1da9	0,3,5,7,8,10,11,12	1	18114754	5.5203620209250424e-08
2	straight	mask_1daa	1,3,5,7,8,10,11,12	1	18114754	5.5203620209250424e-08
2	straight	mask_1dac	2,3,5,7,8,10,11,12	1	18114754	5.5203620209250424e-08
2	straight	mask_1db2	1,4,5,7,8,10,11,12	14	18114754	7.7285068292950598e-07
2	straight	mask_1dc3	0,1,6,7,8,10,11,12	3	18114754	1.6561086062775129e-07
2	straight	mask_1dc6	1,2,6,7,8,10,11,12	2	18114754	1.1040724041850085e-07
2	straight	mask_1dca	1,3,6,7,8,10,11,12	4	18114754	2.208144808370017e-07
2	straight	mask_1dcc	2,3,6,7,8,10,11,12	11	18114754	6.0723982230175466e-07
2	straight	mask_1dd2	1,4,6,7,8,10,11,12	9	18114754	4.9683258188325385e-07
2	straight	mask_1dd4	2,4,6,7,8,10,11,12	1	18114754	5.5203620209250424e-08
2	straight	mask_1de1	0,5,6,7,8,10,11,12	34	18114754	1.8769230871145146e-06
2	straight	mask_1de2	1,5,6,7,8,10,11,12	84	18114754	4.6371040975770361e-06
2	straight	mask_1de4	2,5,6,7,8,10,11,12	31	18114754	1.7113122264867633e-06
2	straight	mask_1e17	0,1,2,4,9,10,11,12	17	18114754	9.384615435572573e-07
2	straight	mask_1e1d	0,2,3,4,9,10,11,12	1	18114754	5.5203620209250424e-08
2	straight	mask_1e1e	1,2,3,4,9,10,11,12	21	18114754	1.159276024394259e-06
2	straight	mask_1e27	0,1,2,5,9,10,11,12	21	18114754	1.159276024394259e-06
2	straight	mask_1e2b	0,1,3,5,9,10,11,12	3	18114754	1.6561086062775129e-07
2	straight	mask_1e2d	0,2,3,5,9,10,11,12	4	18114754	2.208144808370017e-07
2	straight	mask_1e2e	1,2,3,5,9,10,11,12	11	18114754	6.0723982230175466e-07
2	straight	mask_1e33	0,1,4,5,9,10,11,12	399	18114754	2.2026244463490919e-05
2	straight	mask_1e35	0,2,4,5,9,10,11,12	44	18114754	2.4289592892070186e-06
2	straight	mask_1e36	1,2,4,5,9,10,11,12	76	18114754	4.195475135903032e-06
2	straight	mask_1e39	0,3,4,5,9,10,11,12	4	18114754	2.208144808370017e-07
2	straight	mask_1e3a	1,3,4,5,9,10,11,12	10	18114754	5.5203620209250426e-07
2	straight	mask_1e3c	2,3,4,5,9,10,11,12	4	18114754	2.208144808370017e-07
2	straight	mask_1e47	0,1,2,6,9,10,11,12	1	18114754	5.5203620209250424e-08
2	straight	mask_1e53	0,1,4,6,9,10,11,12	16	18114754	8.8325792334800679e-07
2	straight	mask_1e55	0,2,4,6,9,10,11,12	13	18114754	7.1764706272025557e-07
2	straight	mask_1e56	1,2,4,6,9,10,11,12	11	18114754	6.0723982230175466e-07
2	straight	mask_1e59	0,3,4,6,9,10,11,12	2	18114754	1.1040724041850085e-07
2	straight	mask_1e5a	1,3,4,6,9,10,11,12	4	18114754	2.208144808370017e-07
2	straight	mask_1e5c	2,3,4,6,9,10,11,12	2	18114754	1.1040724041850085e-07
2	straight	mask_1e63	0,1,5,6,9,10,11,12	157	18114754	8.666968372852317e-06
2	straight	mask_1e65	0,2,5,6,9,10,11,12	48	18114754	2.6497737700440207e-06
2	straight	mask_1e66	1,2,5,6,9,10,11,12	613	18114754	3.3839819188270514e-05
2	straight	mask_1e69	0,3,5,6,9,10,11,12	6	18114754	3.3122172125550258e-07
2	straight	mask_1e6a	1,3,5,6,9,10,11,12	26	18114754	1.4352941254405111e-06
2	straight	mask_1e72	1,4,5,6,9,10,11,12	434	18114754	2.3958371170814685e-05
2	straight	mask_1e74	2,4,5,6,9,10,11,12	175	18114754	9.6606335366188253e-06
2	straight	mask_1e78	3,4,5,6,9,10,11,12	16	18114754	8.8325792334800679e-07
2	straight	mask_1e93	0,1,4,7,9,10,11,12	1	18114754	5.5203620209250424e-08
2	straight	mask_1e96	1,2,4,7,9,10,11,12	1	18114754	5.5203620209250424e-08
2	straight	mask_1ea3	0,1,5,7,9,10,11,12	18	18114754	9.936651637665077e-07
2	straight	mask_1ea5	0,2,5,7,9,10,11,12	2	18114754	1.1040724041850085e-07
2	straight	mask_1ea6	1,2,5,7,9,10,11,12	5	18114754	2.7601810104625213e-07
2	straight	mask_1eb2	1,4,5,7,9,10,11,12	23	18114754	1.2696832648127598e-06
2	straight	mask_1eb4	2,4,5,7,9,10,11,12	9	18114754	4.9683258188325385e-07
2	straight	mask_1ec3	0,1,6,7,9,10,11,12	41	18114754	2.2633484285792675e-06
2	straight	mask_1ec5	0,2,6,7,9,10,11,12	4	18114754	2.208144808370017e-07
2	straight	mask_1ec9	0,3,6,7,9,10,11,12	2	18114754	1.1040724041850085e-07
2	straight	mask_1ed2	1,4,6,7,9,10,11,12	39	18114754	2.1529411881607665e-06
2	straight	mask_1ed4	2,4,6,7,9,10,11,12	14	18114754	7.7285068292950598e-07
2	straight	mask_1ee1	0,5,6,7,9,10,11,12	126	18114754	6.9556561463655541e-06
2	straight	mask_1f13	0,1,4,8,9,10,11,12	4247	18114754	0.00023444977502868656
2	straight	mask_1f15	0,2,4,8,9,10,11,12	27	18114754	1.4904977456497614e-06
2	straight	mask_1f16	1,2,4,8,9,10,11,12	6	18114754	3.3122172125550258e-07
2	straight	mask_1f19	0,3,4,8,9,10,11,12	3	18114754	1.6561086062775129e-07
2	straight	mask_1f1c	2,3,4,8,9,10,11,12	1	18114754	5.5203620209250424e-08
2	straight	mask_1f23	0,1,5,8,9,10,11,12	196	18114754	1.0819909561013083e-05
2	straight	mask_1f25	0,2,5,8,9,10,11,12	9	18114754	4.9683258188325385e-07
2	straight	mask_1f26	1,2,5,8,9,10,11,12	42	18114754	2.318552048788518e-06
2	straight	mask_1f29	0,3,5,8,9,10,11,12	1	18114754	5.5203620209250424e-08
2	straight	mask_1f2a	1,3,5,8,9,10,11,12	4	18114754	2.208144808370017e-07
2	straight	mask_1f2c	2,3,5,8,9,10,11,12	1	18114754	5.5203620209250424e-08
2	straight	mask_1f32	1,4,5,8,9,10,11,12	1691	18114754	9.3349321773842465e-05
2	straight	mask_1f34	2,4,5,8,9,10,11,12	68	18114754	3.7538461742290292e-06
2	straight	mask_1f43	0,1,6,8,9,10,11,12	9	18114754	4.9683258188325385e-07
2	straight	mask_1f45	0,2,6,8,9,10,11,12	6	18114754	3.3122172125550258e-07
2	straight	mask_1f46	1,2,6,8,9,10,11,12	20	18114754	1.1040724041850085e-06
2	straight	mask_1f4a	1,3,6,8,9,10,11,12	4	18114754	2.208144808370017e-07
2	straight	mask_1f4c	2,3,6,8,9,10,11,12	6	18114754	3.3122172125550258e-07
2	straight	mask_1f52	1,4,6,8,9,10,11,12	45	18114754	2.4841629094162691e-06
2	straight	mask_1f54	2,4,6,8,9,10,11,12	26	18114754	1.4352941254405111e-06
2	straight	mask_1f62	1,5,6,8,9,10,11,12	921	18114754	5.0842534212719646e-05
2	straight	mask_1f64	2,5,6,8,9,10,11,12	364	18114754	2.0094117756167157e-05
2	straight	mask_1f83	0,1,7,8,9,10,11,12	1	18114754	5.5203620209250424e-08
2	straight	mask_1f8c	2,3,7,8,9,10,11,12	4	18114754	2.208144808370017e-07
2	straight	mask_1f92	1,4,7,8,9,10,11,12	4	18114754	2.208144808370017e-07
2	straight	mask_1fa2	1,5,7,8,9,10,11,12	41	18114754	2.2633484285792675e-06
2	straight	mask_1fa4	2,5,7,8,9,10,11,12	18	18114754	9.936651637665077e-07
2	straight	mask_1fc2	1,6,7,8,9,10,11,12	32	18114754	1.7665158466960136e-06
2	straight	mask_1fc4	2,6,7,8,9,10,11,12	59	18114754	3.257013592345775e-06
2	straight	mask_20bf	0,1,2,3,4,5,7,13	2856	18114754	0.00015766153931761923
2	straight	mask_20df	0,1,2,3,4,6,7,13	2324	18114754	0.00012829321336629799
2	straight	mask_20f7	0,1,2,4,5,6,7,13	1500	18114754	8.2805430313875642e-05
2	straight	mask_20fb	0,1,3,4,5,6,7,13	93	18114754	5.1339366794602894e-06
2	straight	mask_20fd	0,2,3,4,5,6,7,13	109	18114754	6.0171946028082967e-06
2	straight	mask_20fe	1,2,3,4,5,6,7,13	745	18114754	4.112669705589157e-05
2	straight	mask_219f	0,1,2,3,4,7,8,13	244	18114754	1.3469683331057104e-05
2	straight	mask_21af	0,1,2,3,5,7,8,13	5001	18114754	0.00027607330466646138
2	straight	mask_21b7	0,1,2,4,5,7,8,13	195	18114754	1.0764705940803834e-05
2	straight	mask_21bb	0,1,3,4,5,7,8,13	2	18114754	1.1040724041850085e-07
2	straight	mask_21bd	0,2,3,4,5,7,8,13	37	18114754	2.0425339477422659e-06
2	straight	mask_21be	1,2,3,4,5,7,8,13	65	18114754	3.5882353136012777e-06
2	straight	mask_21cf	0,1,2,3,6,7,8,13	5548	18114754	0.00030626968492092138
2	straight	mask_21d7	0,1,2,4,6,7,8,13	61	18114754	3.367420832764276e-06
2	straight	mask_21db	0,1,3,4,6,7,8,13	12	18114754	6.6244344251100517e-07
2	straight	mask_21dd	0,2,3,4,6,7,8,13	2	18114754	1.1040724041850085e-07
2	straight	mask_21de	1,2,3,4,6,7,8,13	37	18114754	2.0425339477422659e-06
2	straight	mask_21e7	0,1,2,5,6,7,8,13	901	18114754	4.9738461808534634e-05
2	straight	mask_21eb	0,1,3,5,6,7,8,13	62	18114754	3.4226244529735266e-06
2	straight	mask_21ed	0,2,3,5,6,7,8,13	119	18114754	6.569230804900801e-06
2	straight	mask_21ee	1,2,3,5,6,7,8,13	250	18114754	1.3800905052312606e-05
2	straight	mask_21f3	0,1,4,5,6,7,8,13	356	18114754	1.9652488794493153e-05
2	straight	mask_21f5	0,2,4,5,6,7,8,13	184	18114754	1.0157466118502079e-05
2	straight	mask_21f6	1,2,4,5,6,7,8,13	539	18114754	2.9754751292785979e-05
2	straight	mask_21f9	0,3,4,5,6,7,8,13	20	18114754	1.1040724041850085e-06
2	straight	mask_21fa	1,3,4,5,6,7,8,13	35	18114754	1.9321267073237649e-06
2	straight	mask_21fc	2,3,4,5,6,7,8,13	36	18114754	1.9873303275330154e-06
2	straight	mask_229f	0,1,2,3,4,7,9,13	530	18114754	2.9257918710902727e-05
2	straight	mask_22bb	0,1,3,4,5,7,9,13	7	18114754	3.8642534146475299e-07
2	straight	mask_22bd	0,2,3,4,5,7,9,13	69	18114754	3.8090497944382793e-06
2	straight	mask_22be	1,2,3,4,5,7,9,13	97	18114754	5.3547511602972914e-06
2	straight	mask_22d7	0,1,2,4,6,7,9,13	69	18114754	3.8090497944382793e-06
2	straight	mask_22db	0,1,3,4,6,7,9,13	7	18114754	3.8642534146475299e-07
2	straight	mask_22dd	0,2,3,4,6,7,9,13	15	18114754	8.2805430313875638e-07
2	straight	mask_22de	1,2,3,4,6,7,9,13	95	18114754	5.2443439198787904e-06
2	straight	mask_22f3	0,1,4,5,6,7,9,13	242	18114754	1.3359276090638604e-05
2	straight	mask_22f5	0,2,4,5,6,7,9,13	502	18114754	2.7712217345043715e-05
2	straight	mask_22f6	1,2,4,5,6,7,9,13	1041	18114754	5.7466968637829697e-05
2	straight	mask_22f9	0,3,4,5,6,7,9,13	61	18114754	3.367420832764276e-06
2	straight	mask_22fa	1,3,4,5,6,7,9,13	132	18114754	7.2868778676210563e-06
2	straight	mask_22fc	2,3,4,5,6,7,9,13	227	18114754	1.2531221787499847e-05
2	straight	mask_238f	0,1,2,3,7,8,9,13	68	18114754	3.7538461742290292e-06
2	straight	mask_239d	0,2,3,4,7,8,9,13	4	18114754	2.208144808370017e-07
2	straight	mask_239e	1,2,3,4,7,8,9,13	13	18114754	7.1764706272025557e-07
2	straight	mask_23ab	0,1,3,5,7,8,9,13	1	18114754	5.5203620209250424e-08
2	straight	mask_23ad	0,2,3,5,7,8,9,13	25	18114754	1.3800905052312606e-06
2	straight	mask_23ae	1,2,3,5,7,8,9,13	24	18114754	1.3248868850220103e-06
2	straight	mask_23b9	0,3,4,5,7,8,9,13	12	18114754	6.6244344251100517e-07
2	straight	mask_23ba	1,3,4,5,7,8,9,13	7	18114754	3.8642534146475299e-07
2	straight	mask_23bc	2,3,4,5,7,8,9,13	22	18114754	1.2144796446035093e-06
2	straight	mask_23c7	0,1,2,6,7,8,9,13	71	18114754	3.9194570348567799e-06
2	straight	mask_23cb	0,1,3,6,7,8,9,13	7	18114754	3.8642534146475299e-07
2	straight	mask_23cd	0,2,3,6,7,8,9,13	22	18114754	1.2144796446035093e-06
2	straight	mask_23ce	1,2,3,6,7,8,9,13	49	18114754	2.7049773902532708e-06
2	straight	mask_23d6	1,2,4,6,7,8,9,13	25	18114754	1.3800905052312606e-06
2	straight	mask_23d9	0,3,4,6,7,8,9,13	8	18114754	4.4162896167400339e-07
2	straight	mask_23da	1,3,4,6,7,8,9,13	24	18114754	1.3248868850220103e-06
2	straight	mask_23dc	2,3,4,6,7,8,9,13	19	18114754	1.048868783975758e-06
2	straight	mask_23e5	0,2,5,6,7,8,9,13	121	18114754	6.679638045319302e-06
2	straight	mask_23e6	1,2,5,6,7,8,9,13	459	18114754	2.5338461676045945e-05
2	straight	mask_23e9	0,3,5,6,7,8,9,13	29	18114754	1.6009049860682625e-06
2	straight	mask_23ea	1,3,5,6,7,8,9,13	63	18114754	3.4778280731827771e-06
2	straight	mask_23ec	2,3,5,6,7,8,9,13	115	18114754	6.3484163240637989e-06
2	straight	mask_249f	0,1,2,3,4,7,10,13	50	18114754	2.7601810104625213e-06
2	straight	mask_24b7	0,1,2,4,5,7,10,13	33	18114754	1.8217194669052641e-06
2	straight	mask_24bb	0,1,3,4,5,7,10,13	9	18114754	4.9683258188325385e-07
2	straight	mask_24bd	0,2,3,4,5,7,10,13	6	18114754	3.3122172125550258e-07
2	straight	mask_24be	1,2,3,4,5,7,10,13	24	18114754	1.3248868850220103e-06
2	straight	mask_24d7	0,1,2,4,6,7,10,13	12	18114754	6.6244344251100517e-07
2	straight	mask_24db	0,1,3,4,6,7,10,13	3	18114754	1.6561086062775129e-07
2	straight	mask_24de	1,2,3,4,6,7,10,13	54	18114754	2.9809954912995229e-06
2	straight	mask_24f3	0,1,4,5,6,7,10,13	118	18114754	6.51402718469155e-06
2	straight	mask_24f5	0,2,4,5,6,7,10,13	62	18114754	3.4226244529735266e-06
2	straight	mask_24f6	1,2,4,5,6,7,10,13	442	18114754	2.4400000132488689e-05
2	straight	mask_24f9	0,3,4,5,6,7,10,13	11	18114754	6.0723982230175466e-07
2	straight	mask_24fa	1,3,4,5,6,7,10,13	149	18114754	8.2253394111783129e-06
2	straight	mask_24fc	2,3,4,5,6,7,10,13	122	18114754	6.7348416655285521e-06
2	straight	mask_258f	0,1,2,3,7,8,10,13	21	18114754	1.159276024394259e-06
2	straight	mask_2597	0,1,2,4,7,8,10,13	1	18114754	5.5203620209250424e-08
2	straight	mask_25a7	0,1,2,5,7,8,10,13	10	18114754	5.5203620209250426e-07
2	straight	mask_25ae	1,2,3,5,7,8,10,13	7	18114754	3.8642534146475299e-07
2	straight	mask_25b6	1,2,4,5,7,8,10,13	8	18114754	4.4162896167400339e-07
2	straight	mask_25ba	1,3,4,5,7,8,10,13	5	18114754	2.7601810104625213e-07
2	straight	mask_25bc	2,3,4,5,7,8,10,13	2	18114754	1.1040724041850085e-07
2	straight	mask_25c7	0,1,2,6,7,8,10,13	11	18114754	6.0723982230175466e-07
2	straight	mask_25cb	0,1,3,6,7,8,10,13	5	18114754	2.7601810104625213e-07
2	straight	mask_25cd	0,2,3,6,7,8,10,13	5	18114754	2.7601810104625213e-07
2	straight	mask_25ce	1,2,3,6,7,8,10,13	7	18114754	3.8642534146475299e-07
2	straight	mask_25d3	0,1,4,6,7,8,10,13	2	18114754	1.1040724041850085e-07
2	straight	mask_25d5	0,2,4,6,7,8,10,13	3	18114754	1.6561086062775129e-07
2	straight	mask_25d6	1,2,4,6,7,8,10,13	7	18114754	3.8642534146475299e-07
2	straight	mask_25d9	0,3,4,6,7,8,10,13	1	18114754	5.5203620209250424e-08
2	straight	mask_25da	1,3,4,6,7,8,10,13	3	18114754	1.6561086062775129e-07
2	straight	mask_25dc	2,3,4,6,7,8,10,13	1	18114754	5.5203620209250424e-08
2	straight	mask_25e3	0,1,5,6,7,8,10,13	76	18114754	4.195475135903032e-06
2	straight	mask_25e5	0,2,5,6,7,8,10,13	47	18114754	2.5945701498347702e-06
2	straight	mask_25e6	1,2,5,6,7,8,10,13	128	18114754	7.0660633867840543e-06
2	straight	mask_25e9	0,3,5,6,7,8,10,13	6	18114754	3.3122172125550258e-07
2	straight	mask_25ea	1,3,5,6,7,8,10,13	52	18114754	2.8705882508810223e-06
2	straight	mask_25ec	2,3,5,6,7,8,10,13	28	18114754	1.545701365859012e-06
2	straight	mask_25f2	1,4,5,6,7,8,10,13	132	18114754	7.2868778676210563e-06
2	straight	mask_25f4	2,4,5,6,7,8,10,13	61	18114754	3.367420832764276e-06
2	straight	mask_269b	0,1,3,4,7,9,10,13	2	18114754	1.1040724041850085e-07
2	straight	mask_269d	0,2,3,4,7,9,10,13	2	18114754	1.1040724041850085e-07
2	straight	mask_269e	1,2,3,4,7,9,10,13	2	18114754	1.1040724041850085e-07
2	straight	mask_26b9	0,3,4,5,7,9,10,13	14	18114754	7.7285068292950598e-07
2	straight	mask_26ba	1,3,4,5,7,9,10,13	17	18114754	9.384615435572573e-07
2	straight	mask_26bc	2,3,4,5,7,9,10,13	27	18114754	1.4904977456497614e-06
2	straight	mask_26d3	0,1,4,6,7,9,10,13	21	18114754	1.159276024394259e-06
2	straight	mask_26d5	0,2,4,6,7,9,10,13	78	18114754	4.305882376321533e-06
2	straight	mask_26d6	1,2,4,6,7,9,10,13	119	18114754	6.569230804900801e-06
2	straight	mask_26d9	0,3,4,6,7,9,10,13	24	18114754	1.3248868850220103e-06
2	straight	mask_26da	1,3,4,6,7,9,10,13	81	18114754	4.4714932369492841e-06
2	straight	mask_26dc	2,3,4,6,7,9,10,13	68	18114754	3.7538461742290292e-06
2	straight	mask_26f2	1,4,5,6,7,9,10,13	748	18114754	4.1292307916519319e-05
2	straight	mask_26f4	2,4,5,6,7,9,10,13	1257	18114754	6.9390950603027783e-05
2	straight	mask_278d	0,2,3,7,8,9,10,13	1	18114754	5.5203620209250424e-08
2	straight	mask_278e	1,2,3,7,8,9,10,13	2	18114754	1.1040724041850085e-07
2	straight	mask_2799	0,3,4,7,8,9,10,13	1	18114754	5.5203620209250424e-08
2	straight	mask_279c	2,3,4,7,8,9,10,13	4	18114754	2.208144808370017e-07
2	straight	mask_27a9	0,3,5,7,8,9,10,13	7	18114754	3.8642534146475299e-07
2	straight	mask_27aa	1,3,5,7,8,9,10,13	13	18114754	7.1764706272025557e-07
2	straight	mask_27ac	2,3,5,7,8,9,10,13	11	18114754	6.0723982230175466e-07
2	straight	mask_27c5	0,2,6,7,8,9,10,13	9	18114754	4.9683258188325385e-07
2	straight	mask_27c6	1,2,6,7,8,9,10,13	112	18114754	6.1828054634360478e-06
2	straight	mask_27c9	0,3,6,7,8,9,10,13	7	18114754	3.8642534146475299e-07
2	straight	mask_27ca	1,3,6,7,8,9,10,13	38	18114754	2.097737567951516e-06
2	straight	mask_27e4	2,5,6,7,8,9,10,13	231	18114754	1.2752036268336849e-05
2	straight	mask_283f	0,1,2,3,4,5,11,13	434	18114754	2.3958371170814685e-05
2	straight	mask_285f	0,1,2,3,4,6,11,13	235	18114754	1.2972850749173851e-05
2	straight	mask_2877	0,1,2,4,5,6,11,13	88	18114754	4.8579185784140373e-06
2	straight	mask_287b	0,1,3,4,5,6,11,13	23	18114754	1.2696832648127598e-06
2	straight	mask_287d	0,2,3,4,5,6,11,13	21	18114754	1.159276024394259e-06
2	straight	mask_287e	1,2,3,4,5,6,11,13	138	18114754	7.6180995888765586e-06
2	straight	mask_289f	0,1,2,3,4,7,11,13	14	18114754	7.7285068292950598e-07
2	straight	mask_28b7	0,1,2,4,5,7,11,13	6	18114754	3.3122172125550258e-07
2	straight	mask_28bd	0,2,3,4,5,7,11,13	5	18114754	2.7601810104625213e-07
2	straight	mask_28be	1,2,3,4,5,7,11,13	2	18114754	1.1040724041850085e-07
2	straight	mask_28d7	0,1,2,4,6,7,11,13	3	18114754	1.6561086062775129e-07
2	straight	mask_28de	1,2,3,4,6,7,11,13	15	18114754	8.2805430313875638e-07
2	straight	mask_28f3	0,1,4,5,6,7,11,13	16	18114754	8.8325792334800679e-07
2	straight	mask_28f5	0,2,4,5,6,7,11,13	19	18114754	1.048868783975758e-06
2	straight	mask_28f6	1,2,4,5,6,7,11,13	134	18114754	7.3972851080395574e-06
2	straight	mask_28f9	0,3,4,5,6,7,11,13	7	18114754	3.8642534146475299e-07
2	straight	mask_28fa	1,3,4,5,6,7,11,13	16	18114754	8.8325792334800679e-07
2	straight	mask_28fc	2,3,4,5,6,7,11,13	53	18114754	2.9257918710902728e-06
2	straight	mask_292f	0,1,2,3,5,8,11,13	1	18114754	5.5203620209250424e-08
2	straight	mask_293b	0,1,3,4,5,8,11,13	1	18114754	5.5203620209250424e-08
2	straight	mask_293d	0,2,3,4,5,8,11,13	1	18114754	5.5203620209250424e-08
2	straight	mask_293e	1,2,3,4,5,8,11,13	6	18114754	3.3122172125550258e-07
2	straight	mask_2957	0,1,2,4,6,8,11,13	3	18114754	1.6561086062775129e-07
2	straight	mask_2967	0,1,2,5,6,8,11,13	12	18114754	6.6244344251100517e-07
2	straight	mask_296d	0,2,3,5,6,8,11,13	3	18114754	1.6561086062775129e-07
2	straight	mask_296e	1,2,3,5,6,8,11,13	2	18114754	1.1040724041850085e-07
2	straight	mask_2975	0,2,4,5,6,8,11,13	14	18114754	7.7285068292950598e-07
2	straight	mask_2976	1,2,4,5,6,8,11,13	33	18114754	1.8217194669052641e-06
2	straight	mask_2979	0,3,4,5,6,8,11,13	2	18114754	1.1040724041850085e-07
2	straight	mask_297a	1,3,4,5,6,8,11,13	2	18114754	1.1040724041850085e-07
2	straight	mask_297c	2,3,4,5,6,8,11,13	1	18114754	5.5203620209250424e-08
2	straight	mask_29a7	0,1,2,5,7,8,11,13	7	18114754	3.8642534146475299e-07
2	straight	mask_29ad	0,2,3,5,7,8,11,13	1	18114754	5.5203620209250424e-08
2	straight	mask_29ae	1,2,3,5,7,8,11,13	1	18114754	5.5203620209250424e-08
2	straight	mask_29b3	0,1,4,5,7,8,11,13	1	18114754	5.5203620209250424e-08
2	straight	mask_29ba	1,3,4,5,7,8,11,13	2	18114754	1.1040724041850085e-07
2	straight	mask_29c7	0,1,2,6,7,8,11,13	3	18114754	1.6561086062775129e-07
2	straight	mask_29dc	2,3,4,6,7,8,11,13	5	18114754	2.7601810104625213e-07
2	straight	mask_29e3	0,1,5,6,7,8,11,13	6	18114754	3.3122172125550258e-07
2	straight	mask_29e5	0,2,5,6,7,8,11,13	5	18114754	2.7601810104625213e-07
2	straight	mask_29e6	1,2,5,6,7,8,11,13	9	18114754	4.9683258188325385e-07
2	straight	mask_29e9	0,3,5,6,7,8,11,13	5	18114754	2.7601810104625213e-07
2	straight	mask_29ea	1,3,5,6,7,8,11,13	1	18114754	5.5203620209250424e-08
2	straight	mask_29f2	1,4,5,6,7,8,11,13	9	18114754	4.9683258188325385e-07
2	straight	mask_29f4	2,4,5,6,7,8,11,13	9	18114754	4.9683258188325385e-07
2	straight	mask_2a1f	0,1,2,3,4,9,11,13	262	18114754	1.4463348494823613e-05
2	straight	mask_2a3b	0,1,3,4,5,9,11,13	4	18114754	2.208144808370017e-07
2	straight	mask_2a3d	0,2,3,4,5,9,11,13	12	18114754	6.6244344251100517e-07
2	straight	mask_2a3e	1,2,3,4,5,9,11,13	27	18114754	1.4904977456497614e-06
2	straight	mask_2a57	0,1,2,4,6,9,11,13	11	18114754	6.0723982230175466e-07
2	straight	mask_2a5b	0,1,3,4,6,9,11,13	1	18114754	5.5203620209250424e-08
2	straight	mask_2a5d	0,2,3,4,6,9,11,13	2	18114754	1.1040724041850085e-07
2	straight	mask_2a5e	1,2,3,4,6,9,11,13	7	18114754	3.8642534146475299e-07
2	straight	mask_2a75	0,2,4,5,6,9,11,13	125	18114754	6.9004525261563032e-06
2	straight	mask_2a76	1,2,4,5,6,9,11,13	172	18114754	9.4950226759910725e-06
2	straight	mask_2a79	0,3,4,5,6,9,11,13	9	18114754	4.9683258188325385e-07
2	straight	mask_2a7a	1,3,4,5,6,9,11,13	24	18114754	1.3248868850220103e-06
2	straight	mask_2a7c	2,3,4,5,6,9,11,13	72	18114754	3.9746606550660308e-06
2	straight	mask_2a97	0,1,2,4,7,9,11,13	1	18114754	5.5203620209250424e-08
2	straight	mask_2a9e	1,2,3,4,7,9,11,13	1	18114754	5.5203620209250424e-08
2	straight	mask_2ab3	0,1,4,5,7,9,11,13	7	18114754	3.8642534146475299e-07
2	straight	mask_2ab5	0,2,4,5,7,9,11,13	10	18114754	5.5203620209250426e-07
2	straight	mask_2ab6	1,2,4,5,7,9,11,13	9	18114754	4.9683258188325385e-07
2	straight	mask_2aba	1,3,4,5,7,9,11,13	1	18114754	5.5203620209250424e-08
2	straight	mask_2abc	2,3,4,5,7,9,11,13	4	18114754	2.208144808370017e-07
2	straight	mask_2ad3	0,1,4,6,7,9,11,13	4	18114754	2.208144808370017e-07
2	straight	mask_2ad5	0,2,4,6,7,9,11,13	14	18114754	7.7285068292950598e-07
2	straight	mask_2ad6	1,2,4,6,7,9,11,13	18	18114754	9.936651637665077e-07
2	straight	mask_2ad9	0,3,4,6,7,9,11,13	2	18114754	1.1040724041850085e-07
2	straight	mask_2ada	1,3,4,6,7,9,11,13	4	18114754	2.208144808370017e-07
2	straight	mask_2adc	2,3,4,6,7,9,11,13	20	18114754	1.1040724041850085e-06
2	straight	mask_2af2	1,4,5,6,7,9,11,13	79	18114754	4.361085996530784e-06
2	straight	mask_2af4	2,4,5,6,7,9,11,13	172	18114754	9.4950226759910725e-06
2	straight	mask_2b0f	0,1,2,3,8,9,11,13	2	18114754	1.1040724041850085e-07
2	straight	mask_2b1b	0,1,3,4,8,9,11,13	1	18114754	5.5203620209250424e-08
2	straight	mask_2b1e	1,2,3,4,8,9,11,13	2	18114754	1.1040724041850085e-07
2	straight	mask_2b2d	0,2,3,5,8,9,11,13	1	18114754	5.5203620209250424e-08
2	straight	mask_2b2e	1,2,3,5,8,9,11,13	1	18114754	5.5203620209250424e-08
2	straight	mask_2b3a	1,3,4,5,8,9,11,13	9	18114754	4.9683258188325385e-07
2	straight	mask_2b3c	2,3,4,5,8,9,11,13	3	18114754	1.6561086062775129e-07
2	straight	mask_2b47	0,1,2,6,8,9,11,13	10	18114754	5.5203620209250426e-07
2	straight	mask_2b4d	0,2,3,6,8,9,11,13	1	18114754	5.5203620209250424e-08
2	straight	mask_2b4e	1,2,3,6,8,9,11,13	2	18114754	1.1040724041850085e-07
2	straight	mask_2b55	0,2,4,6,8,9,11,13	28	18114754	1.545701365859012e-06
2	straight	mask_2b56	1,2,4,6,8,9,11,13	18	18114754	9.936651637665077e-07
2	straight	mask_2b59	0,3,4,6,8,9,11,13	2	18114754	1.1040724041850085e-07
2	straight	mask_2b5a	1,3,4,6,8,9,11,13	1	18114754	5.5203620209250424e-08
2	straight	mask_2b5c	2,3,4,6,8,9,11,13	1	18114754	5.5203620209250424e-08
2	straight	mask_2b65	0,2,5,6,8,9,11,13	43	18114754	2.3737556689977681e-06
2	straight	mask_2b66	1,2,5,6,8,9,11,13	151	18114754	8.3357466515968148e-06
2	straight	mask_2b69	0,3,5,6,8,9,11,13	3	18114754	1.6561086062775129e-07
2	straight	mask_2b6a	1,3,5,6,8,9,11,13	7	18114754	3.8642534146475299e-07
2	straight	mask_2b74	2,4,5,6,8,9,11,13	259	18114754	1.429773763419586e-05
2	straight	mask_2b8e	1,2,3,7,8,9,11,13	2	18114754	1.1040724041850085e-07
2	straight	mask_2b95	0,2,4,7,8,9,11,13	1	18114754	5.5203620209250424e-08
2	straight	mask_2b96	1,2,4,7,8,9,11,13	2	18114754	1.1040724041850085e-07
2	straight	mask_2b9c	2,3,4,7,8,9,11,13	1	18114754	5.5203620209250424e-08
2	straight	mask_2ba3	0,1,5,7,8,9,11,13	1	18114754	5.5203620209250424e-08
2	straight	mask_2ba5	0,2,5,7,8,9,11,13	3	18114754	1.6561086062775129e-07
2	straight	mask_2ba6	1,2,5,7,8,9,11,13	3	18114754	1.6561086062775129e-07
2	straight	mask_2bb2	1,4,5,7,8,9,11,13	1	18114754	5.5203620209250424e-08
2	straight	mask_2bb4	2,4,5,7,8,9,11,13	7	18114754	3.8642534146475299e-07
2	straight	mask_2bc3	0,1,6,7,8,9,11,13	2	18114754	1.1040724041850085e-07
2	straight	mask_2bc5	0,2,6,7,8,9,11,13	3	18114754	1.6561086062775129e-07
2	straight	mask_2bc6	1,2,6,7,8,9,11,13	5	18114754	2.7601810104625213e-07
2	straight	mask_2bd2	1,4,6,7,8,9,11,13	4	18114754	2.208144808370017e-07
2	straight	mask_2bd4	2,4,6,7,8,9,11,13	9	18114754	4.9683258188325385e-07
2	straight	mask_2be2	1,5,6,7,8,9,11,13	64	18114754	3.5330316933920271e-06
2	straight	mask_2c1f	0,1,2,3,4,10,11,13	41	18114754	2.2633484285792675e-06
2	straight	mask_2c3b	0,1,3,4,5,10,11,13	6	18114754	3.3122172125550258e-07
2	straight	mask_2c3d	0,2,3,4,5,10,11,13	3	18114754	1.6561086062775129e-07
2	straight	mask_2c57	0,1,2,4,6,10,11,13	3	18114754	1.6561086062775129e-07
2	straight	mask_2c75	0,2,4,5,6,10,11,13	25	18114754	1.3800905052312606e-06
2	straight	mask_2c79	0,3,4,5,6,10,11,13	8	18114754	4.4162896167400339e-07
2	straight	mask_2cb3	0,1,4,5,7,10,11,13	9	18114754	4.9683258188325385e-07
2	straight	mask_2cb5	0,2,4,5,7,10,11,13	4	18114754	2.208144808370017e-07
2	straight	mask_2cd3	0,1,4,6,7,10,11,13	3	18114754	1.6561086062775129e-07
2	straight	mask_2cd5	0,2,4,6,7,10,11,13	5	18114754	2.7601810104625213e-07
2	straight	mask_2d1e	1,2,3,4,8,10,11,13	5	18114754	2.7601810104625213e-07
2	straight	mask_2d2b	0,1,3,5,8,10,11,13	1	18114754	5.5203620209250424e-08
2	straight	mask_2d2e	1,2,3,5,8,10,11,13	6	18114754	3.3122172125550258e-07
2	straight	mask_2d3a	1,3,4,5,8,10,11,13	2	18114754	1.1040724041850085e-07
2	straight	mask_2d3c	2,3,4,5,8,10,11,13	4	18114754	2.208144808370017e-07
2	straight	mask_2d47	0,1,2,6,8,10,11,13	1	18114754	5.5203620209250424e-08
2	straight	mask_2d55	0,2,4,6,8,10,11,13	8	18114754	4.4162896167400339e-07
2	straight	mask_2d56	1,2,4,6,8,10,11,13	5	18114754	2.7601810104625213e-07
2	straight	mask_2d5a	1,3,4,6,8,10,11,13	1	18114754	5.5203620209250424e-08
2	straight	mask_2d5c	2,3,4,6,8,10,11,13	1	18114754	5.5203620209250424e-08
2	straight	mask_2d65	0,2,5,6,8,10,11,13	13	18114754	7.1764706272025557e-07
2	straight	mask_2d66	1,2,5,6,8,10,11,13	127	18114754	7.0108597665748042e-06
2	straight	mask_2d69	0,3,5,6,8,10,11,13	3	18114754	1.6561086062775129e-07
2	straight	mask_2d6a	1,3,5,6,8,10,11,13	8	18114754	4.4162896167400339e-07
2	straight	mask_2d74	2,4,5,6,8,10,11,13	56	18114754	3.0914027317180239e-06
2	straight	mask_2d95	0,2,4,7,8,10,11,13	1	18114754	5.5203620209250424e-08
2	straight	mask_2da3	0,1,5,7,8,10,11,13	3	18114754	1.6561086062775129e-07
2	straight	mask_2da5	0,2,5,7,8,10,11,13	1	18114754	5.5203620209250424e-08
2	straight	mask_2da6	1,2,5,7,8,10,11,13	4	18114754	2.208144808370017e-07
2	straight	mask_2dc3	0,1,6,7,8,10,11,13	2	18114754	1.1040724041850085e-07
2	straight	mask_2dc5	0,2,6,7,8,10,11,13	2	18114754	1.1040724041850085e-07
2	straight	mask_2dd2	1,4,6,7,8,10,11,13	5	18114754	2.7601810104625213e-07
2	straight	mask_2e1d	0,2,3,4,9,10,11,13	1	18114754	5.5203620209250424e-08
2	straight	mask_2e39	0,3,4,5,9,10,11,13	5	18114754	2.7601810104625213e-07
2	straight	mask_2e3a	1,3,4,5,9,10,11,13	14	18114754	7.7285068292950598e-07
2	straight	mask_2e3c	2,3,4,5,9,10,11,13	60	18114754	3.3122172125550255e-06
2	straight	mask_2e59	0,3,4,6,9,10,11,13	7	18114754	3.8642534146475299e-07
2	straight	mask_2e74	2,4,5,6,9,10,11,13	273	18114754	1.5070588317125366e-05
2	straight	mask_2e93	0,1,4,7,9,10,11,13	2	18114754	1.1040724041850085e-07
2	straight	mask_2e95	0,2,4,7,9,10,11,13	1	18114754	5.5203620209250424e-08
2	straight	mask_2f19	0,3,4,8,9,10,11,13	3	18114754	1.6561086062775129e-07
2	straight	mask_2f1a	1,3,4,8,9,10,11,13	3	18114754	1.6561086062775129e-07
2	straight	mask_2f29	0,3,5,8,9,10,11,13	1	18114754	5.5203620209250424e-08
2	straight	mask_2f2a	1,3,5,8,9,10,11,13	3	18114754	1.6561086062775129e-07
2	straight	mask_2f49	0,3,6,8,9,10,11,13	1	18114754	5.5203620209250424e-08
2	straight	mask_2f83	0,1,7,8,9,10,11,13	3	18114754	1.6561086062775129e-07
2	straight	mask_2f85	0,2,7,8,9,10,11,13	1	18114754	5.5203620209250424e-08
2	straight	mask_309f	0,1,2,3,4,7,12,13	1	18114754	5.5203620209250424e-08
2	straight	mask_30af	0,1,2,3,5,7,12,13	8	18114754	4.4162896167400339e-07
2	straight	mask_30bd	0,2,3,4,5,7,12,13	1	18114754	5.5203620209250424e-08
2	straight	mask_30cf	0,1,2,3,6,7,12,13	25	18114754	1.3800905052312606e-06
2	straight	mask_30eb	0,1,3,5,6,7,12,13	1	18114754	5.5203620209250424e-08
2	straight	mask_30ed	0,2,3,5,6,7,12,13	2	18114754	1.1040724041850085e-07
2	straight	mask_30fa	1,3,4,5,6,7,12,13	2	18114754	1.1040724041850085e-07
2	straight	mask_30fc	2,3,4,5,6,7,12,13	1	18114754	5.5203620209250424e-08
2	straight	mask_318f	0,1,2,3,7,8,12,13	7	18114754	3.8642534146475299e-07
2	straight	mask_31ad	0,2,3,5,7,8,12,13	1	18114754	5.5203620209250424e-08
2	straight	mask_31ae	1,2,3,5,7,8,12,13	1	18114754	5.5203620209250424e-08
2	straight	mask_31cb	0,1,3,6,7,8,12,13	1	18114754	5.5203620209250424e-08
2	straight	mask_31cd	0,2,3,6,7,8,12,13	1	18114754	5.5203620209250424e-08
2	straight	mask_31ce	1,2,3,6,7,8,12,13	8	18114754	4.4162896167400339e-07
2	straight	mask_31d9	0,3,4,6,7,8,12,13	8	18114754	4.4162896167400339e-07
2	straight	mask_31da	1,3,4,6,7,8,12,13	10	18114754	5.5203620209250426e-07
2	straight	mask_31e9	0,3,5,6,7,8,12,13	2	18114754	1.1040724041850085e-07
2	straight	mask_31ea	1,3,5,6,7,8,12,13	4	18114754	2.208144808370017e-07
2	straight	mask_31ec	2,3,5,6,7,8,12,13	4	18114754	2.208144808370017e-07
2	straight	mask_32cb	0,1,3,6,7,9,12,13	1	18114754	5.5203620209250424e-08
2	straight	mask_32cd	0,2,3,6,7,9,12,13	1	18114754	5.5203620209250424e-08
2	straight	mask_32da	1,3,4,6,7,9,12,13	4	18114754	2.208144808370017e-07
2	straight	mask_32dc	2,3,4,6,7,9,12,13	3	18114754	1.6561086062775129e-07
2	straight	mask_32e9	0,3,5,6,7,9,12,13	1	18114754	5.5203620209250424e-08
2	straight	mask_33cc	2,3,6,7,8,9,12,13	4	18114754	2.208144808370017e-07
2	straight	mask_348f	0,1,2,3,7,10,12,13	1	18114754	5.5203620209250424e-08
2	straight	mask_34cb	0,1,3,6,7,10,12,13	2	18114754	1.1040724041850085e-07
2	straight	mask_34da	1,3,4,6,7,10,12,13	3	18114754	1.6561086062775129e-07
2	straight	mask_381f	0,1,2,3,4,11,12,13	1	18114754	5.5203620209250424e-08
2	straight	mask_383e	1,2,3,4,5,11,12,13	1	18114754	5.5203620209250424e-08
2	straight	mask_386d	0,2,3,5,6,11,12,13	1	18114754	5.5203620209250424e-08
2	straight	mask_387c	2,3,4,5,6,11,12,13	1	18114754	5.5203620209250424e-08
2	straight	mask_388f	0,1,2,3,7,11,12,13	5	18114754	2.7601810104625213e-07
2	straight	mask_38c7	0,1,2,6,7,11,12,13	1	18114754	5.5203620209250424e-08
2	straight	mask_38d5	0,2,4,6,7,11,12,13	1	18114754	5.5203620209250424e-08
2	straight	mask_3939	0,3,4,5,8,11,12,13	3	18114754	1.6561086062775129e-07
2	straight	mask_3a1e	1,2,3,4,9,11,12,13	3	18114754	1.6561086062775129e-07
2	straight	mask_3a3a	1,3,4,5,9,11,12,13	1	18114754	5.5203620209250424e-08
2	straight	mask_3a3c	2,3,4,5,9,11,12,13	1	18114754	5.5203620209250424e-08
2	straight	mask_3a69	0,3,5,6,9,11,12,13	2	18114754	1.1040724041850085e-07
2	straight	mask_3a87	0,1,2,7,9,11,12,13	1	18114754	5.5203620209250424e-08
2	straight	mask_3ac3	0,1,6,7,9,11,12,13	3	18114754	1.6561086062775129e-07
2	straight	mask_3b0d	0,2,3,8,9,11,12,13	1	18114754	5.5203620209250424e-08
2	straight	mask_3b19	0,3,4,8,9,11,12,13	1	18114754	5.5203620209250424e-08
2	straight	mask_3b1a	1,3,4,8,9,11,12,13	1	18114754	5.5203620209250424e-08
2	straight	mask_3b2a	1,3,5,8,9,11,12,13	1	18114754	5.5203620209250424e-08
2	straight	mask_3c39	0,3,4,5,10,11,12,13	1	18114754	5.5203620209250424e-08
2	straight	mask_3c3a	1,3,4,5,10,11,12,13	7	18114754	3.8642534146475299e-07
2	straight	mask_3c3c	2,3,4,5,10,11,12,13	4	18114754	2.208144808370017e-07
2	straight	mask_3c5a	1,3,4,6,10,11,12,13	1	18114754	5.5203620209250424e-08
2	straight	mask_3c96	1,2,4,7,10,11,12,13	1	18114754	5.5203620209250424e-08
2	straight	mask_3ca5	0,2,5,7,10,11,12,13	1	18114754	5.5203620209250424e-08
2	straight	mask_3cc3	0,1,6,7,10,11,12,13	20	18114754	1.1040724041850085e-06
2	straight	mask_3cc5	0,2,6,7,10,11,12,13	2	18114754	1.1040724041850085e-07
2	straight	mask_3cc9	0,3,6,7,10,11,12,13	1	18114754	5.5203620209250424e-08
2	straight	mask_3d19	0,3,4,8,10,11,12,13	16	18114754	8.8325792334800679e-07
2	straight	mask_3d29	0,3,5,8,10,11,12,13	1	18114754	5.5203620209250424e-08
2	straight	mask_3d2a	1,3,5,8,10,11,12,13	1	18114754	5.5203620209250424e-08
2	straight	mask_3e1a	1,3,4,9,10,11,12,13	1	18114754	5.5203620209250424e-08
2	straight	mask_3e49	0,3,6,9,10,11,12,13	2	18114754	1.1040724041850085e-07
2	straight	mask_3e85	0,2,7,9,10,11,12,13	2	18114754	1.1040724041850085e-07
2	straight	mask_588f	0,1,2,3,7,11,12,14	14	18114754	7.7285068292950598e-07
2	straight	mask_58c7	0,1,2,6,7,11,12,14	2	18114754	1.1040724041850085e-07
2	straight	mask_5a99	0,3,4,7,9,11,12,14	1	18114754	5.5203620209250424e-08
2	straight	mask_5c87	0,1,2,7,10,11,12,14	2	18114754	1.1040724041850085e-07
2	straight	mask_5c8b	0,1,3,7,10,11,12,14	1	18114754	5.5203620209250424e-08
2	straight	mask_5ca9	0,3,5,7,10,11,12,14	1	18114754	5.5203620209250424e-08
2	straight	mask_5e89	0,3,7,9,10,11,12,14	2	18114754	1.1040724041850085e-07
2	straight	mask_911f	0,1,2,3,4,8,12,15	1	18114754	5.5203620209250424e-08
3	block2x2	mask_00ff	0,1,2,3,4,5,6,7	8211450	21770152	0.3771884550920912
3	block2x2	mask_017f	0,1,2,3,4,5,6,8	1900725	21770152	0.087308761096385551
3	block2x2	mask_01bf	0,1,2,3,4,5,7,8	71124	21770152	0.0032670419572633207
3	block2x2	mask_01df	0,1,2,3,4,6,7,8	42665	21770152	0.0019597933905100891
3	block2x2	mask_01ef	0,1,2,3,5,6,7,8	1116468	21770152	0.051284345649033593
3	block2x2	mask_01f7	0,1,2,4,5,6,7,8	278364	21770152	0.012786497769974229
3	block2x2	mask_01fb	0,1,3,4,5,6,7,8	27988	21770152	0.0012856134399061615
3	block2x2	mask_01fd	0,2,3,4,5,6,7,8	15411	21770152	0.00070789583830190993
3	block2x2	mask_01fe	1,2,3,4,5,6,7,8	408693	21770152	0.018773088952249852
3	block2x2	mask_027f	0,1,2,3,4,5,6,9	2756534	21770152	0.12661987844641598
3	block2x2	mask_02bf	0,1,2,3,4,5,7,9	86480	21770152	0.0039724114007104773
3	block2x2	mask_02df	0,1,2,3,4,6,7,9	52747	21770152	0.0024229045346123444
3	block2x2	mask_02ef	0,1,2,3,5,6,7,9	2452124	21770152	0.11263697194213435
3	block2x2	mask_02f7	0,1,2,4,5,6,7,9	394159	21770152	0.018105477628268283
3	block2x2	mask_02fb	0,1,3,4,5,6,7,9	37915	21770152	0.0017416047439632026
3	block2x2	mask_02fd	0,2,3,4,5,6,7,9	43569	21770152	0.0020013181350318548
3	block2x2	mask_02fe	1,2,3,4,5,6,7,9	407729	21770152	0.018728808140613808
3	block2x2	mask_033f	0,1,2,3,4,5,8,9	299906	21770152	0.013776017732903288
3	block2x2	mask_035f	0,1,2,3,4,6,8,9	21413	21770152	0.00098359441863336556
3	block2x2	mask_036f	0,1,2,3,5,6,8,9	63128	21770152	0.0028997500798340773
3	block2x2	mask_0377	0,1,2,4,5,6,8,9	405938	21770152	0.018646539537252656
3	block2x2	mask_037b	0,1,3,4,5,6,8,9	132831	21770152	0.0061015191809409503
3	block2x2	mask_037d	0,2,3,4,5,6,8,9	10343	21770152	0.00047510003604935784
3	block2x2	mask_037e	1,2,3,4,5,6,8,9	70364	21770152	0.0032321317738158192
3	block2x2	mask_039f	0,1,2,3,4,7,8,9	1690	21770152	7.7629223718787078e-05
3	block2x2	mask_03af	0,1,2,3,5,7,8,9	15857	21770152	0.00072838260385136493
3	block2x2	mask_03b7	0,1,2,4,5,7,8,9	70786	21770152	0.0032515161125195634
3	block2x2	mask_03bb	0,1,3,4,5,7,8,9	799	21770152	3.6701627071781585e-05
3	block2x2	mask_03bd	0,2,3,4,5,7,8,9	744	21770152	3.4175232217028156e-05
3	block2x2	mask_03be	1,2,3,4,5,7,8,9	2218	21770152	0.00010188261432441997
3	block2x2	mask_03cf	0,1,2,3,6,7,8,9	16922	21770152	0.00077730279512977214
3	block2x2	mask_03d7	0,1,2,4,6,7,8,9	2237	21770152	0.00010275536891060751
3	block2x2	mask_03db	0,1,3,4,6,7,8,9	857	21770152	3.936582528224883e-05
3	block2x2	mask_03dd	0,2,3,4,6,7,8,9	165	21770152	7.5791845642602768e-06
3	block2x2	mask_03de	1,2,3,4,6,7,8,9	10499	21770152	0.00048226581054647668
3	block2x2	mask_03e7	0,1,2,5,6,7,8,9	24488	21770152	0.0011248428582400344
3	block2x2	mask_03eb	0,1,3,5,6,7,8,9	2794	21770152	0.00012834085862147403
3	block2x2	mask_03ed	0,2,3,5,6,7,8,9	25644	21770152	0.0011779430846417609
3	block2x2	mask_03ee	1,2,3,5,6,7,8,9	71708	21770152	0.0032938676771756118
3	block2x2	mask_03f3	0,1,4,5,6,7,8,9	96151	21770152	0.0044166434850799385
3	block2x2	mask_03f5	0,2,4,5,6,7,8,9	4610	21770152	0.00021175782328024169
3	block2x2	mask_03f6	1,2,4,5,6,7,8,9	65163	21770152	0.0029932266894599543
3	block2x2	mask_03f9	0,3,4,5,6,7,8,9	401	21770152	1.8419715213747704e-05
3	block2x2	mask_03fa	1,3,4,5,6,7,8,9	2503	21770152	0.00011497393311723318
3	block2x2	mask_03fc	2,3,4,5,6,7,8,9	26093	21770152	0.0011985676535469297
3	block2x2	mask_053f	0,1,2,3,4,5,8,10	24029	21770152	0.0011037589448158194
3	block2x2	mask_055f	0,1,2,3,4,6,8,10	2826	21770152	0.00012981076108242148
3	block2x2	mask_056f	0,1,2,3,5,6,8,10	9899	21770152	0.00045470513940371201
3	block2x2	mask_0577	0,1,2,4,5,6,8,10	42221	21770152	0.0019393984938644434
3	block2x2	mask_057b	0,1,3,4,5,6,8,10	16000	21770152	0.00073495123047372384
3	block2x2	mask_057d	0,2,3,4,5,6,8,10	891	21770152	4.0927596647005493e-05
3	block2x2	mask_057e	1,2,3,4,5,6,8,10	10324	21770152	0.00047422728146317029
3	block2x2	mask_059f	0,1,2,3,4,7,8,10	212	21770152	9.7381038037768405e-06
3	block2x2	mask_05af	0,1,2,3,5,7,8,10	2128	21770152	9.7748513653005275e-05
3	block2x2	mask_05b7	0,1,2,4,5,7,8,10	3987	21770152	0.00018314065974367106
3	block2x2	mask_05bb	0,1,3,4,5,7,8,10	134	21770152	6.1552165552174376e-06
3	block2x2	mask_05bd	0,2,3,4,5,7,8,10	91	21770152	4.1800351233193046e-06
3	block2x2	mask_05be	1,2,3,4,5,7,8,10	475	21770152	2.1818864654688675e-05
3	block2x2	mask_05cf	0,1,2,3,6,7,8,10	10024	21770152	0.00046044694589178801
3	block2x2	mask_05d7	0,1,2,4,6,7,8,10	494	21770152	2.2691619240876224e-05
3	block2x2	mask_05db	0,1,3,4,6,7,8,10	384	21770152	1.7638829531369373e-05
3	block2x2	mask_05dd	0,2,3,4,6,7,8,10	26	21770152	1.1942957495198013e-06
3	block2x2	mask_05de	1,2,3,4,6,7,8,10	6129	21770152	0.00028153225572334086
3	block2x2	mask_05e7	0,1,2,5,6,7,8,10	5193	21770152	0.00023853760874062798
3	block2x2	mask_05eb	0,1,3,5,6,7,8,10	970	21770152	4.4556418347469505e-05
3	block2x2	mask_05ed	0,2,3,5,6,7,8,10	7164	21770152	0.00032907441344460987
3	block2x2	mask_05ee	1,2,3,5,6,7,8,10	30010	21770152	0.0013784929016572782
3	block2x2	mask_05f3	0,1,4,5,6,7,8,10	9874	21770152	0.00045355677810609684
3	block2x2	mask_05f5	0,2,4,5,6,7,8,10	401	21770152	1.8419715213747704e-05
3	block2x2	mask_05f6	1,2,4,5,6,7,8,10	12347	21770152	0.00056715267766619174
3	block2x2	mask_05f9	0,3,4,5,6,7,8,10	87	21770152	3.996297315700873e-06
3	block2x2	mask_05fa	1,3,4,5,6,7,8,10	1751	21770152	8.0431225284968147e-05
3	block2x2	mask_05fc	2,3,4,5,6,7,8,10	8930	21770152	0.00041019465550814712
3	block2x2	mask_063f	0,1,2,3,4,5,9,10	62780	21770152	0.0028837648905712739
3	block2x2	mask_065f	0,1,2,3,4,6,9,10	11539	21770152	0.00053003764052726872
3	block2x2	mask_066f	0,1,2,3,5,6,9,10	33569	21770152	0.0015419736159857772
3	block2x2	mask_0677	0,1,2,4,5,6,9,10	220893	21770152	0.010146598884564517
3	block2x2	mask_067b	0,1,3,4,5,6,9,10	58033	21770152	0.0026657140473801012
3	block2x2	mask_067d	0,2,3,4,5,6,9,10	5821	21770152	0.00026738444453672163
3	block2x2	mask_067e	1,2,3,4,5,6,9,10	51668	21770152	0.0023733412610072728
3	block2x2	mask_069f	0,1,2,3,4,7,9,10	205	21770152	9.4165626404445862e-06
3	block2x2	mask_06b7	0,1,2,4,5,7,9,10	13754	21770152	0.00063178245149597483
3	block2x2	mask_06bb	0,1,3,4,5,7,9,10	434	21770152	1.9935552126599758e-05
3	block2x2	mask_06bd	0,2,3,4,5,7,9,10	547	21770152	2.5126145191820433e-05
3	block2x2	mask_06be	1,2,3,4,5,7,9,10	1582	21770152	7.2668302913089444e-05
3	block2x2	mask_06f3	0,1,4,5,6,7,9,10	59864	21770152	0.0027498200288174376
3	block2x2	mask_06f5	0,2,4,5,6,7,9,10	4134	21770152	0.00018989302417364839
3	block2x2	mask_06f6	1,2,4,5,6,7,9,10	30486	21770152	0.0014003577007638715
3	block2x2	mask_06f9	0,3,4,5,6,7,9,10	448	21770152	2.0578634453264267e-05
3	block2x2	mask_071f	0,1,2,3,4,8,9,10	5810	21770152	0.00026687916556577098
3	block2x2	mask_072f	0,1,2,3,5,8,9,10	2646	21770152	0.00012154255973959207
3	block2x2	mask_073b	0,1,3,4,5,8,9,10	9342	21770152	0.00042911964969284553
3	block2x2	mask_073d	0,2,3,4,5,8,9,10	827	21770152	3.7987791725110602e-05
3	block2x2	mask_073e	1,2,3,4,5,8,9,10	3155	21770152	0.00014492319575903741
3	block2x2	mask_074f	0,1,2,3,6,8,9,10	883	21770152	4.0560121031768637e-05
3	block2x2	mask_0757	0,1,2,4,6,8,9,10	892	21770152	4.0973531098910105e-05
3	block2x2	mask_075b	0,1,3,4,6,8,9,10	1143	21770152	5.2503078526966649e-05
3	block2x2	mask_075d	0,2,3,4,6,8,9,10	38	21770152	1.745509172375094e-06
3	block2x2	mask_075e	1,2,3,4,6,8,9,10	542	21770152	2.4896472932297396e-05
3	block2x2	mask_0767	0,1,2,5,6,8,9,10	6572	21770152	0.00030188121791708205
3	block2x2	mask_076b	0,1,3,5,6,8,9,10	1488	21770152	6.8350464434056312e-05
3	block2x2	mask_076d	0,2,3,5,6,8,9,10	916	21770152	4.2075957944620688e-05
3	block2x2	mask_076e	1,2,3,5,6,8,9,10	4500	21770152	0.00020670503357073482
3	block2x2	mask_0776	1,2,4,5,6,8,9,10	27617	21770152	0.0012685717582495519
3	block2x2	mask_0779	0,3,4,5,6,8,9,10	1973	21770152	9.0628673607791074e-05
3	block2x2	mask_077a	1,3,4,5,6,8,9,10	5578	21770152	0.000256222372723902
3	block2x2	mask_077c	2,3,4,5,6,8,9,10	3506	21770152	0.00016104618837755474
3	block2x2	mask_078f	0,1,2,3,7,8,9,10	860	21770152	3.9503628637962653e-05
3	block2x2	mask_0797	0,1,2,4,7,8,9,10	71	21770152	3.2613460852271495e-06
3	block2x2	mask_079b	0,1,3,4,7,8,9,10	5	21770152	2.296722595230387e-07
3	block2x2	mask_079d	0,2,3,4,7,8,9,10	2	21770152	9.1868903809215486e-08
3	block2x2	mask_079e	1,2,3,4,7,8,9,10	30	21770152	1.3780335571382322e-06
3	block2x2	mask_07a7	0,1,2,5,7,8,9,10	391	21770152	1.7960370694701627e-05
3	block2x2	mask_07ab	0,1,3,5,7,8,9,10	17	21770152	7.8088568237833156e-07
3	block2x2	mask_07ad	0,2,3,5,7,8,9,10	212	21770152	9.7381038037768405e-06
3	block2x2	mask_07ae	1,2,3,5,7,8,9,10	189	21770152	8.6816114099708635e-06
3	block2x2	mask_07b3	0,1,4,5,7,8,9,10	10939	21770152	0.00050247696938450406
3	block2x2	mask_07b5	0,2,4,5,7,8,9,10	430	21770152	1.9751814318981327e-05
3	block2x2	mask_07b6	1,2,4,5,7,8,9,10	1331	21770152	6.11387554850329e-05
3	block2x2	mask_07b9	0,3,4,5,7,8,9,10	18	21770152	8.2682013428293934e-07
3	block2x2	mask_07ba	1,3,4,5,7,8,9,10	71	21770152	3.2613460852271495e-06
3	block2x2	mask_07bc	2,3,4,5,7,8,9,10	241	21770152	1.1070202909010465e-05
3	block2x2	mask_07c7	0,1,2,6,7,8,9,10	387	21770152	1.7776632887083195e-05
3	block2x2	mask_07cb	0,1,3,6,7,8,9,10	103	21770152	4.7312485461745975e-06
3	block2x2	mask_07cd	0,2,3,6,7,8,9,10	639	21770152	2.9352114767044344e-05
3	block2x2	mask_07ce	1,2,3,6,7,8,9,10	2007	21770152	9.2190444972547737e-05
3	block2x2	mask_07d3	0,1,4,6,7,8,9,10	573	21770152	2.6320440941340236e-05
3	block2x2	mask_07d5	0,2,4,6,7,8,9,10	28	21770152	1.2861646533290167e-06
3	block2x2	mask_07d6	1,2,4,6,7,8,9,10	395	21770152	1.8144108502320058e-05
3	block2x2	mask_07d9	0,3,4,6,7,8,9,10	4	21770152	1.8373780761843097e-07
3	block2x2	mask_07da	1,3,4,6,7,8,9,10	152	21770152	6.9820366895003761e-06
3	block2x2	mask_07dc	2,3,4,6,7,8,9,10	753	21770152	3.4588642284169631e-05
3	block2x2	mask_07e3	0,1,5,6,7,8,9,10	2240	21770152	0.00010289317226632134
3	block2x2	mask_07e5	0,2,5,6,7,8,9,10	782	21770152	3.5920741389403254e-05
3	block2x2	mask_07e6	1,2,5,6,7,8,9,10	9255	21770152	0.00042512335237714462
3	block2x2	mask_07e9	0,3,5,6,7,8,9,10	302	21770152	1.3872204475191538e-05
3	block2x2	mask_07ea	1,3,5,6,7,8,9,10	1042	21770152	4.7863698884601266e-05
3	block2x2	mask_07ec	2,3,5,6,7,8,9,10	12768	21770152	0.00058649108191803168
3	block2x2	mask_07f1	0,4,5,6,7,8,9,10	2676	21770152	0.00012292059329673032
3	block2x2	mask_07f2	1,4,5,6,7,8,9,10	7239	21770152	0.00033251949733745543
3	block2x2	mask_07f4	2,4,5,6,7,8,9,10	4557	21770152	0.00020932329732929747
3	block2x2	mask_07f8	3,4,5,6,7,8,9,10	1866	21770152	8.5713687253998039e-05
3	block2x2	mask_093f	0,1,2,3,4,5,8,11	1178	21770152	5.4110784343627917e-05
3	block2x2	mask_095f	0,1,2,3,4,6,8,11	391	21770152	1.7960370694701627e-05
3	block2x2	mask_096f	0,1,2,3,5,6,8,11	321	21770152	1.4744959061379085e-05
3	block2x2	mask_0977	0,1,2,4,5,6,8,11	10793	21770152	0.00049577053940643139
3	block2x2	mask_097b	0,1,3,4,5,6,8,11	1257	21770152	5.7739606044091929e-05
3	block2x2	mask_097d	0,2,3,4,5,6,8,11	133	21770152	6.1092821033128297e-06
3	block2x2	mask_097e	1,2,3,4,5,6,8,11	1075	21770152	4.9379535797453323e-05
3	block2x2	mask_099f	0,1,2,3,4,7,8,11	41	21770152	1.8833125280889172e-06
3	block2x2	mask_09b7	0,1,2,4,5,7,8,11	823	21770152	3.7804053917492168e-05
3	block2x2	mask_09bb	0,1,3,4,5,7,8,11	1	21770152	4.5934451904607743e-08
3	block2x2	mask_09bd	0,2,3,4,5,7,8,11	41	21770152	1.8833125280889172e-06
3	block2x2	mask_09be	1,2,3,4,5,7,8,11	143	21770152	6.5686266223589068e-06
3	block2x2	mask_09f3	0,1,4,5,6,7,8,11	1505	21770152	6.913135011643465e-05
3	block2x2	mask_09f5	0,2,4,5,6,7,8,11	116	21770152	5.3283964209344982e-06
3	block2x2	mask_09f6	1,2,4,5,6,7,8,11	5426	21770152	0.0002492403360344016
3	block2x2	mask_09f9	0,3,4,5,6,7,8,11	3	21770152	1.3780335571382322e-07
3	block2x2	mask_0b1f	0,1,2,3,4,8,9,11	299	21770152	1.3734401119477714e-05
3	block2x2	mask_0b2f	0,1,2,3,5,8,9,11	170	21770152	7.8088568237833162e-06
3	block2x2	mask_0b37	0,1,2,4,5,8,9,11	2734	21770152	0.00012558479150719755
3	block2x2	mask_0b3b	0,1,3,4,5,8,9,11	195	21770152	8.9572181213985091e-06
3	block2x2	mask_0b3d	0,2,3,4,5,8,9,11	45	21770152	2.0670503357073483e-06
3	block2x2	mask_0b3e	1,2,3,4,5,8,9,11	232	21770152	1.0656792841868996e-05
3	block2x2	mask_0b4f	0,1,2,3,6,8,9,11	184	21770152	8.4519391504478249e-06
3	block2x2	mask_0b57	0,1,2,4,6,8,9,11	83	21770152	3.8125595080824424e-06
3	block2x2	mask_0b5b	0,1,3,4,6,8,9,11	80	21770152	3.6747561523686191e-06
3	block2x2	mask_0b5d	0,2,3,4,6,8,9,11	3	21770152	1.3780335571382322e-07
3	block2x2	mask_0b5e	1,2,3,4,6,8,9,11	51	21770152	2.3426570471349948e-06
3	block2x2	mask_0b67	0,1,2,5,6,8,9,11	659	21770152	3.0270803805136502e-05
3	block2x2	mask_0b6b	0,1,3,5,6,8,9,11	72	21770152	3.3072805371317573e-06
3	block2x2	mask_0b6d	0,2,3,5,6,8,9,11	80	21770152	3.6747561523686191e-06
3	block2x2	mask_0b6e	1,2,3,5,6,8,9,11	206	21770152	9.4624970923491949e-06
3	block2x2	mask_0b73	0,1,4,5,6,8,9,11	12039	21770152	0.00055300486647957261
3	block2x2	mask_0b75	0,2,4,5,6,8,9,11	584	21770152	2.6825719912290922e-05
3	block2x2	mask_0b76	1,2,4,5,6,8,9,11	6086	21770152	0.00027955707429144273
3	block2x2	mask_0b79	0,3,4,5,6,8,9,11	84	21770152	3.8584939599870502e-06
3	block2x2	mask_0b7a	1,3,4,5,6,8,9,11	439	21770152	2.0165224386122798e-05
3	block2x2	mask_0b7c	2,3,4,5,6,8,9,11	509	21770152	2.3380636019445338e-05
3	block2x2	mask_0b8f	0,1,2,3,7,8,9,11	245	21770152	1.1253940716628896e-05
3	block2x2	mask_0b97	0,1,2,4,7,8,9,11	13	21770152	5.9714787475990067e-07
3	block2x2	mask_0b9e	1,2,3,4,7,8,9,11	110	21770152	5.0527897095068518e-06
3	block2x2	mask_0ba7	0,1,2,5,7,8,9,11	51	21770152	2.3426570471349948e-06
3	block2x2	mask_0bab	0,1,3,5,7,8,9,11	4	21770152	1.8373780761843097e-07
3	block2x2	mask_0bad	0,2,3,5,7,8,9,11	149	21770152	6.8442333337865533e-06
3	block2x2	mask_0bae	1,2,3,5,7,8,9,11	40	21770152	1.8373780761843096e-06
3	block2x2	mask_0bb3	0,1,4,5,7,8,9,11	71	21770152	3.2613460852271495e-06
3	block2x2	mask_0bb5	0,2,4,5,7,8,9,11	25	21770152	1.1483612976151935e-06
3	block2x2	mask_0bb6	1,2,4,5,7,8,9,11	116	21770152	5.3283964209344982e-06
3	block2x2	mask_0bba	1,3,4,5,7,8,9,11	1	21770152	4.5934451904607743e-08
3	block2x2	mask_0bbc	2,3,4,5,7,8,9,11	34	21770152	1.5617713647566631e-06
3	block2x2	mask_0bc7	0,1,2,6,7,8,9,11	131	21770152	6.0174131995036139e-06
3	block2x2	mask_0bcb	0,1,3,6,7,8,9,11	14	21770152	6.4308232666450834e-07
3	block2x2	mask_0bcd	0,2,3,6,7,8,9,11	93	21770152	4.2719040271285195e-06
3	block2x2	mask_0bce	1,2,3,6,7,8,9,11	363	21770152	1.667420604137261e-05
3	block2x2	mask_0bd3	0,1,4,6,7,8,9,11	66	21770152	3.0316738257041109e-06
3	block2x2	mask_0bd5	0,2,4,6,7,8,9,11	5	21770152	2.296722595230387e-07
3	block2x2	mask_0bd6	1,2,4,6,7,8,9,11	114	21770152	5.2365275171252825e-06
3	block2x2	mask_0bda	1,3,4,6,7,8,9,11	20	21770152	9.1868903809215478e-07
3	block2x2	mask_0bdc	2,3,4,6,7,8,9,11	134	21770152	6.1552165552174376e-06
3	block2x2	mask_0be3	0,1,5,6,7,8,9,11	214	21770152	9.8299727075860563e-06
3	block2x2	mask_0be5	0,2,5,6,7,8,9,11	391	21770152	1.7960370694701627e-05
3	block2x2	mask_0be6	1,2,5,6,7,8,9,11	1931	21770152	8.8699426627797542e-05
3	block2x2	mask_0be9	0,3,5,6,7,8,9,11	26	21770152	1.1942957495198013e-06
3	block2x2	mask_0bea	1,3,5,6,7,8,9,11	55	21770152	2.5263948547534259e-06
3	block2x2	mask_0bec	2,3,5,6,7,8,9,11	3736	21770152	0.00017161111231561453
3	block2x2	mask_0bf1	0,4,5,6,7,8,9,11	168	21770152	7.7169879199741005e-06
3	block2x2	mask_0bf2	1,4,5,6,7,8,9,11	517	21770152	2.3748111634682201e-05
3	block2x2	mask_0bf4	2,4,5,6,7,8,9,11	1226	21770152	5.6315638035049089e-05
3	block2x2	mask_0bf8	3,4,5,6,7,8,9,11	125	21770152	5.7418064880759675e-06
3	block2x2	mask_0f0f	0,1,2,3,8,9,10,11	5	21770152	2.296722595230387e-07
3	block2x2	mask_0f17	0,1,2,4,8,9,10,11	33	21770152	1.5158369128520555e-06
3	block2x2	mask_0f1b	0,1,3,4,8,9,10,11	8	21770152	3.6747561523686195e-07
3	block2x2	mask_0f1d	0,2,3,4,8,9,10,11	1	21770152	4.5934451904607743e-08
3	block2x2	mask_0f1e	1,2,3,4,8,9,10,11	8	21770152	3.6747561523686195e-07
3	block2x2	mask_0f27	0,1,2,5,8,9,10,11	45	21770152	2.0670503357073483e-06
3	block2x2	mask_0f2b	0,1,3,5,8,9,10,11	4	21770152	1.8373780761843097e-07
3	block2x2	mask_0f2d	0,2,3,5,8,9,10,11	5	21770152	2.296722595230387e-07
3	block2x2	mask_0f2e	1,2,3,5,8,9,10,11	18	21770152	8.2682013428293934e-07
3	block2x2	mask_0f33	0,1,4,5,8,9,10,11	24434	21770152	0.0011223623978371855
3	block2x2	mask_0f35	0,2,4,5,8,9,10,11	102	21770152	4.6853140942699896e-06
3	block2x2	mask_0f36	1,2,4,5,8,9,10,11	482	21770152	2.214040581802093e-05
3	block2x2	mask_0f39	0,3,4,5,8,9,10,11	12	21770152	5.5121342285529289e-07
3	block2x2	mask_0f3a	1,3,4,5,8,9,10,11	64	21770152	2.9398049218948956e-06
3	block2x2	mask_0f3c	2,3,4,5,8,9,10,11	52	21770152	2.3885914990396027e-06
3	block2x2	mask_0f53	0,1,4,6,8,9,10,11	193	21770152	8.8653492175892933e-06
3	block2x2	mask_0f55	0,2,4,6,8,9,10,11	15	21770152	6.8901677856911611e-07
3	block2x2	mask_0f56	1,2,4,6,8,9,10,11	100	21770152	4.5934451904607738e-06
3	block2x2	mask_0f59	0,3,4,6,8,9,10,11	2	21770152	9.1868903809215486e-08
3	block2x2	mask_0f5a	1,3,4,6,8,9,10,11	11	21770152	5.0527897095068511e-07
3	block2x2	mask_0f5c	2,3,4,6,8,9,10,11	40	21770152	1.8373780761843096e-06
3	block2x2	mask_0f63	0,1,5,6,8,9,10,11	1320	21770152	6.0633476514082215e-05
3	block2x2	mask_0f65	0,2,5,6,8,9,10,11	155	21770152	7.1198400452141997e-06
3	block2x2	mask_0f66	1,2,5,6,8,9,10,11	3171	21770152	0.00014565814698951115
3	block2x2	mask_0f69	0,3,5,6,8,9,10,11	12	21770152	5.5121342285529289e-07
3	block2x2	mask_0f71	0,4,5,6,8,9,10,11	1705	21770152	7.8318240497356192e-05
3	block2x2	mask_0f72	1,4,5,6,8,9,10,11	5207	21770152	0.0002391806910672925
3	block2x2	mask_0f74	2,4,5,6,8,9,10,11	3125	21770152	0.00014354516220189918
3	block2x2	mask_0f78	3,4,5,6,8,9,10,11	1114	21770152	5.117097942173302e-05
3	block2x2	mask_0f93	0,1,4,7,8,9,10,11	18	21770152	8.2682013428293934e-07
3	block2x2	mask_0f96	1,2,4,7,8,9,10,11	3	21770152	1.3780335571382322e-07
3	block2x2	mask_0fb1	0,4,5,7,8,9,10,11	69	21770152	3.1694771814179341e-06
3	block2x2	mask_0fb2	1,4,5,7,8,9,10,11	215	21770152	9.8759071594906633e-06
3	block2x2	mask_0fb4	2,4,5,7,8,9,10,11	98	21770152	4.5015762866515589e-06
3	block2x2	mask_0fb8	3,4,5,7,8,9,10,11	46	21770152	2.1129847876119562e-06
3	block2x2	mask_0ff0	4,5,6,7,8,9,10,11	1598	21770152	7.340325414356317e-05
3	block2x2	mask_107f	0,1,2,3,4,5,6,12	90732	21770152	0.0041677246902088695
3	block2x2	mask_10bf	0,1,2,3,4,5,7,12	6677	21770152	0.00030670433536706586
3	block2x2	mask_10df	0,1,2,3,4,6,7,12	4313	21770152	0.00019811529106457317
3	block2x2	mask_10ef	0,1,2,3,5,6,7,12	33244	21770152	0.0015270449191167796
3	block2x2	mask_10f7	0,1,2,4,5,6,7,12	10050	21770152	0.00046164124164130776
3	block2x2	mask_10fb	0,1,3,4,5,6,7,12	1952	21770152	8.9664050117794315e-05
3	block2x2	mask_10fd	0,2,3,4,5,6,7,12	1064	21770152	4.8874256826502637e-05
3	block2x2	mask_10fe	1,2,3,4,5,6,7,12	17481	21770152	0.00080298015374444785
3	block2x2	mask_113f	0,1,2,3,4,5,8,12	82484	21770152	0.0037888573308996649
3	block2x2	mask_115f	0,1,2,3,4,6,8,12	24116	21770152	0.0011077552421315203
3	block2x2	mask_116f	0,1,2,3,5,6,8,12	13433	21770152	0.00061703749243459578
3	block2x2	mask_117b	0,1,3,4,5,6,8,12	96632	21770152	0.0044387379564460551
3	block2x2	mask_117d	0,2,3,4,5,6,8,12	6022	21770152	0.00027661726936954782
3	block2x2	mask_117e	1,2,3,4,5,6,8,12	11958	21770152	0.00054928417587529939
3	block2x2	mask_119f	0,1,2,3,4,7,8,12	2153	21770152	9.8896874950620469e-05
3	block2x2	mask_11af	0,1,2,3,5,7,8,12	2635	21770152	0.0001210372807686414
3	block2x2	mask_11b7	0,1,2,4,5,7,8,12	41680	21770152	0.0019145479553840507
3	block2x2	mask_11bb	0,1,3,4,5,7,8,12	274	21770152	1.2586039821862521e-05
3	block2x2	mask_11bd	0,2,3,4,5,7,8,12	367	21770152	1.6857943848991041e-05
3	block2x2	mask_11be	1,2,3,4,5,7,8,12	569	21770152	2.6136703133721804e-05
3	block2x2	mask_11cf	0,1,2,3,6,7,8,12	2460	21770152	0.00011299875168533503
3	block2x2	mask_11d7	0,1,2,4,6,7,8,12	6265	21770152	0.00028777934118236751
3	block2x2	mask_11db	0,1,3,4,6,7,8,12	1569	21770152	7.2071155038329541e-05
3	block2x2	mask_11dd	0,2,3,4,6,7,8,12	58	21770152	2.6641982104672491e-06
3	block2x2	mask_11de	1,2,3,4,6,7,8,12	2152	21770152	9.8850940498715857e-05
3	block2x2	mask_11e7	0,1,2,5,6,7,8,12	3636	21770152	0.00016701766712515375
3	block2x2	mask_11eb	0,1,3,5,6,7,8,12	467	21770152	2.1451389039451816e-05
3	block2x2	mask_11ed	0,2,3,5,6,7,8,12	3133	21770152	0.00014391263781713605
3	block2x2	mask_11ee	1,2,3,5,6,7,8,12	6226	21770152	0.00028598789755808777
3	block2x2	mask_11f3	0,1,4,5,6,7,8,12	32981	21770152	0.0015149641582658678
3	block2x2	mask_11f5	0,2,4,5,6,7,8,12	3189	21770152	0.00014648496712379408
3	block2x2	mask_11f6	1,2,4,5,6,7,8,12	5972	21770152	0.00027432054677431744
3	block2x2	mask_11f9	0,3,4,5,6,7,8,12	259	21770152	1.1897023043293405e-05
3	block2x2	mask_11fa	1,3,4,5,6,7,8,12	585	21770152	2.6871654364195527e-05
3	block2x2	mask_11fc	2,3,4,5,6,7,8,12	3010	21770152	0.0001382627002328693
3	block2x2	mask_125f	0,1,2,3,4,6,9,12	8291	21770152	0.00038084254074110277
3	block2x2	mask_126f	0,1,2,3,5,6,9,12	13461	21770152	0.00061832365708792481
3	block2x2	mask_127b	0,1,3,4,5,6,9,12	11149	21770152	0.00051212320428447168
3	block2x2	mask_127d	0,2,3,4,5,6,9,12	1934	21770152	8.8837229983511364e-05
3	block2x2	mask_127e	1,2,3,4,5,6,9,12	10147	21770152	0.00046609688347605473
3	block2x2	mask_129f	0,1,2,3,4,7,9,12	982	21770152	4.5107631770324803e-05
3	block2x2	mask_12af	0,1,2,3,5,7,9,12	3083	21770152	0.00014161591522190566
3	block2x2	mask_12b7	0,1,2,4,5,7,9,12	15365	21770152	0.00070578285351429793
3	block2x2	mask_12bb	0,1,3,4,5,7,9,12	168	21770152	7.7169879199741005e-06
3	block2x2	mask_12bd	0,2,3,4,5,7,9,12	229	21770152	1.0518989486155172e-05
3	block2x2	mask_12be	1,2,3,4,5,7,9,12	709	21770152	3.2567526400366888e-05
3	block2x2	mask_12cf	0,1,2,3,6,7,9,12	5599	21770152	0.00025718699621389871
3	block2x2	mask_12d7	0,1,2,4,6,7,9,12	679	21770152	3.1189492843228653e-05
3	block2x2	mask_12db	0,1,3,4,6,7,9,12	159	21770152	7.3035778528326304e-06
3	block2x2	mask_12dd	0,2,3,4,6,7,9,12	50	21770152	2.2967225952303869e-06
3	block2x2	mask_12de	1,2,3,4,6,7,9,12	2342	21770152	0.00010757848636059133
3	block2x2	mask_12e7	0,1,2,5,6,7,9,12	5226	21770152	0.00024005344565348005
3	block2x2	mask_12eb	0,1,3,5,6,7,9,12	507	21770152	2.3288767115636124e-05
3	block2x2	mask_12ed	0,2,3,5,6,7,9,12	5873	21770152	0.00026977303603576124
3	block2x2	mask_12ee	1,2,3,5,6,7,9,12	12485	21770152	0.00057349163202902761
3	block2x2	mask_12f3	0,1,4,5,6,7,9,12	12664	21770152	0.00058171389891995245
3	block2x2	mask_12f5	0,2,4,5,6,7,9,12	693	21770152	3.1832575169893161e-05
3	block2x2	mask_12f6	1,2,4,5,6,7,9,12	3677	21770152	0.00016890097965324265
3	block2x2	mask_12f9	0,3,4,5,6,7,9,12	38	21770152	1.745509172375094e-06
3	block2x2	mask_12fa	1,3,4,5,6,7,9,12	298	21770152	1.3688466667573107e-05
3	block2x2	mask_12fc	2,3,4,5,6,7,9,12	1598	21770152	7.340325414356317e-05
3	block2x2	mask_134f	0,1,2,3,6,8,9,12	333	21770152	1.5296172484234378e-05
3	block2x2	mask_135e	1,2,3,4,6,8,9,12	395	21770152	1.8144108502320058e-05
3	block2x2	mask_136d	0,2,3,5,6,8,9,12	686	21770152	3.1511034006560911e-05
3	block2x2	mask_136e	1,2,3,5,6,8,9,12	1975	21770152	9.0720542511600285e-05
3	block2x2	mask_138f	0,1,2,3,7,8,9,12	86	21770152	3.950362863796266e-06
3	block2x2	mask_1397	0,1,2,4,7,8,9,12	1899	21770152	8.7229524166850103e-05
3	block2x2	mask_139b	0,1,3,4,7,8,9,12	14	21770152	6.4308232666450834e-07
3	block2x2	mask_139d	0,2,3,4,7,8,9,12	9	21770152	4.1341006714146967e-07
3	block2x2	mask_139e	1,2,3,4,7,8,9,12	34	21770152	1.5617713647566631e-06
3	block2x2	mask_13a7	0,1,2,5,7,8,9,12	788	21770152	3.6196348100830899e-05
3	block2x2	mask_13ab	0,1,3,5,7,8,9,12	8	21770152	3.6747561523686195e-07
3	block2x2	mask_13ad	0,2,3,5,7,8,9,12	412	21770152	1.892499418469839e-05
3	block2x2	mask_13ae	1,2,3,5,7,8,9,12	127	21770152	5.8336753918851832e-06
3	block2x2	mask_13b3	0,1,4,5,7,8,9,12	48805	21770152	0.0022418309252043808
3	block2x2	mask_13b5	0,2,4,5,7,8,9,12	5400	21770152	0.0002480460402848818
3	block2x2	mask_13b6	1,2,4,5,7,8,9,12	3717	21770152	0.00017073835772942698
3	block2x2	mask_13b9	0,3,4,5,7,8,9,12	17	21770152	7.8088568237833156e-07
3	block2x2	mask_13ba	1,3,4,5,7,8,9,12	26	21770152	1.1942957495198013e-06
3	block2x2	mask_13bc	2,3,4,5,7,8,9,12	90	21770152	4.1341006714146967e-06
3	block2x2	mask_13c7	0,1,2,6,7,8,9,12	81	21770152	3.720690604273227e-06
3	block2x2	mask_13cb	0,1,3,6,7,8,9,12	7	21770152	3.2154116333225417e-07
3	block2x2	mask_13cd	0,2,3,6,7,8,9,12	154	21770152	7.0739055933095918e-06
3	block2x2	mask_13ce	1,2,3,6,7,8,9,12	519	21770152	2.3839980538491415e-05
3	block2x2	mask_13d3	0,1,4,6,7,8,9,12	2850	21770152	0.00013091318792813207
3	block2x2	mask_13d5	0,2,4,6,7,8,9,12	468	21770152	2.1497323491356421e-05
3	block2x2	mask_13d6	1,2,4,6,7,8,9,12	456	21770152	2.094611006850113e-05
3	block2x2	mask_13d9	0,3,4,6,7,8,9,12	61	21770152	2.8020015661810723e-06
3	block2x2	mask_13da	1,3,4,6,7,8,9,12	112	21770152	5.1446586133160667e-06
3	block2x2	mask_13dc	2,3,4,6,7,8,9,12	60	21770152	2.7560671142764645e-06
3	block2x2	mask_13e3	0,1,5,6,7,8,9,12	1933	21770152	8.8791295531606766e-05
3	block2x2	mask_13e5	0,2,5,6,7,8,9,12	807	21770152	3.7069102687018448e-05
3	block2x2	mask_13e6	1,2,5,6,7,8,9,12	1978	21770152	9.0858345867314108e-05
3	block2x2	mask_13e9	0,3,5,6,7,8,9,12	44	21770152	2.0211158838027405e-06
3	block2x2	mask_13ea	1,3,5,6,7,8,9,12	132	21770152	6.0633476514082218e-06
3	block2x2	mask_13ec	2,3,5,6,7,8,9,12	1462	21770152	6.7156168684536519e-05
3	block2x2	mask_13f1	0,4,5,6,7,8,9,12	7907	21770152	0.0003632037112097334
3	block2x2	mask_13f2	1,4,5,6,7,8,9,12	5976	21770152	0.00027450428458193583
3	block2x2	mask_13f4	2,4,5,6,7,8,9,12	1222	21770152	5.6131900227430661e-05
3	block2x2	mask_13f8	3,4,5,6,7,8,9,12	93	21770152	4.2719040271285195e-06
3	block2x2	mask_143f	0,1,2,3,4,5,10,12	6764	21770152	0.00031070063268276676
3	block2x2	mask_145f	0,1,2,3,4,6,10,12	966	21770152	4.4372680539851077e-05
3	block2x2	mask_146f	0,1,2,3,5,6,10,12	1379	21770152	6.3343609176454079e-05
3	block2x2	mask_147b	0,1,3,4,5,6,10,12	4269	21770152	0.00019609417518077045
3	block2x2	mask_147d	0,2,3,4,5,6,10,12	142	21770152	6.5226921704542989e-06
3	block2x2	mask_147e	1,2,3,4,5,6,10,12	1441	21770152	6.6191545194539759e-05
3	block2x2	mask_149f	0,1,2,3,4,7,10,12	90	21770152	4.1341006714146967e-06
3	block2x2	mask_14af	0,1,2,3,5,7,10,12	368	21770152	1.690387830089565e-05
3	block2x2	mask_14b7	0,1,2,4,5,7,10,12	1111	21770152	5.1033176066019197e-05
3	block2x2	mask_14bb	0,1,3,4,5,7,10,12	19	21770152	8.7275458618754701e-07
3	block2x2	mask_14bd	0,2,3,4,5,7,10,12	28	21770152	1.2861646533290167e-06
3	block2x2	mask_14be	1,2,3,4,5,7,10,12	133	21770152	6.1092821033128297e-06
3	block2x2	mask_14cf	0,1,2,3,6,7,10,12	2723	21770152	0.00012507951253624687
3	block2x2	mask_14d7	0,1,2,4,6,7,10,12	131	21770152	6.0174131995036139e-06
3	block2x2	mask_14db	0,1,3,4,6,7,10,12	152	21770152	6.9820366895003761e-06
3	block2x2	mask_14dd	0,2,3,4,6,7,10,12	11	21770152	5.0527897095068511e-07
3	block2x2	mask_14de	1,2,3,4,6,7,10,12	1524	21770152	7.0004104702622199e-05
3	block2x2	mask_14e7	0,1,2,5,6,7,10,12	796	21770152	3.6563823716067762e-05
3	block2x2	mask_14eb	0,1,3,5,6,7,10,12	154	21770152	7.0739055933095918e-06
3	block2x2	mask_14ed	0,2,3,5,6,7,10,12	1653	21770152	7.5929648998316593e-05
3	block2x2	mask_14ee	1,2,3,5,6,7,10,12	5223	21770152	0.00023991564229776624
3	block2x2	mask_14f3	0,1,4,5,6,7,10,12	2073	21770152	9.5222118798251839e-05
3	block2x2	mask_14f5	0,2,4,5,6,7,10,12	53	21770152	2.4345259509442101e-06
3	block2x2	mask_14f6	1,2,4,5,6,7,10,12	953	21770152	4.3775532665091174e-05
3	block2x2	mask_14f9	0,3,4,5,6,7,10,12	21	21770152	9.6462348999676256e-07
3	block2x2	mask_14fa	1,3,4,5,6,7,10,12	180	21770152	8.2682013428293934e-06
3	block2x2	mask_14fc	2,3,4,5,6,7,10,12	1029	21770152	4.7266551009841362e-05
3	block2x2	mask_151f	0,1,2,3,4,8,10,12	1623	21770152	7.4551615441178365e-05
3	block2x2	mask_152f	0,1,2,3,5,8,10,12	709	21770152	3.2567526400366888e-05
3	block2x2	mask_153e	1,2,3,4,5,8,10,12	546	21770152	2.5080210739915827e-05
3	block2x2	mask_154f	0,1,2,3,6,8,10,12	58	21770152	2.6641982104672491e-06
3	block2x2	mask_155b	0,1,3,4,6,8,10,12	10137	21770152	0.00046563753895700866
3	block2x2	mask_155d	0,2,3,4,6,8,10,12	50	21770152	2.2967225952303869e-06
3	block2x2	mask_155e	1,2,3,4,6,8,10,12	98	21770152	4.5015762866515589e-06
3	block2x2	mask_156b	0,1,3,5,6,8,10,12	285	21770152	1.3091318792813207e-05
3	block2x2	mask_156d	0,2,3,5,6,8,10,12	171	21770152	7.8547912756879233e-06
3	block2x2	mask_156e	1,2,3,5,6,8,10,12	182	21770152	8.3600702466386091e-06
3	block2x2	mask_1579	0,3,4,5,6,8,10,12	1981	21770152	9.0996149223027931e-05
3	block2x2	mask_157a	1,3,4,5,6,8,10,12	1492	21770152	6.8534202241674747e-05
3	block2x2	mask_157c	2,3,4,5,6,8,10,12	79	21770152	3.6288217004640113e-06
3	block2x2	mask_158f	0,1,2,3,7,8,10,12	18	21770152	8.2682013428293934e-07
3	block2x2	mask_1597	0,1,2,4,7,8,10,12	725	21770152	3.3302477630840614e-05
3	block2x2	mask_159b	0,1,3,4,7,8,10,12	3	21770152	1.3780335571382322e-07
3	block2x2	mask_159e	1,2,3,4,7,8,10,12	7	21770152	3.2154116333225417e-07
3	block2x2	mask_15a7	0,1,2,5,7,8,10,12	50	21770152	2.2967225952303869e-06
3	block2x2	mask_15ab	0,1,3,5,7,8,10,12	1	21770152	4.5934451904607743e-08
3	block2x2	mask_15ad	0,2,3,5,7,8,10,12	23	21770152	1.0564923938059781e-06
3	block2x2	mask_15ae	1,2,3,5,7,8,10,12	8	21770152	3.6747561523686195e-07
3	block2x2	mask_15b3	0,1,4,5,7,8,10,12	2143	21770152	9.8437530431574389e-05
3	block2x2	mask_15b5	0,2,4,5,7,8,10,12	239	21770152	1.0978334005201249e-05
3	block2x2	mask_15b6	1,2,4,5,7,8,10,12	263	21770152	1.2080760850911835e-05
3	block2x2	mask_15b9	0,3,4,5,7,8,10,12	5	21770152	2.296722595230387e-07
3	block2x2	mask_15ba	1,3,4,5,7,8,10,12	12	21770152	5.5121342285529289e-07
3	block2x2	mask_15bc	2,3,4,5,7,8,10,12	7	21770152	3.2154116333225417e-07
3	block2x2	mask_15c7	0,1,2,6,7,8,10,12	17	21770152	7.8088568237833156e-07
3	block2x2	mask_15cb	0,1,3,6,7,8,10,12	8	21770152	3.6747561523686195e-07
3	block2x2	mask_15cd	0,2,3,6,7,8,10,12	40	21770152	1.8373780761843096e-06
3	block2x2	mask_15ce	1,2,3,6,7,8,10,12	175	21770152	8.0385290833063548e-06
3	block2x2	mask_15d3	0,1,4,6,7,8,10,12	2549	21770152	0.00011708691790484513
3	block2x2	mask_15d5	0,2,4,6,7,8,10,12	95	21770152	4.3637729309377352e-06
3	block2x2	mask_15d6	1,2,4,6,7,8,10,12	51	21770152	2.3426570471349948e-06
3	block2x2	mask_15d9	0,3,4,6,7,8,10,12	7	21770152	3.2154116333225417e-07
3	block2x2	mask_15da	1,3,4,6,7,8,10,12	20	21770152	9.1868903809215478e-07
3	block2x2	mask_15dc	2,3,4,6,7,8,10,12	19	21770152	8.7275458618754701e-07
3	block2x2	mask_15e3	0,1,5,6,7,8,10,12	234	21770152	1.0748661745678211e-05
3	block2x2	mask_15e5	0,2,5,6,7,8,10,12	82	21770152	3.7666250561778345e-06
3	block2x2	mask_15e6	1,2,5,6,7,8,10,12	419	21770152	1.9246535348030644e-05
3	block2x2	mask_15e9	0,3,5,6,7,8,10,12	12	21770152	5.5121342285529289e-07
3	block2x2	mask_15ea	1,3,5,6,7,8,10,12	57	21770152	2.6182637585626412e-06
3	block2x2	mask_15ec	2,3,5,6,7,8,10,12	240	21770152	1.1024268457105858e-05
3	block2x2	mask_15f1	0,4,5,6,7,8,10,12	1325	21770152	6.0863148773605255e-05
3	block2x2	mask_15f2	1,4,5,6,7,8,10,12	639	21770152	2.9352114767044344e-05
3	block2x2	mask_15f4	2,4,5,6,7,8,10,12	59	21770152	2.7101326623718566e-06
3	block2x2	mask_15f8	3,4,5,6,7,8,10,12	24	21770152	1.1024268457105858e-06
3	block2x2	mask_164f	0,1,2,3,6,9,10,12	128	21770152	5.8796098437897911e-06
3	block2x2	mask_165b	0,1,3,4,6,9,10,12	168	21770152	7.7169879199741005e-06
3	block2x2	mask_165d	0,2,3,4,6,9,10,12	20	21770152	9.1868903809215478e-07
3	block2x2	mask_165e	1,2,3,4,6,9,10,12	201	21770152	9.2328248328261563e-06
3	block2x2	mask_166b	0,1,3,5,6,9,10,12	300	21770152	1.3780335571382322e-05
3	block2x2	mask_166d	0,2,3,5,6,9,10,12	291	21770152	1.3366925504240852e-05
3	block2x2	mask_166e	1,2,3,5,6,9,10,12	977	21770152	4.4877959510801763e-05
3	block2x2	mask_167a	1,3,4,5,6,9,10,12	319	21770152	1.4653090157569869e-05
3	block2x2	mask_167c	2,3,4,5,6,9,10,12	180	21770152	8.2682013428293934e-06
3	block2x2	mask_168f	0,1,2,3,7,9,10,12	34	21770152	1.5617713647566631e-06
3	block2x2	mask_1697	0,1,2,4,7,9,10,12	16	21770152	7.3495123047372389e-07
3	block2x2	mask_169b	0,1,3,4,7,9,10,12	2	21770152	9.1868903809215486e-08
3	block2x2	mask_169e	1,2,3,4,7,9,10,12	3	21770152	1.3780335571382322e-07
3	block2x2	mask_16a7	0,1,2,5,7,9,10,12	93	21770152	4.2719040271285195e-06
3	block2x2	mask_16ab	0,1,3,5,7,9,10,12	4	21770152	1.8373780761843097e-07
3	block2x2	mask_16ad	0,2,3,5,7,9,10,12	91	21770152	4.1800351233193046e-06
3	block2x2	mask_16ae	1,2,3,5,7,9,10,12	102	21770152	4.6853140942699896e-06
3	block2x2	mask_16b3	0,1,4,5,7,9,10,12	2004	21770152	9.2052641616833915e-05
3	block2x2	mask_16b5	0,2,4,5,7,9,10,12	59	21770152	2.7101326623718566e-06
3	block2x2	mask_16b6	1,2,4,5,7,9,10,12	216	21770152	9.921841611395272e-06
3	block2x2	mask_16b9	0,3,4,5,7,9,10,12	3	21770152	1.3780335571382322e-07
3	block2x2	mask_16ba	1,3,4,5,7,9,10,12	10	21770152	4.5934451904607739e-07
3	block2x2	mask_16bc	2,3,4,5,7,9,10,12	28	21770152	1.2861646533290167e-06
3	block2x2	mask_16c7	0,1,2,6,7,9,10,12	62	21770152	2.8479360180856798e-06
3	block2x2	mask_16cb	0,1,3,6,7,9,10,12	24	21770152	1.1024268457105858e-06
3	block2x2	mask_16cd	0,2,3,6,7,9,10,12	191	21770152	8.7734803137800775e-06
3	block2x2	mask_16ce	1,2,3,6,7,9,10,12	1235	21770152	5.6729048102190557e-05
3	block2x2	mask_16d3	0,1,4,6,7,9,10,12	136	21770152	6.2470854590266525e-06
3	block2x2	mask_16d5	0,2,4,6,7,9,10,12	27	21770152	1.240230201424409e-06
3	block2x2	mask_16d6	1,2,4,6,7,9,10,12	106	21770152	4.8690519018884203e-06
3	block2x2	mask_16d9	0,3,4,6,7,9,10,12	3	21770152	1.3780335571382322e-07
3	block2x2	mask_16da	1,3,4,6,7,9,10,12	38	21770152	1.745509172375094e-06
3	block2x2	mask_16dc	2,3,4,6,7,9,10,12	100	21770152	4.5934451904607738e-06
3	block2x2	mask_16e3	0,1,5,6,7,9,10,12	720	21770152	3.3072805371317573e-05
3	block2x2	mask_16e5	0,2,5,6,7,9,10,12	213	21770152	9.7840382556814492e-06
3	block2x2	mask_16e6	1,2,5,6,7,9,10,12	2524	21770152	0.00011593855660722994
3	block2x2	mask_16e9	0,3,5,6,7,9,10,12	74	21770152	3.3991494409409727e-06
3	block2x2	mask_16ea	1,3,5,6,7,9,10,12	427	21770152	1.9614010963267504e-05
3	block2x2	mask_16ec	2,3,5,6,7,9,10,12	2305	21770152	0.00010587891164012085
3	block2x2	mask_16f1	0,4,5,6,7,9,10,12	375	21770152	1.7225419464227904e-05
3	block2x2	mask_16f2	1,4,5,6,7,9,10,12	579	21770152	2.6596047652767882e-05
3	block2x2	mask_16f4	2,4,5,6,7,9,10,12	254	21770152	1.1667350783770366e-05
3	block2x2	mask_16f8	3,4,5,6,7,9,10,12	92	21770152	4.2259695752239124e-06
3	block2x2	mask_174d	0,2,3,6,8,9,10,12	3	21770152	1.3780335571382322e-07
3	block2x2	mask_174e	1,2,3,6,8,9,10,12	9	21770152	4.1341006714146967e-07
3	block2x2	mask_176c	2,3,5,6,8,9,10,12	63	21770152	2.8938704699902877e-06
3	block2x2	mask_178e	1,2,3,7,8,9,10,12	4	21770152	1.8373780761843097e-07
3	block2x2	mask_1793	0,1,4,7,8,9,10,12	577	21770152	2.6504178748958668e-05
3	block2x2	mask_1795	0,2,4,7,8,9,10,12	26	21770152	1.1942957495198013e-06
3	block2x2	mask_1796	1,2,4,7,8,9,10,12	14	21770152	6.4308232666450834e-07
3	block2x2	mask_1799	0,3,4,7,8,9,10,12	6	21770152	2.7560671142764645e-07
3	block2x2	mask_179a	1,3,4,7,8,9,10,12	2	21770152	9.1868903809215486e-08
3	block2x2	mask_17a3	0,1,5,7,8,9,10,12	161	21770152	7.3954467566418461e-06
3	block2x2	mask_17a5	0,2,5,7,8,9,10,12	59	21770152	2.7101326623718566e-06
3	block2x2	mask_17a6	1,2,5,7,8,9,10,12	41	21770152	1.8833125280889172e-06
3	block2x2	mask_17a9	0,3,5,7,8,9,10,12	3	21770152	1.3780335571382322e-07
3	block2x2	mask_17aa	1,3,5,7,8,9,10,12	10	21770152	4.5934451904607739e-07
3	block2x2	mask_17ac	2,3,5,7,8,9,10,12	12	21770152	5.5121342285529289e-07
3	block2x2	mask_17b1	0,4,5,7,8,9,10,12	1817	21770152	8.3462899110672262e-05
3	block2x2	mask_17b2	1,4,5,7,8,9,10,12	1540	21770152	7.0739055933095925e-05
3	block2x2	mask_17b4	2,4,5,7,8,9,10,12	162	21770152	7.441381208546454e-06
3	block2x2	mask_17b8	3,4,5,7,8,9,10,12	15	21770152	6.8901677856911611e-07
3	block2x2	mask_17c3	0,1,6,7,8,9,10,12	91	21770152	4.1800351233193046e-06
3	block2x2	mask_17c5	0,2,6,7,8,9,10,12	3	21770152	1.3780335571382322e-07
3	block2x2	mask_17c6	1,2,6,7,8,9,10,12	39	21770152	1.7914436242797019e-06
3	block2x2	mask_17c9	0,3,6,7,8,9,10,12	2	21770152	9.1868903809215486e-08
3	block2x2	mask_17ca	1,3,6,7,8,9,10,12	8	21770152	3.6747561523686195e-07
3	block2x2	mask_17cc	2,3,6,7,8,9,10,12	388	21770152	1.7822567338987804e-05
3	block2x2	mask_17d1	0,4,6,7,8,9,10,12	242	21770152	1.1116137360915074e-05
3	block2x2	mask_17d2	1,4,6,7,8,9,10,12	166	21770152	7.6251190161648847e-06
3	block2x2	mask_17d4	2,4,6,7,8,9,10,12	24	21770152	1.1024268457105858e-06
3	block2x2	mask_17d8	3,4,6,7,8,9,10,12	9	21770152	4.1341006714146967e-07
3	block2x2	mask_17e1	0,5,6,7,8,9,10,12	496	21770152	2.2783488144685438e-05
3	block2x2	mask_17e2	1,5,6,7,8,9,10,12	923	21770152	4.2397499107952946e-05
3	block2x2	mask_17e4	2,5,6,7,8,9,10,12	452	21770152	2.0762372260882698e-05
3	block2x2	mask_17e8	3,5,6,7,8,9,10,12	57	21770152	2.6182637585626412e-06
3	block2x2	mask_183f	0,1,2,3,4,5,11,12	333	21770152	1.5296172484234378e-05
3	block2x2	mask_185f	0,1,2,3,4,6,11,12	68	21770152	3.1235427295133262e-06
3	block2x2	mask_186f	0,1,2,3,5,6,11,12	75	21770152	3.4450838928455806e-06
3	block2x2	mask_1877	0,1,2,4,5,6,11,12	851	21770152	3.9090218570821185e-05
3	block2x2	mask_187b	0,1,3,4,5,6,11,12	193	21770152	8.8653492175892933e-06
3	block2x2	mask_187d	0,2,3,4,5,6,11,12	16	21770152	7.3495123047372389e-07
3	block2x2	mask_187e	1,2,3,4,5,6,11,12	113	21770152	5.1905930652206746e-06
3	block2x2	mask_189f	0,1,2,3,4,7,11,12	29	21770152	1.3320991052336246e-06
3	block2x2	mask_18af	0,1,2,3,5,7,11,12	28	21770152	1.2861646533290167e-06
3	block2x2	mask_18b7	0,1,2,4,5,7,11,12	122	21770152	5.6040031323621447e-06
3	block2x2	mask_18bb	0,1,3,4,5,7,11,12	3	21770152	1.3780335571382322e-07
3	block2x2	mask_18bd	0,2,3,4,5,7,11,12	14	21770152	6.4308232666450834e-07
3	block2x2	mask_18be	1,2,3,4,5,7,11,12	83	21770152	3.8125595080824424e-06
3	block2x2	mask_18cf	0,1,2,3,6,7,11,12	220	21770152	1.0105579419013704e-05
3	block2x2	mask_18d7	0,1,2,4,6,7,11,12	37	21770152	1.6995747204704863e-06
3	block2x2	mask_18db	0,1,3,4,6,7,11,12	6	21770152	2.7560671142764645e-07
3	block2x2	mask_18dd	0,2,3,4,6,7,11,12	2	21770152	9.1868903809215486e-08
3	block2x2	mask_18de	1,2,3,4,6,7,11,12	442	21770152	2.0303027741836621e-05
3	block2x2	mask_18e7	0,1,2,5,6,7,11,12	75	21770152	3.4450838928455806e-06
3	block2x2	mask_18eb	0,1,3,5,6,7,11,12	11	21770152	5.0527897095068511e-07
3	block2x2	mask_18ed	0,2,3,5,6,7,11,12	202	21770152	9.2787592847307634e-06
3	block2x2	mask_18ee	1,2,3,5,6,7,11,12	1412	21770152	6.485944608930613e-05
3	block2x2	mask_18f3	0,1,4,5,6,7,11,12	147	21770152	6.7523644299773375e-06
3	block2x2	mask_18f5	0,2,4,5,6,7,11,12	14	21770152	6.4308232666450834e-07
3	block2x2	mask_18f6	1,2,4,5,6,7,11,12	167	21770152	7.6710534680694917e-06
3	block2x2	mask_18f9	0,3,4,5,6,7,11,12	1	21770152	4.5934451904607743e-08
3	block2x2	mask_18fa	1,3,4,5,6,7,11,12	23	21770152	1.0564923938059781e-06
3	block2x2	mask_18fc	2,3,4,5,6,7,11,12	189	21770152	8.6816114099708635e-06
3	block2x2	mask_191f	0,1,2,3,4,8,11,12	104	21770152	4.7771829980792053e-06
3	block2x2	mask_192f	0,1,2,3,5,8,11,12	13	21770152	5.9714787475990067e-07
3	block2x2	mask_1937	0,1,2,4,5,8,11,12	519	21770152	2.3839980538491415e-05
3	block2x2	mask_193b	0,1,3,4,5,8,11,12	8	21770152	3.6747561523686195e-07
3	block2x2	mask_193d	0,2,3,4,5,8,11,12	14	21770152	6.4308232666450834e-07
3	block2x2	mask_193e	1,2,3,4,5,8,11,12	33	21770152	1.5158369128520555e-06
3	block2x2	mask_194f	0,1,2,3,6,8,11,12	2	21770152	9.1868903809215486e-08
3	block2x2	mask_1957	0,1,2,4,6,8,11,12	103	21770152	4.7312485461745975e-06
3	block2x2	mask_195b	0,1,3,4,6,8,11,12	143	21770152	6.5686266223589068e-06
3	block2x2	mask_195e	1,2,3,4,6,8,11,12	4	21770152	1.8373780761843097e-07
3	block2x2	mask_1967	0,1,2,5,6,8,11,12	15	21770152	6.8901677856911611e-07
3	block2x2	mask_196b	0,1,3,5,6,8,11,12	1	21770152	4.5934451904607743e-08
3	block2x2	mask_196d	0,2,3,5,6,8,11,12	5	21770152	2.296722595230387e-07
3	block2x2	mask_196e	1,2,3,5,6,8,11,12	12	21770152	5.5121342285529289e-07
3	block2x2	mask_1973	0,1,4,5,6,8,11,12	3979	21770152	0.00018277318412843419
3	block2x2	mask_1975	0,2,4,5,6,8,11,12	98	21770152	4.5015762866515589e-06
3	block2x2	mask_1976	1,2,4,5,6,8,11,12	178	21770152	8.1763324390201776e-06
3	block2x2	mask_1979	0,3,4,5,6,8,11,12	31	21770152	1.4239680090428399e-06
3	block2x2	mask_197a	1,3,4,5,6,8,11,12	32	21770152	1.4699024609474478e-06
3	block2x2	mask_197c	2,3,4,5,6,8,11,12	3	21770152	1.3780335571382322e-07
3	block2x2	mask_198f	0,1,2,3,7,8,11,12	7	21770152	3.2154116333225417e-07
3	block2x2	mask_1997	0,1,2,4,7,8,11,12	230	21770152	1.0564923938059781e-05
3	block2x2	mask_199e	1,2,3,4,7,8,11,12	7	21770152	3.2154116333225417e-07
3	block2x2	mask_19a7	0,1,2,5,7,8,11,12	3	21770152	1.3780335571382322e-07
3	block2x2	mask_19ad	0,2,3,5,7,8,11,12	26	21770152	1.1942957495198013e-06
3	block2x2	mask_19ae	1,2,3,5,7,8,11,12	2	21770152	9.1868903809215486e-08
3	block2x2	mask_19b3	0,1,4,5,7,8,11,12	9	21770152	4.1341006714146967e-07
3	block2x2	mask_19b5	0,2,4,5,7,8,11,12	17	21770152	7.8088568237833156e-07
3	block2x2	mask_19b6	1,2,4,5,7,8,11,12	19	21770152	8.7275458618754701e-07
3	block2x2	mask_19c7	0,1,2,6,7,8,11,12	9	21770152	4.1341006714146967e-07
3	block2x2	mask_19cb	0,1,3,6,7,8,11,12	1	21770152	4.5934451904607743e-08
3	block2x2	mask_19cd	0,2,3,6,7,8,11,12	1	21770152	4.5934451904607743e-08
3	block2x2	mask_19ce	1,2,3,6,7,8,11,12	25	21770152	1.1483612976151935e-06
3	block2x2	mask_19d3	0,1,4,6,7,8,11,12	163	21770152	7.4873156604510619e-06
3	block2x2	mask_19d5	0,2,4,6,7,8,11,12	3	21770152	1.3780335571382322e-07
3	block2x2	mask_19d6	1,2,4,6,7,8,11,12	2	21770152	9.1868903809215486e-08
3	block2x2	mask_19da	1,3,4,6,7,8,11,12	1	21770152	4.5934451904607743e-08
3	block2x2	mask_19e3	0,1,5,6,7,8,11,12	12	21770152	5.5121342285529289e-07
3	block2x2	mask_19e5	0,2,5,6,7,8,11,12	27	21770152	1.240230201424409e-06
3	block2x2	mask_19e6	1,2,5,6,7,8,11,12	191	21770152	8.7734803137800775e-06
3	block2x2	mask_19ea	1,3,5,6,7,8,11,12	1	21770152	4.5934451904607743e-08
3	block2x2	mask_19ec	2,3,5,6,7,8,11,12	111	21770152	5.0987241614114588e-06
3	block2x2	mask_19f1	0,4,5,6,7,8,11,12	59	21770152	2.7101326623718566e-06
3	block2x2	mask_19f2	1,4,5,6,7,8,11,12	30	21770152	1.3780335571382322e-06
3	block2x2	mask_19f4	2,4,5,6,7,8,11,12	13	21770152	5.9714787475990067e-07
3	block2x2	mask_19f8	3,4,5,6,7,8,11,12	1	21770152	4.5934451904607743e-08
3	block2x2	mask_1a1f	0,1,2,3,4,9,11,12	556	21770152	2.5539555258961905e-05
3	block2x2	mask_1a2f	0,1,2,3,5,9,11,12	138	21770152	6.3389543628358682e-06
3	block2x2	mask_1a37	0,1,2,4,5,9,11,12	1206	21770152	5.5396948996956935e-05
3	block2x2	mask_1a3b	0,1,3,4,5,9,11,12	166	21770152	7.6251190161648847e-06
3	block2x2	mask_1a3d	0,2,3,4,5,9,11,12	25	21770152	1.1483612976151935e-06
3	block2x2	mask_1a3e	1,2,3,4,5,9,11,12	86	21770152	3.950362863796266e-06
3	block2x2	mask_1a4f	0,1,2,3,6,9,11,12	6	21770152	2.7560671142764645e-07
3	block2x2	mask_1a57	0,1,2,4,6,9,11,12	40	21770152	1.8373780761843096e-06
3	block2x2	mask_1a5b	0,1,3,4,6,9,11,12	24	21770152	1.1024268457105858e-06
3	block2x2	mask_1a5d	0,2,3,4,6,9,11,12	1	21770152	4.5934451904607743e-08
3	block2x2	mask_1a5e	1,2,3,4,6,9,11,12	22	21770152	1.0105579419013702e-06
3	block2x2	mask_1a67	0,1,2,5,6,9,11,12	113	21770152	5.1905930652206746e-06
3	block2x2	mask_1a6b	0,1,3,5,6,9,11,12	9	21770152	4.1341006714146967e-07
3	block2x2	mask_1a6d	0,2,3,5,6,9,11,12	21	21770152	9.6462348999676256e-07
3	block2x2	mask_1a6e	1,2,3,5,6,9,11,12	43	21770152	1.975181431898133e-06
3	block2x2	mask_1a73	0,1,4,5,6,9,11,12	2922	21770152	0.00013422046846526381
3	block2x2	mask_1a75	0,2,4,5,6,9,11,12	70	21770152	3.215411633322542e-06
3	block2x2	mask_1a76	1,2,4,5,6,9,11,12	532	21770152	2.4437128413251319e-05
3	block2x2	mask_1a7a	1,3,4,5,6,9,11,12	23	21770152	1.0564923938059781e-06
3	block2x2	mask_1a7c	2,3,4,5,6,9,11,12	13	21770152	5.9714787475990067e-07
3	block2x2	mask_1a8f	0,1,2,3,7,9,11,12	2	21770152	9.1868903809215486e-08
3	block2x2	mask_1a97	0,1,2,4,7,9,11,12	1	21770152	4.5934451904607743e-08
3	block2x2	mask_1a9b	0,1,3,4,7,9,11,12	1	21770152	4.5934451904607743e-08
3	block2x2	mask_1a9e	1,2,3,4,7,9,11,12	91	21770152	4.1800351233193046e-06
3	block2x2	mask_1aa7	0,1,2,5,7,9,11,12	4	21770152	1.8373780761843097e-07
3	block2x2	mask_1aab	0,1,3,5,7,9,11,12	1	21770152	4.5934451904607743e-08
3	block2x2	mask_1aad	0,2,3,5,7,9,11,12	6	21770152	2.7560671142764645e-07
3	block2x2	mask_1aae	1,2,3,5,7,9,11,12	12	21770152	5.5121342285529289e-07
3	block2x2	mask_1ab3	0,1,4,5,7,9,11,12	24	21770152	1.1024268457105858e-06
3	block2x2	mask_1ab5	0,2,4,5,7,9,11,12	5	21770152	2.296722595230387e-07
3	block2x2	mask_1ab6	1,2,4,5,7,9,11,12	12	21770152	5.5121342285529289e-07
3	block2x2	mask_1aba	1,3,4,5,7,9,11,12	1	21770152	4.5934451904607743e-08
3	block2x2	mask_1abc	2,3,4,5,7,9,11,12	12	21770152	5.5121342285529289e-07
3	block2x2	mask_1ac7	0,1,2,6,7,9,11,12	13	21770152	5.9714787475990067e-07
3	block2x2	mask_1acd	0,2,3,6,7,9,11,12	11	21770152	5.0527897095068511e-07
3	block2x2	mask_1ace	1,2,3,6,7,9,11,12	42	21770152	1.9292469799935251e-06
3	block2x2	mask_1ad3	0,1,4,6,7,9,11,12	11	21770152	5.0527897095068511e-07
3	block2x2	mask_1ad6	1,2,4,6,7,9,11,12	36	21770152	1.6536402685658787e-06
3	block2x2	mask_1ada	1,3,4,6,7,9,11,12	4	21770152	1.8373780761843097e-07
3	block2x2	mask_1adc	2,3,4,6,7,9,11,12	19	21770152	8.7275458618754701e-07
3	block2x2	mask_1ae3	0,1,5,6,7,9,11,12	81	21770152	3.720690604273227e-06
3	block2x2	mask_1ae5	0,2,5,6,7,9,11,12	72	21770152	3.3072805371317573e-06
3	block2x2	mask_1ae6	1,2,5,6,7,9,11,12	586	21770152	2.6917588816100136e-05
3	block2x2	mask_1ae9	0,3,5,6,7,9,11,12	2	21770152	9.1868903809215486e-08
3	block2x2	mask_1aea	1,3,5,6,7,9,11,12	12	21770152	5.5121342285529289e-07
3	block2x2	mask_1af1	0,4,5,6,7,9,11,12	32	21770152	1.4699024609474478e-06
3	block2x2	mask_1af2	1,4,5,6,7,9,11,12	35	21770152	1.607705816661271e-06
3	block2x2	mask_1af4	2,4,5,6,7,9,11,12	70	21770152	3.215411633322542e-06
3	block2x2	mask_1af8	3,4,5,6,7,9,11,12	2	21770152	9.1868903809215486e-08
3	block2x2	mask_1b0f	0,1,2,3,8,9,11,12	4	21770152	1.8373780761843097e-07
3	block2x2	mask_1b17	0,1,2,4,8,9,11,12	128	21770152	5.8796098437897911e-06
3	block2x2	mask_1b1b	0,1,3,4,8,9,11,12	18	21770152	8.2682013428293934e-07
3	block2x2	mask_1b1e	1,2,3,4,8,9,11,12	6	21770152	2.7560671142764645e-07
3	block2x2	mask_1b27	0,1,2,5,8,9,11,12	30	21770152	1.3780335571382322e-06
3	block2x2	mask_1b2b	0,1,3,5,8,9,11,12	3	21770152	1.3780335571382322e-07
3	block2x2	mask_1b2d	0,2,3,5,8,9,11,12	9	21770152	4.1341006714146967e-07
3	block2x2	mask_1b2e	1,2,3,5,8,9,11,12	2	21770152	9.1868903809215486e-08
3	block2x2	mask_1b33	0,1,4,5,8,9,11,12	25989	21770152	0.0011937904705488504
3	block2x2	mask_1b35	0,2,4,5,8,9,11,12	223	21770152	1.0243382774727526e-05
3	block2x2	mask_1b36	1,2,4,5,8,9,11,12	370	21770152	1.6995747204704864e-05
3	block2x2	mask_1b39	0,3,4,5,8,9,11,12	1	21770152	4.5934451904607743e-08
3	block2x2	mask_1b3a	1,3,4,5,8,9,11,12	27	21770152	1.240230201424409e-06
3	block2x2	mask_1b3c	2,3,4,5,8,9,11,12	6	21770152	2.7560671142764645e-07
3	block2x2	mask_1b47	0,1,2,6,8,9,11,12	2	21770152	9.1868903809215486e-08
3	block2x2	mask_1b4d	0,2,3,6,8,9,11,12	1	21770152	4.5934451904607743e-08
3	block2x2	mask_1b4e	1,2,3,6,8,9,11,12	1	21770152	4.5934451904607743e-08
3	block2x2	mask_1b53	0,1,4,6,8,9,11,12	337	21770152	1.547991029185281e-05
3	block2x2	mask_1b55	0,2,4,6,8,9,11,12	64	21770152	2.9398049218948956e-06
3	block2x2	mask_1b56	1,2,4,6,8,9,11,12	20	21770152	9.1868903809215478e-07
3	block2x2	mask_1b5a	1,3,4,6,8,9,11,12	5	21770152	2.296722595230387e-07
3	block2x2	mask_1b63	0,1,5,6,8,9,11,12	264	21770152	1.2126695302816444e-05
3	block2x2	mask_1b65	0,2,5,6,8,9,11,12	48	21770152	2.2048536914211716e-06
3	block2x2	mask_1b66	1,2,5,6,8,9,11,12	1090	21770152	5.0068552576022437e-05
3	block2x2	mask_1b69	0,3,5,6,8,9,11,12	4	21770152	1.8373780761843097e-07
3	block2x2	mask_1b6a	1,3,5,6,8,9,11,12	4	21770152	1.8373780761843097e-07
3	block2x2	mask_1b6c	2,3,5,6,8,9,11,12	21	21770152	9.6462348999676256e-07
3	block2x2	mask_1b72	1,4,5,6,8,9,11,12	1709	21770152	7.8501978304974627e-05
3	block2x2	mask_1b74	2,4,5,6,8,9,11,12	371	21770152	1.7041681656609473e-05
3	block2x2	mask_1b78	3,4,5,6,8,9,11,12	17	21770152	7.8088568237833156e-07
3	block2x2	mask_1b87	0,1,2,7,8,9,11,12	1	21770152	4.5934451904607743e-08
3	block2x2	mask_1b8e	1,2,3,7,8,9,11,12	3	21770152	1.3780335571382322e-07
3	block2x2	mask_1b93	0,1,4,7,8,9,11,12	3	21770152	1.3780335571382322e-07
3	block2x2	mask_1b95	0,2,4,7,8,9,11,12	2	21770152	9.1868903809215486e-08
3	block2x2	mask_1b96	1,2,4,7,8,9,11,12	1	21770152	4.5934451904607743e-08
3	block2x2	mask_1ba3	0,1,5,7,8,9,11,12	5	21770152	2.296722595230387e-07
3	block2x2	mask_1ba5	0,2,5,7,8,9,11,12	3	21770152	1.3780335571382322e-07
3	block2x2	mask_1bac	2,3,5,7,8,9,11,12	2	21770152	9.1868903809215486e-08
3	block2x2	mask_1bb1	0,4,5,7,8,9,11,12	4	21770152	1.8373780761843097e-07
3	block2x2	mask_1bb2	1,4,5,7,8,9,11,12	7	21770152	3.2154116333225417e-07
3	block2x2	mask_1bb4	2,4,5,7,8,9,11,12	7	21770152	3.2154116333225417e-07
3	block2x2	mask_1bc3	0,1,6,7,8,9,11,12	3	21770152	1.3780335571382322e-07
3	block2x2	mask_1bc5	0,2,6,7,8,9,11,12	1	21770152	4.5934451904607743e-08
3	block2x2	mask_1bc6	1,2,6,7,8,9,11,12	5	21770152	2.296722595230387e-07
3	block2x2	mask_1bc9	0,3,6,7,8,9,11,12	1	21770152	4.5934451904607743e-08
3	block2x2	mask_1bca	1,3,6,7,8,9,11,12	1	21770152	4.5934451904607743e-08
3	block2x2	mask_1bcc	2,3,6,7,8,9,11,12	231	21770152	1.0610858389964388e-05
3	block2x2	mask_1bd1	0,4,6,7,8,9,11,12	9	21770152	4.1341006714146967e-07
3	block2x2	mask_1bd2	1,4,6,7,8,9,11,12	6	21770152	2.7560671142764645e-07
3	block2x2	mask_1bd4	2,4,6,7,8,9,11,12	3	21770152	1.3780335571382322e-07
3	block2x2	mask_1be1	0,5,6,7,8,9,11,12	33	21770152	1.5158369128520555e-06
3	block2x2	mask_1be2	1,5,6,7,8,9,11,12	38	21770152	1.745509172375094e-06
3	block2x2	mask_1be4	2,5,6,7,8,9,11,12	130	21770152	5.971478747599006e-06
3	block2x2	mask_1c1f	0,1,2,3,4,10,11,12	47	21770152	2.1589192395165637e-06
3	block2x2	mask_1c2f	0,1,2,3,5,10,11,12	30	21770152	1.3780335571382322e-06
3	block2x2	mask_1c37	0,1,2,4,5,10,11,12	135	21770152	6.2011510071220446e-06
3	block2x2	mask_1c3b	0,1,3,4,5,10,11,12	17	21770152	7.8088568237833156e-07
3	block2x2	mask_1c3d	0,2,3,4,5,10,11,12	9	21770152	4.1341006714146967e-07
3	block2x2	mask_1c3e	1,2,3,4,5,10,11,12	14	21770152	6.4308232666450834e-07
3	block2x2	mask_1c4f	0,1,2,3,6,10,11,12	13	21770152	5.9714787475990067e-07
3	block2x2	mask_1c57	0,1,2,4,6,10,11,12	11	21770152	5.0527897095068511e-07
3	block2x2	mask_1c5b	0,1,3,4,6,10,11,12	25	21770152	1.1483612976151935e-06
3	block2x2	mask_1c5d	0,2,3,4,6,10,11,12	1	21770152	4.5934451904607743e-08
3	block2x2	mask_1c5e	1,2,3,4,6,10,11,12	10	21770152	4.5934451904607739e-07
3	block2x2	mask_1c67	0,1,2,5,6,10,11,12	61	21770152	2.8020015661810723e-06
3	block2x2	mask_1c6b	0,1,3,5,6,10,11,12	10	21770152	4.5934451904607739e-07
3	block2x2	mask_1c6d	0,2,3,5,6,10,11,12	12	21770152	5.5121342285529289e-07
3	block2x2	mask_1c6e	1,2,3,5,6,10,11,12	191	21770152	8.7734803137800775e-06
3	block2x2	mask_1c73	0,1,4,5,6,10,11,12	800	21770152	3.674756152368619e-05
3	block2x2	mask_1c75	0,2,4,5,6,10,11,12	18	21770152	8.2682013428293934e-07
3	block2x2	mask_1c76	1,2,4,5,6,10,11,12	165	21770152	7.5791845642602768e-06
3	block2x2	mask_1c79	0,3,4,5,6,10,11,12	1	21770152	4.5934451904607743e-08
3	block2x2	mask_1c7a	1,3,4,5,6,10,11,12	16	21770152	7.3495123047372389e-07
3	block2x2	mask_1c7c	2,3,4,5,6,10,11,12	74	21770152	3.3991494409409727e-06
3	block2x2	mask_1c8f	0,1,2,3,7,10,11,12	5	21770152	2.296722595230387e-07
3	block2x2	mask_1c97	0,1,2,4,7,10,11,12	39	21770152	1.7914436242797019e-06
3	block2x2	mask_1c9e	1,2,3,4,7,10,11,12	2	21770152	9.1868903809215486e-08
3	block2x2	mask_1ca7	0,1,2,5,7,10,11,12	7	21770152	3.2154116333225417e-07
3	block2x2	mask_1cad	0,2,3,5,7,10,11,12	11	21770152	5.0527897095068511e-07
3	block2x2	mask_1cae	1,2,3,5,7,10,11,12	10	21770152	4.5934451904607739e-07
3	block2x2	mask_1cb3	0,1,4,5,7,10,11,12	22	21770152	1.0105579419013702e-06
3	block2x2	mask_1cb5	0,2,4,5,7,10,11,12	1	21770152	4.5934451904607743e-08
3	block2x2	mask_1cb6	1,2,4,5,7,10,11,12	13	21770152	5.9714787475990067e-07
3	block2x2	mask_1cba	1,3,4,5,7,10,11,12	2	21770152	9.1868903809215486e-08
3	block2x2	mask_1cbc	2,3,4,5,7,10,11,12	11	21770152	5.0527897095068511e-07
3	block2x2	mask_1cc7	0,1,2,6,7,10,11,12	39	21770152	1.7914436242797019e-06
3	block2x2	mask_1ccb	0,1,3,6,7,10,11,12	7	21770152	3.2154116333225417e-07
3	block2x2	mask_1ccd	0,2,3,6,7,10,11,12	62	21770152	2.8479360180856798e-06
3	block2x2	mask_1cd3	0,1,4,6,7,10,11,12	9	21770152	4.1341006714146967e-07
3	block2x2	mask_1cd6	1,2,4,6,7,10,11,12	59	21770152	2.7101326623718566e-06
3	block2x2	mask_1cda	1,3,4,6,7,10,11,12	11	21770152	5.0527897095068511e-07
3	block2x2	mask_1cdc	2,3,4,6,7,10,11,12	53	21770152	2.4345259509442101e-06
3	block2x2	mask_1ce3	0,1,5,6,7,10,11,12	887	21770152	4.0743858839387065e-05
3	block2x2	mask_1ce5	0,2,5,6,7,10,11,12	300	21770152	1.3780335571382322e-05
3	block2x2	mask_1ce6	1,2,5,6,7,10,11,12	1526	21770152	7.009597360643141e-05
3	block2x2	mask_1ce9	0,3,5,6,7,10,11,12	8	21770152	3.6747561523686195e-07
3	block2x2	mask_1cf1	0,4,5,6,7,10,11,12	121	21770152	5.5580686804575368e-06
3	block2x2	mask_1cf2	1,4,5,6,7,10,11,12	158	21770152	7.2576434009280225e-06
3	block2x2	mask_1cf4	2,4,5,6,7,10,11,12	84	21770152	3.8584939599870502e-06
3	block2x2	mask_1cf8	3,4,5,6,7,10,11,12	20	21770152	9.1868903809215478e-07
3	block2x2	mask_1d0f	0,1,2,3,8,10,11,12	6	21770152	2.7560671142764645e-07
3	block2x2	mask_1d17	0,1,2,4,8,10,11,12	67	21770152	3.0776082776087188e-06
3	block2x2	mask_1d1b	0,1,3,4,8,10,11,12	5	21770152	2.296722595230387e-07
3	block2x2	mask_1d1e	1,2,3,4,8,10,11,12	4	21770152	1.8373780761843097e-07
3	block2x2	mask_1d27	0,1,2,5,8,10,11,12	11	21770152	5.0527897095068511e-07
3	block2x2	mask_1d2b	0,1,3,5,8,10,11,12	2	21770152	9.1868903809215486e-08
3	block2x2	mask_1d2e	1,2,3,5,8,10,11,12	5	21770152	2.296722595230387e-07
3	block2x2	mask_1d33	0,1,4,5,8,10,11,12	6686	21770152	0.00030711774543420734
3	block2x2	mask_1d35	0,2,4,5,8,10,11,12	42	21770152	1.9292469799935251e-06
3	block2x2	mask_1d36	1,2,4,5,8,10,11,12	84	21770152	3.8584939599870502e-06
3	block2x2	mask_1d3a	1,3,4,5,8,10,11,12	16	21770152	7.3495123047372389e-07
3	block2x2	mask_1d3c	2,3,4,5,8,10,11,12	2	21770152	9.1868903809215486e-08
3	block2x2	mask_1d4e	1,2,3,6,8,10,11,12	1	21770152	4.5934451904607743e-08
3	block2x2	mask_1d53	0,1,4,6,8,10,11,12	129	21770152	5.9255442956943982e-06
3	block2x2	mask_1d55	0,2,4,6,8,10,11,12	11	21770152	5.0527897095068511e-07
3	block2x2	mask_1d56	1,2,4,6,8,10,11,12	1	21770152	4.5934451904607743e-08
3	block2x2	mask_1d5a	1,3,4,6,8,10,11,12	3	21770152	1.3780335571382322e-07
3	block2x2	mask_1d63	0,1,5,6,8,10,11,12	69	21770152	3.1694771814179341e-06
3	block2x2	mask_1d65	0,2,5,6,8,10,11,12	12	21770152	5.5121342285529289e-07
3	block2x2	mask_1d66	1,2,5,6,8,10,11,12	603	21770152	2.7698474498478467e-05
3	block2x2	mask_1d6a	1,3,5,6,8,10,11,12	50	21770152	2.2967225952303869e-06
3	block2x2	mask_1d6c	2,3,5,6,8,10,11,12	23	21770152	1.0564923938059781e-06
3	block2x2	mask_1d72	1,4,5,6,8,10,11,12	344	21770152	1.5801451455185064e-05
3	block2x2	mask_1d74	2,4,5,6,8,10,11,12	13	21770152	5.9714787475990067e-07
3	block2x2	mask_1d78	3,4,5,6,8,10,11,12	2	21770152	9.1868903809215486e-08
3	block2x2	mask_1d93	0,1,4,7,8,10,11,12	4	21770152	1.8373780761843097e-07
3	block2x2	mask_1d96	1,2,4,7,8,10,11,12	4	21770152	1.8373780761843097e-07
3	block2x2	mask_1da3	0,1,5,7,8,10,11,12	3	21770152	1.3780335571382322e-07
3	block2x2	mask_1da6	1,2,5,7,8,10,11,12	5	21770152	2.296722595230387e-07
3	block2x2	mask_1daa	1,3,5,7,8,10,11,12	1	21770152	4.5934451904607743e-08
3	block2x2	mask_1db2	1,4,5,7,8,10,11,12	11	21770152	5.0527897095068511e-07
3	block2x2	mask_1db4	2,4,5,7,8,10,11,12	2	21770152	9.1868903809215486e-08
3	block2x2	mask_1dc3	0,1,6,7,8,10,11,12	5	21770152	2.296722595230387e-07
3	block2x2	mask_1dc5	0,2,6,7,8,10,11,12	1	21770152	4.5934451904607743e-08
3	block2x2	mask_1dc6	1,2,6,7,8,10,11,12	29	21770152	1.3320991052336246e-06
3	block2x2	mask_1dca	1,3,6,7,8,10,11,12	2	21770152	9.1868903809215486e-08
3	block2x2	mask_1dcc	2,3,6,7,8,10,11,12	39	21770152	1.7914436242797019e-06
3	block2x2	mask_1dd1	0,4,6,7,8,10,11,12	1	21770152	4.5934451904607743e-08
3	block2x2	mask_1dd2	1,4,6,7,8,10,11,12	9	21770152	4.1341006714146967e-07
3	block2x2	mask_1dd4	2,4,6,7,8,10,11,12	1	21770152	4.5934451904607743e-08
3	block2x2	mask_1de1	0,5,6,7,8,10,11,12	172	21770152	7.900725727592532e-06
3	block2x2	mask_1de2	1,5,6,7,8,10,11,12	324	21770152	1.4882762417092908e-05
3	block2x2	mask_1de4	2,5,6,7,8,10,11,12	101	21770152	4.6393796423653817e-06
3	block2x2	mask_1e0f	0,1,2,3,9,10,11,12	4	21770152	1.8373780761843097e-07
3	block2x2	mask_1e17	0,1,2,4,9,10,11,12	140	21770152	6.430823266645084e-06
3	block2x2	mask_1e1b	0,1,3,4,9,10,11,12	17	21770152	7.8088568237833156e-07
3	block2x2	mask_1e1d	0,2,3,4,9,10,11,12	2	21770152	9.1868903809215486e-08
3	block2x2	mask_1e1e	1,2,3,4,9,10,11,12	11	21770152	5.0527897095068511e-07
3	block2x2	mask_1e27	0,1,2,5,9,10,11,12	45	21770152	2.0670503357073483e-06
3	block2x2	mask_1e2b	0,1,3,5,9,10,11,12	4	21770152	1.8373780761843097e-07
3	block2x2	mask_1e2d	0,2,3,5,9,10,11,12	5	21770152	2.296722595230387e-07
3	block2x2	mask_1e2e	1,2,3,5,9,10,11,12	11	21770152	5.0527897095068511e-07
3	block2x2	mask_1e33	0,1,4,5,9,10,11,12	8514	21770152	0.00039108592351583032
3	block2x2	mask_1e35	0,2,4,5,9,10,11,12	69	21770152	3.1694771814179341e-06
3	block2x2	mask_1e36	1,2,4,5,9,10,11,12	389	21770152	1.7868501790892409e-05
3	block2x2	mask_1e39	0,3,4,5,9,10,11,12	6	21770152	2.7560671142764645e-07
3	block2x2	mask_1e3a	1,3,4,5,9,10,11,12	20	21770152	9.1868903809215478e-07
3	block2x2	mask_1e3c	2,3,4,5,9,10,11,12	9	21770152	4.1341006714146967e-07
3	block2x2	mask_1e47	0,1,2,6,9,10,11,12	2	21770152	9.1868903809215486e-08
3	block2x2	mask_1e4b	0,1,3,6,9,10,11,12	1	21770152	4.5934451904607743e-08
3	block2x2	mask_1e53	0,1,4,6,9,10,11,12	94	21770152	4.3178384790331274e-06
3	block2x2	mask_1e55	0,2,4,6,9,10,11,12	20	21770152	9.1868903809215478e-07
3	block2x2	mask_1e56	1,2,4,6,9,10,11,12	24	21770152	1.1024268457105858e-06
3	block2x2	mask_1e59	0,3,4,6,9,10,11,12	1	21770152	4.5934451904607743e-08
3	block2x2	mask_1e5a	1,3,4,6,9,10,11,12	4	21770152	1.8373780761843097e-07
3	block2x2	mask_1e63	0,1,5,6,9,10,11,12	344	21770152	1.5801451455185064e-05
3	block2x2	mask_1e65	0,2,5,6,9,10,11,12	64	21770152	2.9398049218948956e-06
3	block2x2	mask_1e66	1,2,5,6,9,10,11,12	3538	21770152	0.00016251609083850219
3	block2x2	mask_1e69	0,3,5,6,9,10,11,12	15	21770152	6.8901677856911611e-07
3	block2x2	mask_1e6a	1,3,5,6,9,10,11,12	31	21770152	1.4239680090428399e-06
3	block2x2	mask_1e72	1,4,5,6,9,10,11,12	717	21770152	3.2935002015603751e-05
3	block2x2	mask_1e74	2,4,5,6,9,10,11,12	229	21770152	1.0518989486155172e-05
3	block2x2	mask_1e78	3,4,5,6,9,10,11,12	12	21770152	5.5121342285529289e-07
3	block2x2	mask_1e87	0,1,2,7,9,10,11,12	1	21770152	4.5934451904607743e-08
3	block2x2	mask_1e93	0,1,4,7,9,10,11,12	12	21770152	5.5121342285529289e-07
3	block2x2	mask_1e96	1,2,4,7,9,10,11,12	1	21770152	4.5934451904607743e-08
3	block2x2	mask_1e9a	1,3,4,7,9,10,11,12	1	21770152	4.5934451904607743e-08
3	block2x2	mask_1e9c	2,3,4,7,9,10,11,12	6	21770152	2.7560671142764645e-07
3	block2x2	mask_1ea3	0,1,5,7,9,10,11,12	21	21770152	9.6462348999676256e-07
3	block2x2	mask_1ea5	0,2,5,7,9,10,11,12	3	21770152	1.3780335571382322e-07
3	block2x2	mask_1ea6	1,2,5,7,9,10,11,12	9	21770152	4.1341006714146967e-07
3	block2x2	mask_1eb2	1,4,5,7,9,10,11,12	63	21770152	2.8938704699902877e-06
3	block2x2	mask_1eb4	2,4,5,7,9,10,11,12	15	21770152	6.8901677856911611e-07
3	block2x2	mask_1ec3	0,1,6,7,9,10,11,12	428	21770152	1.9659945415172113e-05
3	block2x2	mask_1ec5	0,2,6,7,9,10,11,12	53	21770152	2.4345259509442101e-06
3	block2x2	mask_1ec9	0,3,6,7,9,10,11,12	6	21770152	2.7560671142764645e-07
3	block2x2	mask_1ed2	1,4,6,7,9,10,11,12	162	21770152	7.441381208546454e-06
3	block2x2	mask_1ed4	2,4,6,7,9,10,11,12	62	21770152	2.8479360180856798e-06
3	block2x2	mask_1ee1	0,5,6,7,9,10,11,12	1038	21770152	4.7679961076982831e-05
3	block2x2	mask_1f13	0,1,4,8,9,10,11,12	3372	21770152	0.00015489097182233729
3	block2x2	mask_1f15	0,2,4,8,9,10,11,12	79	21770152	3.6288217004640113e-06
3	block2x2	mask_1f16	1,2,4,8,9,10,11,12	27	21770152	1.240230201424409e-06
3	block2x2	mask_1f19	0,3,4,8,9,10,11,12	2	21770152	9.1868903809215486e-08
3	block2x2	mask_1f1a	1,3,4,8,9,10,11,12	7	21770152	3.2154116333225417e-07
3	block2x2	mask_1f23	0,1,5,8,9,10,11,12	529	21770152	2.4299325057537496e-05
3	block2x2	mask_1f25	0,2,5,8,9,10,11,12	24	21770152	1.1024268457105858e-06
3	block2x2	mask_1f26	1,2,5,8,9,10,11,12	79	21770152	3.6288217004640113e-06
3	block2x2	mask_1f29	0,3,5,8,9,10,11,12	1	21770152	4.5934451904607743e-08
3	block2x2	mask_1f2a	1,3,5,8,9,10,11,12	72	21770152	3.3072805371317573e-06
3	block2x2	mask_1f2c	2,3,5,8,9,10,11,12	7	21770152	3.2154116333225417e-07
3	block2x2	mask_1f32	1,4,5,8,9,10,11,12	4125	21770152	0.00018947961410650693
3	block2x2	mask_1f34	2,4,5,8,9,10,11,12	120	21770152	5.5121342285529289e-06
3	block2x2	mask_1f43	0,1,6,8,9,10,11,12	6	21770152	2.7560671142764645e-07
3	block2x2	mask_1f45	0,2,6,8,9,10,11,12	2	21770152	9.1868903809215486e-08
3	block2x2	mask_1f46	1,2,6,8,9,10,11,12	18	21770152	8.2682013428293934e-07
3	block2x2	mask_1f49	0,3,6,8,9,10,11,12	1	21770152	4.5934451904607743e-08
3	block2x2	mask_1f4c	2,3,6,8,9,10,11,12	29	21770152	1.3320991052336246e-06
3	block2x2	mask_1f52	1,4,6,8,9,10,11,12	97	21770152	4.455641834746951e-06
3	block2x2	mask_1f54	2,4,6,8,9,10,11,12	49	21770152	2.2507881433257794e-06
3	block2x2	mask_1f62	1,5,6,8,9,10,11,12	1250	21770152	5.7418064880759678e-05
3	block2x2	mask_1f64	2,5,6,8,9,10,11,12	524	21770152	2.4069652798014456e-05
3	block2x2	mask_1f83	0,1,7,8,9,10,11,12	2	21770152	9.1868903809215486e-08
3	block2x2	mask_1f85	0,2,7,8,9,10,11,12	1	21770152	4.5934451904607743e-08
3	block2x2	mask_1f8a	1,3,7,8,9,10,11,12	1	21770152	4.5934451904607743e-08
3	block2x2	mask_1f8c	2,3,7,8,9,10,11,12	41	21770152	1.8833125280889172e-06
3	block2x2	mask_1f92	1,4,7,8,9,10,11,12	4	21770152	1.8373780761843097e-07
3	block2x2	mask_1f94	2,4,7,8,9,10,11,12	2	21770152	9.1868903809215486e-08
3	block2x2	mask_1fa2	1,5,7,8,9,10,11,12	167	21770152	7.6710534680694917e-06
3	block2x2	mask_1fa4	2,5,7,8,9,10,11,12	27	21770152	1.240230201424409e-06
3	block2x2	mask_1fc2	1,6,7,8,9,10,11,12	127	21770152	5.8336753918851832e-06
3	block2x2	mask_1fc4	2,6,7,8,9,10,11,12	187	21770152	8.5897425061616477e-06
3	block2x2	mask_20bf	0,1,2,3,4,5,7,13	2901	21770152	0.00013325584497526707
3	block2x2	mask_20df	0,1,2,3,4,6,7,13	1663	21770152	7.6388993517362673e-05
3	block2x2	mask_20f7	0,1,2,4,5,6,7,13	9288	21770152	0.00042663918928999669
3	block2x2	mask_20fb	0,1,3,4,5,6,7,13	829	21770152	3.8079660628919813e-05
3	block2x2	mask_20fd	0,2,3,4,5,6,7,13	1291	21770152	5.9301377408848592e-05
3	block2x2	mask_20fe	1,2,3,4,5,6,7,13	9374	21770152	0.00043058955215379295
3	block2x2	mask_219f	0,1,2,3,4,7,8,13	63	21770152	2.8938704699902877e-06
3	block2x2	mask_21af	0,1,2,3,5,7,8,13	2035	21770152	9.3476609625876755e-05
3	block2x2	mask_21b7	0,1,2,4,5,7,8,13	5358	21770152	0.00024611679330488825
3	block2x2	mask_21bb	0,1,3,4,5,7,8,13	145	21770152	6.6604955261681226e-06
3	block2x2	mask_21bd	0,2,3,4,5,7,8,13	71	21770152	3.2613460852271495e-06
3	block2x2	mask_21be	1,2,3,4,5,7,8,13	192	21770152	8.8194147656846863e-06
3	block2x2	mask_21cf	0,1,2,3,6,7,8,13	4522	21770152	0.00020771559151263621
3	block2x2	mask_21d7	0,1,2,4,6,7,8,13	236	21770152	1.0840530649487426e-05
3	block2x2	mask_21db	0,1,3,4,6,7,8,13	54	21770152	2.480460402848818e-06
3	block2x2	mask_21dd	0,2,3,4,6,7,8,13	9	21770152	4.1341006714146967e-07
3	block2x2	mask_21de	1,2,3,4,6,7,8,13	829	21770152	3.8079660628919813e-05
3	block2x2	mask_21e7	0,1,2,5,6,7,8,13	1975	21770152	9.0720542511600285e-05
3	block2x2	mask_21eb	0,1,3,5,6,7,8,13	193	21770152	8.8653492175892933e-06
3	block2x2	mask_21ed	0,2,3,5,6,7,8,13	2109	21770152	9.6875759066817726e-05
3	block2x2	mask_21ee	1,2,3,5,6,7,8,13	5987	21770152	0.00027500956355288654
3	block2x2	mask_21f3	0,1,4,5,6,7,8,13	7250	21770152	0.00033302477630840614
3	block2x2	mask_21f5	0,2,4,5,6,7,8,13	382	21770152	1.7546960627560155e-05
3	block2x2	mask_21f6	1,2,4,5,6,7,8,13	2781	21770152	0.00012774371074671413
3	block2x2	mask_21f9	0,3,4,5,6,7,8,13	29	21770152	1.3320991052336246e-06
3	block2x2	mask_21fa	1,3,4,5,6,7,8,13	151	21770152	6.936102237595769e-06
3	block2x2	mask_21fc	2,3,4,5,6,7,8,13	1039	21770152	4.7725895528887443e-05
3	block2x2	mask_229f	0,1,2,3,4,7,9,13	261	21770152	1.1988891947102621e-05
3	block2x2	mask_22bb	0,1,3,4,5,7,9,13	109	21770152	5.0068552576022439e-06
3	block2x2	mask_22bd	0,2,3,4,5,7,9,13	393	21770152	1.8052239598510841e-05
3	block2x2	mask_22be	1,2,3,4,5,7,9,13	543	21770152	2.4942407384202001e-05
3	block2x2	mask_22d7	0,1,2,4,6,7,9,13	518	21770152	2.379404608658681e-05
3	block2x2	mask_22db	0,1,3,4,6,7,9,13	95	21770152	4.3637729309377352e-06
3	block2x2	mask_22dd	0,2,3,4,6,7,9,13	177	21770152	8.1303979871155706e-06
3	block2x2	mask_22de	1,2,3,4,6,7,9,13	2607	21770152	0.00011975111611531238
3	block2x2	mask_22f3	0,1,4,5,6,7,9,13	4385	21770152	0.00020142257160170494
3	block2x2	mask_22f5	0,2,4,5,6,7,9,13	1188	21770152	5.4570128862673998e-05
3	block2x2	mask_22f6	1,2,4,5,6,7,9,13	3544	21770152	0.00016279169754992984
3	block2x2	mask_22f9	0,3,4,5,6,7,9,13	226	21770152	1.0381186130441349e-05
3	block2x2	mask_22fa	1,3,4,5,6,7,9,13	362	21770152	1.6628271589468001e-05
3	block2x2	mask_22fc	2,3,4,5,6,7,9,13	3859	21770152	0.00017726104989988127
3	block2x2	mask_238f	0,1,2,3,7,8,9,13	91	21770152	4.1800351233193046e-06
3	block2x2	mask_239b	0,1,3,4,7,8,9,13	6	21770152	2.7560671142764645e-07
3	block2x2	mask_239d	0,2,3,4,7,8,9,13	3	21770152	1.3780335571382322e-07
3	block2x2	mask_239e	1,2,3,4,7,8,9,13	90	21770152	4.1341006714146967e-06
3	block2x2	mask_23ab	0,1,3,5,7,8,9,13	8	21770152	3.6747561523686195e-07
3	block2x2	mask_23ad	0,2,3,5,7,8,9,13	273	21770152	1.2540105369957914e-05
3	block2x2	mask_23ae	1,2,3,5,7,8,9,13	113	21770152	5.1905930652206746e-06
3	block2x2	mask_23b9	0,3,4,5,7,8,9,13	11	21770152	5.0527897095068511e-07
3	block2x2	mask_23ba	1,3,4,5,7,8,9,13	12	21770152	5.5121342285529289e-07
3	block2x2	mask_23bc	2,3,4,5,7,8,9,13	102	21770152	4.6853140942699896e-06
3	block2x2	mask_23c7	0,1,2,6,7,8,9,13	108	21770152	4.960920805697636e-06
3	block2x2	mask_23cb	0,1,3,6,7,8,9,13	17	21770152	7.8088568237833156e-07
3	block2x2	mask_23cd	0,2,3,6,7,8,9,13	412	21770152	1.892499418469839e-05
3	block2x2	mask_23ce	1,2,3,6,7,8,9,13	773	21770152	3.5507331322261785e-05
3	block2x2	mask_23d6	1,2,4,6,7,8,9,13	132	21770152	6.0633476514082218e-06
3	block2x2	mask_23d9	0,3,4,6,7,8,9,13	12	21770152	5.5121342285529289e-07
3	block2x2	mask_23da	1,3,4,6,7,8,9,13	77	21770152	3.5369527966547959e-06
3	block2x2	mask_23dc	2,3,4,6,7,8,9,13	96	21770152	4.4097073828423431e-06
3	block2x2	mask_23e5	0,2,5,6,7,8,9,13	259	21770152	1.1897023043293405e-05
3	block2x2	mask_23e6	1,2,5,6,7,8,9,13	1382	21770152	6.3481412532167902e-05
3	block2x2	mask_23e9	0,3,5,6,7,8,9,13	65	21770152	2.985739373799503e-06
3	block2x2	mask_23ea	1,3,5,6,7,8,9,13	195	21770152	8.9572181213985091e-06
3	block2x2	mask_23ec	2,3,5,6,7,8,9,13	2766	21770152	0.000127054693968145
3	block2x2	mask_249f	0,1,2,3,4,7,10,13	19	21770152	8.7275458618754701e-07
3	block2x2	mask_24b7	0,1,2,4,5,7,10,13	548	21770152	2.5172079643725041e-05
3	block2x2	mask_24bb	0,1,3,4,5,7,10,13	36	21770152	1.6536402685658787e-06
3	block2x2	mask_24bd	0,2,3,4,5,7,10,13	13	21770152	5.9714787475990067e-07
3	block2x2	mask_24be	1,2,3,4,5,7,10,13	71	21770152	3.2613460852271495e-06
3	block2x2	mask_24d7	0,1,2,4,6,7,10,13	67	21770152	3.0776082776087188e-06
3	block2x2	mask_24db	0,1,3,4,6,7,10,13	17	21770152	7.8088568237833156e-07
3	block2x2	mask_24dd	0,2,3,4,6,7,10,13	33	21770152	1.5158369128520555e-06
3	block2x2	mask_24de	1,2,3,4,6,7,10,13	1349	21770152	6.1965575619315837e-05
3	block2x2	mask_24f3	0,1,4,5,6,7,10,13	1950	21770152	8.9572181213985091e-05
3	block2x2	mask_24f5	0,2,4,5,6,7,10,13	99	21770152	4.5475107385561659e-06
3	block2x2	mask_24f6	1,2,4,5,6,7,10,13	1545	21770152	7.0968728192618958e-05
3	block2x2	mask_24f9	0,3,4,5,6,7,10,13	25	21770152	1.1483612976151935e-06
3	block2x2	mask_24fa	1,3,4,5,6,7,10,13	225	21770152	1.0335251678536742e-05
3	block2x2	mask_24fc	2,3,4,5,6,7,10,13	2480	21770152	0.0001139174407234272
3	block2x2	mask_258f	0,1,2,3,7,8,10,13	13	21770152	5.9714787475990067e-07
3	block2x2	mask_2597	0,1,2,4,7,8,10,13	2	21770152	9.1868903809215486e-08
3	block2x2	mask_259e	1,2,3,4,7,8,10,13	2	21770152	9.1868903809215486e-08
3	block2x2	mask_25a7	0,1,2,5,7,8,10,13	13	21770152	5.9714787475990067e-07
3	block2x2	mask_25ab	0,1,3,5,7,8,10,13	2	21770152	9.1868903809215486e-08
3	block2x2	mask_25ad	0,2,3,5,7,8,10,13	4	21770152	1.8373780761843097e-07
3	block2x2	mask_25ae	1,2,3,5,7,8,10,13	7	21770152	3.2154116333225417e-07
3	block2x2	mask_25b6	1,2,4,5,7,8,10,13	42	21770152	1.9292469799935251e-06
3	block2x2	mask_25b9	0,3,4,5,7,8,10,13	1	21770152	4.5934451904607743e-08
3	block2x2	mask_25ba	1,3,4,5,7,8,10,13	5	21770152	2.296722595230387e-07
3	block2x2	mask_25bc	2,3,4,5,7,8,10,13	4	21770152	1.8373780761843097e-07
3	block2x2	mask_25c7	0,1,2,6,7,8,10,13	18	21770152	8.2682013428293934e-07
3	block2x2	mask_25cb	0,1,3,6,7,8,10,13	6	21770152	2.7560671142764645e-07
3	block2x2	mask_25cd	0,2,3,6,7,8,10,13	38	21770152	1.745509172375094e-06
3	block2x2	mask_25ce	1,2,3,6,7,8,10,13	131	21770152	6.0174131995036139e-06
3	block2x2	mask_25d3	0,1,4,6,7,8,10,13	20	21770152	9.1868903809215478e-07
3	block2x2	mask_25d5	0,2,4,6,7,8,10,13	4	21770152	1.8373780761843097e-07
3	block2x2	mask_25d6	1,2,4,6,7,8,10,13	25	21770152	1.1483612976151935e-06
3	block2x2	mask_25da	1,3,4,6,7,8,10,13	5	21770152	2.296722595230387e-07
3	block2x2	mask_25dc	2,3,4,6,7,8,10,13	24	21770152	1.1024268457105858e-06
3	block2x2	mask_25e3	0,1,5,6,7,8,10,13	177	21770152	8.1303979871155706e-06
3	block2x2	mask_25e5	0,2,5,6,7,8,10,13	62	21770152	2.8479360180856798e-06
3	block2x2	mask_25e6	1,2,5,6,7,8,10,13	215	21770152	9.8759071594906633e-06
3	block2x2	mask_25e9	0,3,5,6,7,8,10,13	16	21770152	7.3495123047372389e-07
3	block2x2	mask_25ea	1,3,5,6,7,8,10,13	69	21770152	3.1694771814179341e-06
3	block2x2	mask_25ec	2,3,5,6,7,8,10,13	225	21770152	1.0335251678536742e-05
3	block2x2	mask_25f2	1,4,5,6,7,8,10,13	250	21770152	1.1483612976151935e-05
3	block2x2	mask_25f4	2,4,5,6,7,8,10,13	65	21770152	2.985739373799503e-06
3	block2x2	mask_269b	0,1,3,4,7,9,10,13	6	21770152	2.7560671142764645e-07
3	block2x2	mask_269d	0,2,3,4,7,9,10,13	22	21770152	1.0105579419013702e-06
3	block2x2	mask_269e	1,2,3,4,7,9,10,13	9	21770152	4.1341006714146967e-07
3	block2x2	mask_26b9	0,3,4,5,7,9,10,13	30	21770152	1.3780335571382322e-06
3	block2x2	mask_26ba	1,3,4,5,7,9,10,13	19	21770152	8.7275458618754701e-07
3	block2x2	mask_26bc	2,3,4,5,7,9,10,13	107	21770152	4.9149863537930281e-06
3	block2x2	mask_26d3	0,1,4,6,7,9,10,13	124	21770152	5.6958720361713596e-06
3	block2x2	mask_26d5	0,2,4,6,7,9,10,13	161	21770152	7.3954467566418461e-06
3	block2x2	mask_26d6	1,2,4,6,7,9,10,13	254	21770152	1.1667350783770366e-05
3	block2x2	mask_26d9	0,3,4,6,7,9,10,13	199	21770152	9.1409559290169406e-06
3	block2x2	mask_26da	1,3,4,6,7,9,10,13	93	21770152	4.2719040271285195e-06
3	block2x2	mask_26dc	2,3,4,6,7,9,10,13	912	21770152	4.189222013700226e-05
3	block2x2	mask_26f2	1,4,5,6,7,9,10,13	863	21770152	3.9641431993676483e-05
3	block2x2	mask_26f4	2,4,5,6,7,9,10,13	1475	21770152	6.7753316559296422e-05
3	block2x2	mask_278b	0,1,3,7,8,9,10,13	1	21770152	4.5934451904607743e-08
3	block2x2	mask_278d	0,2,3,7,8,9,10,13	2	21770152	9.1868903809215486e-08
3	block2x2	mask_278e	1,2,3,7,8,9,10,13	10	21770152	4.5934451904607739e-07
3	block2x2	mask_2799	0,3,4,7,8,9,10,13	1	21770152	4.5934451904607743e-08
3	block2x2	mask_279a	1,3,4,7,8,9,10,13	4	21770152	1.8373780761843097e-07
3	block2x2	mask_279c	2,3,4,7,8,9,10,13	2	21770152	9.1868903809215486e-08
3	block2x2	mask_27a9	0,3,5,7,8,9,10,13	11	21770152	5.0527897095068511e-07
3	block2x2	mask_27aa	1,3,5,7,8,9,10,13	22	21770152	1.0105579419013702e-06
3	block2x2	mask_27ac	2,3,5,7,8,9,10,13	15	21770152	6.8901677856911611e-07
3	block2x2	mask_27c5	0,2,6,7,8,9,10,13	7	21770152	3.2154116333225417e-07
3	block2x2	mask_27c6	1,2,6,7,8,9,10,13	307	21770152	1.4101876734714577e-05
3	block2x2	mask_27c9	0,3,6,7,8,9,10,13	7	21770152	3.2154116333225417e-07
3	block2x2	mask_27ca	1,3,6,7,8,9,10,13	35	21770152	1.607705816661271e-06
3	block2x2	mask_27e4	2,5,6,7,8,9,10,13	326	21770152	1.4974631320902124e-05
3	block2x2	mask_283f	0,1,2,3,4,5,11,13	333	21770152	1.5296172484234378e-05
3	block2x2	mask_285f	0,1,2,3,4,6,11,13	61	21770152	2.8020015661810723e-06
3	block2x2	mask_2877	0,1,2,4,5,6,11,13	2304	21770152	0.00010583297718821624
3	block2x2	mask_287b	0,1,3,4,5,6,11,13	349	21770152	1.6031123714708101e-05
3	block2x2	mask_287d	0,2,3,4,5,6,11,13	37	21770152	1.6995747204704863e-06
3	block2x2	mask_287e	1,2,3,4,5,6,11,13	241	21770152	1.1070202909010465e-05
3	block2x2	mask_289f	0,1,2,3,4,7,11,13	4	21770152	1.8373780761843097e-07
3	block2x2	mask_28b7	0,1,2,4,5,7,11,13	265	21770152	1.2172629754721051e-05
3	block2x2	mask_28bd	0,2,3,4,5,7,11,13	44	21770152	2.0211158838027405e-06
3	block2x2	mask_28be	1,2,3,4,5,7,11,13	52	21770152	2.3885914990396027e-06
3	block2x2	mask_28d7	0,1,2,4,6,7,11,13	21	21770152	9.6462348999676256e-07
3	block2x2	mask_28dd	0,2,3,4,6,7,11,13	10	21770152	4.5934451904607739e-07
3	block2x2	mask_28de	1,2,3,4,6,7,11,13	285	21770152	1.3091318792813207e-05
3	block2x2	mask_28f3	0,1,4,5,6,7,11,13	389	21770152	1.7868501790892409e-05
3	block2x2	mask_28f5	0,2,4,5,6,7,11,13	46	21770152	2.1129847876119562e-06
3	block2x2	mask_28f6	1,2,4,5,6,7,11,13	525	21770152	2.4115587249919064e-05
3	block2x2	mask_28f9	0,3,4,5,6,7,11,13	8	21770152	3.6747561523686195e-07
3	block2x2	mask_28fa	1,3,4,5,6,7,11,13	18	21770152	8.2682013428293934e-07
3	block2x2	mask_28fc	2,3,4,5,6,7,11,13	800	21770152	3.674756152368619e-05
3	block2x2	mask_291f	0,1,2,3,4,8,11,13	4	21770152	1.8373780761843097e-07
3	block2x2	mask_292f	0,1,2,3,5,8,11,13	9	21770152	4.1341006714146967e-07
3	block2x2	mask_293b	0,1,3,4,5,8,11,13	9	21770152	4.1341006714146967e-07
3	block2x2	mask_293d	0,2,3,4,5,8,11,13	3	21770152	1.3780335571382322e-07
3	block2x2	mask_293e	1,2,3,4,5,8,11,13	14	21770152	6.4308232666450834e-07
3	block2x2	mask_294f	0,1,2,3,6,8,11,13	2	21770152	9.1868903809215486e-08
3	block2x2	mask_2957	0,1,2,4,6,8,11,13	4	21770152	1.8373780761843097e-07
3	block2x2	mask_295e	1,2,3,4,6,8,11,13	1	21770152	4.5934451904607743e-08
3	block2x2	mask_2967	0,1,2,5,6,8,11,13	21	21770152	9.6462348999676256e-07
3	block2x2	mask_296b	0,1,3,5,6,8,11,13	5	21770152	2.296722595230387e-07
3	block2x2	mask_296d	0,2,3,5,6,8,11,13	4	21770152	1.8373780761843097e-07
3	block2x2	mask_296e	1,2,3,5,6,8,11,13	2	21770152	9.1868903809215486e-08
3	block2x2	mask_2975	0,2,4,5,6,8,11,13	21	21770152	9.6462348999676256e-07
3	block2x2	mask_2976	1,2,4,5,6,8,11,13	102	21770152	4.6853140942699896e-06
3	block2x2	mask_2979	0,3,4,5,6,8,11,13	3	21770152	1.3780335571382322e-07
3	block2x2	mask_297a	1,3,4,5,6,8,11,13	10	21770152	4.5934451904607739e-07
3	block2x2	mask_297c	2,3,4,5,6,8,11,13	7	21770152	3.2154116333225417e-07
3	block2x2	mask_298f	0,1,2,3,7,8,11,13	1	21770152	4.5934451904607743e-08
3	block2x2	mask_29a7	0,1,2,5,7,8,11,13	3	21770152	1.3780335571382322e-07
3	block2x2	mask_29ad	0,2,3,5,7,8,11,13	32	21770152	1.4699024609474478e-06
3	block2x2	mask_29ae	1,2,3,5,7,8,11,13	2	21770152	9.1868903809215486e-08
3	block2x2	mask_29b3	0,1,4,5,7,8,11,13	17	21770152	7.8088568237833156e-07
3	block2x2	mask_29b6	1,2,4,5,7,8,11,13	14	21770152	6.4308232666450834e-07
3	block2x2	mask_29bc	2,3,4,5,7,8,11,13	3	21770152	1.3780335571382322e-07
3	block2x2	mask_29c7	0,1,2,6,7,8,11,13	1	21770152	4.5934451904607743e-08
3	block2x2	mask_29cd	0,2,3,6,7,8,11,13	6	21770152	2.7560671142764645e-07
3	block2x2	mask_29ce	1,2,3,6,7,8,11,13	4	21770152	1.8373780761843097e-07
3	block2x2	mask_29d6	1,2,4,6,7,8,11,13	2	21770152	9.1868903809215486e-08
3	block2x2	mask_29dc	2,3,4,6,7,8,11,13	42	21770152	1.9292469799935251e-06
3	block2x2	mask_29e3	0,1,5,6,7,8,11,13	6	21770152	2.7560671142764645e-07
3	block2x2	mask_29e5	0,2,5,6,7,8,11,13	17	21770152	7.8088568237833156e-07
3	block2x2	mask_29e6	1,2,5,6,7,8,11,13	38	21770152	1.745509172375094e-06
3	block2x2	mask_29ea	1,3,5,6,7,8,11,13	2	21770152	9.1868903809215486e-08
3	block2x2	mask_29f2	1,4,5,6,7,8,11,13	10	21770152	4.5934451904607739e-07
3	block2x2	mask_29f4	2,4,5,6,7,8,11,13	9	21770152	4.1341006714146967e-07
3	block2x2	mask_2a1f	0,1,2,3,4,9,11,13	202	21770152	9.2787592847307634e-06
3	block2x2	mask_2a3b	0,1,3,4,5,9,11,13	49	21770152	2.2507881433257794e-06
3	block2x2	mask_2a3d	0,2,3,4,5,9,11,13	72	21770152	3.3072805371317573e-06
3	block2x2	mask_2a3e	1,2,3,4,5,9,11,13	34	21770152	1.5617713647566631e-06
3	block2x2	mask_2a57	0,1,2,4,6,9,11,13	55	21770152	2.5263948547534259e-06
3	block2x2	mask_2a5b	0,1,3,4,6,9,11,13	17	21770152	7.8088568237833156e-07
3	block2x2	mask_2a5d	0,2,3,4,6,9,11,13	63	21770152	2.8938704699902877e-06
3	block2x2	mask_2a5e	1,2,3,4,6,9,11,13	11	21770152	5.0527897095068511e-07
3	block2x2	mask_2a75	0,2,4,5,6,9,11,13	365	21770152	1.6766074945181824e-05
3	block2x2	mask_2a76	1,2,4,5,6,9,11,13	380	21770152	1.7455091723750941e-05
3	block2x2	mask_2a79	0,3,4,5,6,9,11,13	102	21770152	4.6853140942699896e-06
3	block2x2	mask_2a7a	1,3,4,5,6,9,11,13	25	21770152	1.1483612976151935e-06
3	block2x2	mask_2a7c	2,3,4,5,6,9,11,13	112	21770152	5.1446586133160667e-06
3	block2x2	mask_2a97	0,1,2,4,7,9,11,13	6	21770152	2.7560671142764645e-07
3	block2x2	mask_2a9d	0,2,3,4,7,9,11,13	10	21770152	4.5934451904607739e-07
3	block2x2	mask_2a9e	1,2,3,4,7,9,11,13	91	21770152	4.1800351233193046e-06
3	block2x2	mask_2ab3	0,1,4,5,7,9,11,13	24	21770152	1.1024268457105858e-06
3	block2x2	mask_2ab5	0,2,4,5,7,9,11,13	54	21770152	2.480460402848818e-06
3	block2x2	mask_2ab6	1,2,4,5,7,9,11,13	24	21770152	1.1024268457105858e-06
3	block2x2	mask_2aba	1,3,4,5,7,9,11,13	2	21770152	9.1868903809215486e-08
3	block2x2	mask_2abc	2,3,4,5,7,9,11,13	46	21770152	2.1129847876119562e-06
3	block2x2	mask_2ad3	0,1,4,6,7,9,11,13	32	21770152	1.4699024609474478e-06
3	block2x2	mask_2ad5	0,2,4,6,7,9,11,13	74	21770152	3.3991494409409727e-06
3	block2x2	mask_2ad6	1,2,4,6,7,9,11,13	83	21770152	3.8125595080824424e-06
3	block2x2	mask_2ad9	0,3,4,6,7,9,11,13	16	21770152	7.3495123047372389e-07
3	block2x2	mask_2ada	1,3,4,6,7,9,11,13	25	21770152	1.1483612976151935e-06
3	block2x2	mask_2adc	2,3,4,6,7,9,11,13	178	21770152	8.1763324390201776e-06
3	block2x2	mask_2af2	1,4,5,6,7,9,11,13	88	21770152	4.0422317676054809e-06
3	block2x2	mask_2af4	2,4,5,6,7,9,11,13	396	21770152	1.8190042954224664e-05
3	block2x2	mask_2b0f	0,1,2,3,8,9,11,13	17	21770152	7.8088568237833156e-07
3	block2x2	mask_2b1b	0,1,3,4,8,9,11,13	4	21770152	1.8373780761843097e-07
3	block2x2	mask_2b1e	1,2,3,4,8,9,11,13	5	21770152	2.296722595230387e-07
3	block2x2	mask_2b2b	0,1,3,5,8,9,11,13	1	21770152	4.5934451904607743e-08
3	block2x2	mask_2b2d	0,2,3,5,8,9,11,13	2	21770152	9.1868903809215486e-08
3	block2x2	mask_2b2e	1,2,3,5,8,9,11,13	6	21770152	2.7560671142764645e-07
3	block2x2	mask_2b39	0,3,4,5,8,9,11,13	2	21770152	9.1868903809215486e-08
3	block2x2	mask_2b3a	1,3,4,5,8,9,11,13	21	21770152	9.6462348999676256e-07
3	block2x2	mask_2b3c	2,3,4,5,8,9,11,13	21	21770152	9.6462348999676256e-07
3	block2x2	mask_2b4e	1,2,3,6,8,9,11,13	3	21770152	1.3780335571382322e-07
3	block2x2	mask_2b55	0,2,4,6,8,9,11,13	20	21770152	9.1868903809215478e-07
3	block2x2	mask_2b56	1,2,4,6,8,9,11,13	26	21770152	1.1942957495198013e-06
3	block2x2	mask_2b59	0,3,4,6,8,9,11,13	2	21770152	9.1868903809215486e-08
3	block2x2	mask_2b5a	1,3,4,6,8,9,11,13	3	21770152	1.3780335571382322e-07
3	block2x2	mask_2b5c	2,3,4,6,8,9,11,13	6	21770152	2.7560671142764645e-07
3	block2x2	mask_2b65	0,2,5,6,8,9,11,13	62	21770152	2.8479360180856798e-06
3	block2x2	mask_2b66	1,2,5,6,8,9,11,13	264	21770152	1.2126695302816444e-05
3	block2x2	mask_2b69	0,3,5,6,8,9,11,13	3	21770152	1.3780335571382322e-07
3	block2x2	mask_2b6a	1,3,5,6,8,9,11,13	4	21770152	1.8373780761843097e-07
3	block2x2	mask_2b74	2,4,5,6,8,9,11,13	705	21770152	3.2383788592748459e-05
3	block2x2	mask_2b87	0,1,2,7,8,9,11,13	3	21770152	1.3780335571382322e-07
3	block2x2	mask_2b8d	0,2,3,7,8,9,11,13	2	21770152	9.1868903809215486e-08
3	block2x2	mask_2b8e	1,2,3,7,8,9,11,13	2	21770152	9.1868903809215486e-08
3	block2x2	mask_2b93	0,1,4,7,8,9,11,13	2	21770152	9.1868903809215486e-08
3	block2x2	mask_2b95	0,2,4,7,8,9,11,13	2	21770152	9.1868903809215486e-08
3	block2x2	mask_2b96	1,2,4,7,8,9,11,13	8	21770152	3.6747561523686195e-07
3	block2x2	mask_2b9c	2,3,4,7,8,9,11,13	1	21770152	4.5934451904607743e-08
3	block2x2	mask_2ba3	0,1,5,7,8,9,11,13	1	21770152	4.5934451904607743e-08
3	block2x2	mask_2ba5	0,2,5,7,8,9,11,13	5	21770152	2.296722595230387e-07
3	block2x2	mask_2ba6	1,2,5,7,8,9,11,13	6	21770152	2.7560671142764645e-07
3	block2x2	mask_2baa	1,3,5,7,8,9,11,13	1	21770152	4.5934451904607743e-08
3	block2x2	mask_2bb2	1,4,5,7,8,9,11,13	6	21770152	2.7560671142764645e-07
3	block2x2	mask_2bb4	2,4,5,7,8,9,11,13	14	21770152	6.4308232666450834e-07
3	block2x2	mask_2bc3	0,1,6,7,8,9,11,13	4	21770152	1.8373780761843097e-07
3	block2x2	mask_2bc5	0,2,6,7,8,9,11,13	10	21770152	4.5934451904607739e-07
3	block2x2	mask_2bc6	1,2,6,7,8,9,11,13	22	21770152	1.0105579419013702e-06
3	block2x2	mask_2bc9	0,3,6,7,8,9,11,13	1	21770152	4.5934451904607743e-08
3	block2x2	mask_2bd2	1,4,6,7,8,9,11,13	14	21770152	6.4308232666450834e-07
3	block2x2	mask_2bd4	2,4,6,7,8,9,11,13	14	21770152	6.4308232666450834e-07
3	block2x2	mask_2be2	1,5,6,7,8,9,11,13	72	21770152	3.3072805371317573e-06
3	block2x2	mask_2c1f	0,1,2,3,4,10,11,13	41	21770152	1.8833125280889172e-06
3	block2x2	mask_2c3b	0,1,3,4,5,10,11,13	26	21770152	1.1942957495198013e-06
3	block2x2	mask_2c3d	0,2,3,4,5,10,11,13	3	21770152	1.3780335571382322e-07
3	block2x2	mask_2c57	0,1,2,4,6,10,11,13	18	21770152	8.2682013428293934e-07
3	block2x2	mask_2c5b	0,1,3,4,6,10,11,13	10	21770152	4.5934451904607739e-07
3	block2x2	mask_2c5d	0,2,3,4,6,10,11,13	1	21770152	4.5934451904607743e-08
3	block2x2	mask_2c75	0,2,4,5,6,10,11,13	42	21770152	1.9292469799935251e-06
3	block2x2	mask_2c79	0,3,4,5,6,10,11,13	8	21770152	3.6747561523686195e-07
3	block2x2	mask_2cb3	0,1,4,5,7,10,11,13	23	21770152	1.0564923938059781e-06
3	block2x2	mask_2cb5	0,2,4,5,7,10,11,13	4	21770152	1.8373780761843097e-07
3	block2x2	mask_2cd3	0,1,4,6,7,10,11,13	14	21770152	6.4308232666450834e-07
3	block2x2	mask_2cd5	0,2,4,6,7,10,11,13	8	21770152	3.6747561523686195e-07
3	block2x2	mask_2d1b	0,1,3,4,8,10,11,13	4	21770152	1.8373780761843097e-07
3	block2x2	mask_2d1e	1,2,3,4,8,10,11,13	4	21770152	1.8373780761843097e-07
3	block2x2	mask_2d2b	0,1,3,5,8,10,11,13	1	21770152	4.5934451904607743e-08
3	block2x2	mask_2d3a	1,3,4,5,8,10,11,13	7	21770152	3.2154116333225417e-07
3	block2x2	mask_2d3c	2,3,4,5,8,10,11,13	2	21770152	9.1868903809215486e-08
3	block2x2	mask_2d47	0,1,2,6,8,10,11,13	1	21770152	4.5934451904607743e-08
3	block2x2	mask_2d4b	0,1,3,6,8,10,11,13	1	21770152	4.5934451904607743e-08
3	block2x2	mask_2d55	0,2,4,6,8,10,11,13	11	21770152	5.0527897095068511e-07
3	block2x2	mask_2d56	1,2,4,6,8,10,11,13	2	21770152	9.1868903809215486e-08
3	block2x2	mask_2d5c	2,3,4,6,8,10,11,13	3	21770152	1.3780335571382322e-07
3	block2x2	mask_2d65	0,2,5,6,8,10,11,13	11	21770152	5.0527897095068511e-07
3	block2x2	mask_2d66	1,2,5,6,8,10,11,13	303	21770152	1.3918138927096145e-05
3	block2x2	mask_2d69	0,3,5,6,8,10,11,13	3	21770152	1.3780335571382322e-07
3	block2x2	mask_2d6a	1,3,5,6,8,10,11,13	6	21770152	2.7560671142764645e-07
3	block2x2	mask_2d74	2,4,5,6,8,10,11,13	63	21770152	2.8938704699902877e-06
3	block2x2	mask_2d87	0,1,2,7,8,10,11,13	2	21770152	9.1868903809215486e-08
3	block2x2	mask_2d96	1,2,4,7,8,10,11,13	1	21770152	4.5934451904607743e-08
3	block2x2	mask_2da3	0,1,5,7,8,10,11,13	7	21770152	3.2154116333225417e-07
3	block2x2	mask_2da5	0,2,5,7,8,10,11,13	1	21770152	4.5934451904607743e-08
3	block2x2	mask_2da6	1,2,5,7,8,10,11,13	3	21770152	1.3780335571382322e-07
3	block2x2	mask_2db4	2,4,5,7,8,10,11,13	1	21770152	4.5934451904607743e-08
3	block2x2	mask_2dc3	0,1,6,7,8,10,11,13	17	21770152	7.8088568237833156e-07
3	block2x2	mask_2dc5	0,2,6,7,8,10,11,13	4	21770152	1.8373780761843097e-07
3	block2x2	mask_2dc9	0,3,6,7,8,10,11,13	1	21770152	4.5934451904607743e-08
3	block2x2	mask_2dd2	1,4,6,7,8,10,11,13	1	21770152	4.5934451904607743e-08
3	block2x2	mask_2e1b	0,1,3,4,9,10,11,13	6	21770152	2.7560671142764645e-07
3	block2x2	mask_2e1d	0,2,3,4,9,10,11,13	6	21770152	2.7560671142764645e-07
3	block2x2	mask_2e39	0,3,4,5,9,10,11,13	23	21770152	1.0564923938059781e-06
3	block2x2	mask_2e3a	1,3,4,5,9,10,11,13	29	21770152	1.3320991052336246e-06
3	block2x2	mask_2e3c	2,3,4,5,9,10,11,13	107	21770152	4.9149863537930281e-06
3	block2x2	mask_2e59	0,3,4,6,9,10,11,13	95	21770152	4.3637729309377352e-06
3	block2x2	mask_2e74	2,4,5,6,9,10,11,13	345	21770152	1.5847385907089669e-05
3	block2x2	mask_2e93	0,1,4,7,9,10,11,13	11	21770152	5.0527897095068511e-07
3	block2x2	mask_2e95	0,2,4,7,9,10,11,13	13	21770152	5.9714787475990067e-07
3	block2x2	mask_2e99	0,3,4,7,9,10,11,13	2	21770152	9.1868903809215486e-08
3	block2x2	mask_2f19	0,3,4,8,9,10,11,13	2	21770152	9.1868903809215486e-08
3	block2x2	mask_2f1a	1,3,4,8,9,10,11,13	2	21770152	9.1868903809215486e-08
3	block2x2	mask_2f1c	2,3,4,8,9,10,11,13	3	21770152	1.3780335571382322e-07
3	block2x2	mask_2f29	0,3,5,8,9,10,11,13	2	21770152	9.1868903809215486e-08
3	block2x2	mask_2f2a	1,3,5,8,9,10,11,13	5	21770152	2.296722595230387e-07
3	block2x2	mask_2f49	0,3,6,8,9,10,11,13	1	21770152	4.5934451904607743e-08
3	block2x2	mask_2f85	0,2,7,8,9,10,11,13	1	21770152	4.5934451904607743e-08
3	block2x2	mask_2f89	0,3,7,8,9,10,11,13	1	21770152	4.5934451904607743e-08
3	block2x2	mask_309f	0,1,2,3,4,7,12,13	1	21770152	4.5934451904607743e-08
3	block2x2	mask_30af	0,1,2,3,5,7,12,13	4	21770152	1.8373780761843097e-07
3	block2x2	mask_30bd	0,2,3,4,5,7,12,13	1	21770152	4.5934451904607743e-08
3	block2x2	mask_30be	1,2,3,4,5,7,12,13	3	21770152	1.3780335571382322e-07
3	block2x2	mask_30cf	0,1,2,3,6,7,12,13	38	21770152	1.745509172375094e-06
3	block2x2	mask_30de	1,2,3,4,6,7,12,13	18	21770152	8.2682013428293934e-07
3	block2x2	mask_30eb	0,1,3,5,6,7,12,13	4	21770152	1.8373780761843097e-07
3	block2x2	mask_30ed	0,2,3,5,6,7,12,13	49	21770152	2.2507881433257794e-06
3	block2x2	mask_30fa	1,3,4,5,6,7,12,13	4	21770152	1.8373780761843097e-07
3	block2x2	mask_30fc	2,3,4,5,6,7,12,13	14	21770152	6.4308232666450834e-07
3	block2x2	mask_318f	0,1,2,3,7,8,12,13	2	21770152	9.1868903809215486e-08
3	block2x2	mask_319e	1,2,3,4,7,8,12,13	1	21770152	4.5934451904607743e-08
3	block2x2	mask_31ad	0,2,3,5,7,8,12,13	18	21770152	8.2682013428293934e-07
3	block2x2	mask_31ae	1,2,3,5,7,8,12,13	3	21770152	1.3780335571382322e-07
3	block2x2	mask_31cb	0,1,3,6,7,8,12,13	1	21770152	4.5934451904607743e-08
3	block2x2	mask_31cd	0,2,3,6,7,8,12,13	7	21770152	3.2154116333225417e-07
3	block2x2	mask_31ce	1,2,3,6,7,8,12,13	39	21770152	1.7914436242797019e-06
3	block2x2	mask_31d9	0,3,4,6,7,8,12,13	14	21770152	6.4308232666450834e-07
3	block2x2	mask_31da	1,3,4,6,7,8,12,13	27	21770152	1.240230201424409e-06
3	block2x2	mask_31dc	2,3,4,6,7,8,12,13	2	21770152	9.1868903809215486e-08
3	block2x2	mask_31e9	0,3,5,6,7,8,12,13	19	21770152	8.7275458618754701e-07
3	block2x2	mask_31ea	1,3,5,6,7,8,12,13	21	21770152	9.6462348999676256e-07
3	block2x2	mask_31ec	2,3,5,6,7,8,12,13	41	21770152	1.8833125280889172e-06
3	block2x2	mask_32cb	0,1,3,6,7,9,12,13	1	21770152	4.5934451904607743e-08
3	block2x2	mask_32cd	0,2,3,6,7,9,12,13	61	21770152	2.8020015661810723e-06
3	block2x2	mask_32da	1,3,4,6,7,9,12,13	12	21770152	5.5121342285529289e-07
3	block2x2	mask_32dc	2,3,4,6,7,9,12,13	31	21770152	1.4239680090428399e-06
3	block2x2	mask_32e9	0,3,5,6,7,9,12,13	3	21770152	1.3780335571382322e-07
3	block2x2	mask_33cc	2,3,6,7,8,9,12,13	22	21770152	1.0105579419013702e-06
3	block2x2	mask_348f	0,1,2,3,7,10,12,13	3	21770152	1.3780335571382322e-07
3	block2x2	mask_34ad	0,2,3,5,7,10,12,13	2	21770152	9.1868903809215486e-08
3	block2x2	mask_34bc	2,3,4,5,7,10,12,13	1	21770152	4.5934451904607743e-08
3	block2x2	mask_34cd	0,2,3,6,7,10,12,13	15	21770152	6.8901677856911611e-07
3	block2x2	mask_34da	1,3,4,6,7,10,12,13	1	21770152	4.5934451904607743e-08
3	block2x2	mask_34dc	2,3,4,6,7,10,12,13	30	21770152	1.3780335571382322e-06
3	block2x2	mask_34e9	0,3,5,6,7,10,12,13	3	21770152	1.3780335571382322e-07
3	block2x2	mask_358e	1,2,3,7,8,10,12,13	1	21770152	4.5934451904607743e-08
3	block2x2	mask_36c9	0,3,6,7,9,10,12,13	2	21770152	9.1868903809215486e-08
3	block2x2	mask_383b	0,1,3,4,5,11,12,13	2	21770152	9.1868903809215486e-08
3	block2x2	mask_387a	1,3,4,5,6,11,12,13	1	21770152	4.5934451904607743e-08
3	block2x2	mask_387c	2,3,4,5,6,11,12,13	7	21770152	3.2154116333225417e-07
3	block2x2	mask_389e	1,2,3,4,7,11,12,13	1	21770152	4.5934451904607743e-08
3	block2x2	mask_38cd	0,2,3,6,7,11,12,13	1	21770152	4.5934451904607743e-08
3	block2x2	mask_38d6	1,2,4,6,7,11,12,13	3	21770152	1.3780335571382322e-07
3	block2x2	mask_38dc	2,3,4,6,7,11,12,13	5	21770152	2.296722595230387e-07
3	block2x2	mask_38e5	0,2,5,6,7,11,12,13	1	21770152	4.5934451904607743e-08
3	block2x2	mask_3939	0,3,4,5,8,11,12,13	2	21770152	9.1868903809215486e-08
3	block2x2	mask_393a	1,3,4,5,8,11,12,13	1	21770152	4.5934451904607743e-08
3	block2x2	mask_393c	2,3,4,5,8,11,12,13	1	21770152	4.5934451904607743e-08
3	block2x2	mask_394d	0,2,3,6,8,11,12,13	1	21770152	4.5934451904607743e-08
3	block2x2	mask_3959	0,3,4,6,8,11,12,13	1	21770152	4.5934451904607743e-08
3	block2x2	mask_395c	2,3,4,6,8,11,12,13	1	21770152	4.5934451904607743e-08
3	block2x2	mask_3969	0,3,5,6,8,11,12,13	3	21770152	1.3780335571382322e-07
3	block2x2	mask_3995	0,2,4,7,8,11,12,13	1	21770152	4.5934451904607743e-08
3	block2x2	mask_39a5	0,2,5,7,8,11,12,13	1	21770152	4.5934451904607743e-08
3	block2x2	mask_39c6	1,2,6,7,8,11,12,13	1	21770152	4.5934451904607743e-08
3	block2x2	mask_3a0f	0,1,2,3,9,11,12,13	1	21770152	4.5934451904607743e-08
3	block2x2	mask_3a1b	0,1,3,4,9,11,12,13	5	21770152	2.296722595230387e-07
3	block2x2	mask_3a1e	1,2,3,4,9,11,12,13	6	21770152	2.7560671142764645e-07
3	block2x2	mask_3a3a	1,3,4,5,9,11,12,13	6	21770152	2.7560671142764645e-07
3	block2x2	mask_3a96	1,2,4,7,9,11,12,13	1	21770152	4.5934451904607743e-08
3	block2x2	mask_3ac3	0,1,6,7,9,11,12,13	12	21770152	5.5121342285529289e-07
3	block2x2	mask_3ac5	0,2,6,7,9,11,12,13	1	21770152	4.5934451904607743e-08
3	block2x2	mask_3b0e	1,2,3,8,9,11,12,13	1	21770152	4.5934451904607743e-08
3	block2x2	mask_3b19	0,3,4,8,9,11,12,13	4	21770152	1.8373780761843097e-07
3	block2x2	mask_3b1a	1,3,4,8,9,11,12,13	24	21770152	1.1024268457105858e-06
3	block2x2	mask_3b29	0,3,5,8,9,11,12,13	8	21770152	3.6747561523686195e-07
3	block2x2	mask_3b2a	1,3,5,8,9,11,12,13	6	21770152	2.7560671142764645e-07
3	block2x2	mask_3b49	0,3,6,8,9,11,12,13	2	21770152	9.1868903809215486e-08
3	block2x2	mask_3b85	0,2,7,8,9,11,12,13	2	21770152	9.1868903809215486e-08
3	block2x2	mask_3b86	1,2,7,8,9,11,12,13	1	21770152	4.5934451904607743e-08
3	block2x2	mask_3c1b	0,1,3,4,10,11,12,13	2	21770152	9.1868903809215486e-08
3	block2x2	mask_3c1d	0,2,3,4,10,11,12,13	1	21770152	4.5934451904607743e-08
3	block2x2	mask_3c2b	0,1,3,5,10,11,12,13	10	21770152	4.5934451904607739e-07
3	block2x2	mask_3c39	0,3,4,5,10,11,12,13	5	21770152	2.296722595230387e-07
3	block2x2	mask_3c3a	1,3,4,5,10,11,12,13	71	21770152	3.2613460852271495e-06
3	block2x2	mask_3c3c	2,3,4,5,10,11,12,13	3	21770152	1.3780335571382322e-07
3	block2x2	mask_3c4b	0,1,3,6,10,11,12,13	1	21770152	4.5934451904607743e-08
3	block2x2	mask_3c69	0,3,5,6,10,11,12,13	3	21770152	1.3780335571382322e-07
3	block2x2	mask_3cc3	0,1,6,7,10,11,12,13	91	21770152	4.1800351233193046e-06
3	block2x2	mask_3cc5	0,2,6,7,10,11,12,13	17	21770152	7.8088568237833156e-07
3	block2x2	mask_3d19	0,3,4,8,10,11,12,13	13	21770152	5.9714787475990067e-07
3	block2x2	mask_3d1a	1,3,4,8,10,11,12,13	5	21770152	2.296722595230387e-07
3	block2x2	mask_3d29	0,3,5,8,10,11,12,13	1	21770152	4.5934451904607743e-08
3	block2x2	mask_3d2a	1,3,5,8,10,11,12,13	4	21770152	1.8373780761843097e-07
3	block2x2	mask_3e19	0,3,4,9,10,11,12,13	13	21770152	5.9714787475990067e-07
3	block2x2	mask_3e1a	1,3,4,9,10,11,12,13	47	21770152	2.1589192395165637e-06
3	block2x2	mask_3e29	0,3,5,9,10,11,12,13	12	21770152	5.5121342285529289e-07
3	block2x2	mask_3e49	0,3,6,9,10,11,12,13	1	21770152	4.5934451904607743e-08
3	block2x2	mask_3e85	0,2,7,9,10,11,12,13	2	21770152	9.1868903809215486e-08
3	block2x2	mask_3f09	0,3,8,9,10,11,12,13	1	21770152	4.5934451904607743e-08
3	block2x2	mask_583b	0,1,3,4,5,11,12,14	2	21770152	9.1868903809215486e-08
3	block2x2	mask_583e	1,2,3,4,5,11,12,14	1	21770152	4.5934451904607743e-08
3	block2x2	mask_584f	0,1,2,3,6,11,12,14	1	21770152	4.5934451904607743e-08
3	block2x2	mask_585b	0,1,3,4,6,11,12,14	2	21770152	9.1868903809215486e-08
3	block2x2	mask_587a	1,3,4,5,6,11,12,14	1	21770152	4.5934451904607743e-08
3	block2x2	mask_588f	0,1,2,3,7,11,12,14	6	21770152	2.7560671142764645e-07
3	block2x2	mask_58cd	0,2,3,6,7,11,12,14	16	21770152	7.3495123047372389e-07
3	block2x2	mask_58e5	0,2,5,6,7,11,12,14	1	21770152	4.5934451904607743e-08
3	block2x2	mask_595a	1,3,4,6,8,11,12,14	3	21770152	1.3780335571382322e-07
3	block2x2	mask_5a8d	0,2,3,7,9,11,12,14	3	21770152	1.3780335571382322e-07
3	block2x2	mask_5c4b	0,1,3,6,10,11,12,14	1	21770152	4.5934451904607743e-08
3	block2x2	mask_5c8b	0,1,3,7,10,11,12,14	1	21770152	4.5934451904607743e-08
3	block2x2	mask_5c8d	0,2,3,7,10,11,12,14	2	21770152	9.1868903809215486e-08
3	block2x2	mask_5cc5	0,2,6,7,10,11,12,14	2	21770152	9.1868903809215486e-08
3	block2x2	mask_909f	0,1,2,3,4,7,12,15	1	21770152	4.5934451904607743e-08
3	block2x2	mask_91ad	0,2,3,5,7,8,12,15	1	21770152	4.5934451904607743e-08
3	block2x2	mask_926d	0,2,3,5,6,9,12,15	1	21770152	4.5934451904607743e-08
3	block2x2	mask_92ad	0,2,3,5,7,9,12,15	1	21770152	4.5934451904607743e-08
4	straight	mask_00ff	0,1,2,3,4,5,6,7	7550184	19662843	0.38398231629068086
4	straight	mask_017f	0,1,2,3,4,5,6,8	1895774	19662843	0.09641403331145959
4	straight	mask_01bf	0,1,2,3,4,5,7,8	88060	19662843	0.0044784978448945559
4	straight	mask_01df	0,1,2,3,4,6,7,8	49851	19662843	0.0025352895306136555
4	straight	mask_01ef	0,1,2,3,5,6,7,8	802405	19662843	0.040808188317426934
4	straight	mask_01f7	0,1,2,4,5,6,7,8	445323	19662843	0.022647945670928666
4	straight	mask_01fb	0,1,3,4,5,6,7,8	15758	19662843	0.00080141005041844656
4	straight	mask_01fd	0,2,3,4,5,6,7,8	4893	19662843	0.00024884499154064345
4	straight	mask_01fe	1,2,3,4,5,6,7,8	233218	19662843	0.011860848403254808
4	straight	mask_027f	0,1,2,3,4,5,6,9	3106052	19662843	0.1579655597107702
4	straight	mask_02bf	0,1,2,3,4,5,7,9	119487	19662843	0.0060767916419817826
4	straight	mask_02df	0,1,2,3,4,6,7,9	90848	19662843	0.0046202881241537656
4	straight	mask_02ef	0,1,2,3,5,6,7,9	2326882	19662843	0.1183390418160792
4	straight	mask_02f7	0,1,2,4,5,6,7,9	333512	19662843	0.016961535013019228
4	straight	mask_02fb	0,1,3,4,5,6,7,9	16016	19662843	0.00081453124555792877
4	straight	mask_02fd	0,2,3,4,5,6,7,9	16342	19662843	0.00083111074019153787
4	straight	mask_02fe	1,2,3,4,5,6,7,9	309218	19662843	0.015726006661396827
4	straight	mask_033f	0,1,2,3,4,5,8,9	293546	19662843	0.014928970342691543
4	straight	mask_035f	0,1,2,3,4,6,8,9	29485	19662843	0.001499528832122598
4	straight	mask_036f	0,1,2,3,5,6,8,9	68941	19662843	0.0035061562562443286
4	straight	mask_0377	0,1,2,4,5,6,8,9	91867	19662843	0.0046721117592201699
4	straight	mask_037b	0,1,3,4,5,6,8,9	36935	19662843	0.0018784160561115197
4	straight	mask_037d	0,2,3,4,5,6,8,9	10472	19662843	0.00053257812209556881
4	straight	mask_037e	1,2,3,4,5,6,8,9	106467	19662843	0.0054146290035474521
4	straight	mask_039f	0,1,2,3,4,7,8,9	3565	19662843	0.00018130643671416182
4	straight	mask_03af	0,1,2,3,5,7,8,9	17090	19662843	0.00086915203462693564
4	straight	mask_03b7	0,1,2,4,5,7,8,9	12132	19662843	0.00061700131562867082
4	straight	mask_03bb	0,1,3,4,5,7,8,9	232	19662843	1.1798904156433534e-05
4	straight	mask_03bd	0,2,3,4,5,7,8,9	413	19662843	2.1004083692271762e-05
4	straight	mask_03be	1,2,3,4,5,7,8,9	2884	19662843	0.00014667258442738928
4	straight	mask_03cf	0,1,2,3,6,7,8,9	17948	19662843	0.000912787637067539
4	straight	mask_03d7	0,1,2,4,6,7,8,9	1567	19662843	7.9693460401428215e-05
4	straight	mask_03db	0,1,3,4,6,7,8,9	289	19662843	1.4697772850040048e-05
4	straight	mask_03dd	0,2,3,4,6,7,8,9	47	19662843	2.3902952385878278e-06
4	straight	mask_03de	1,2,3,4,6,7,8,9	1355	19662843	6.8911703155032062e-05
4	straight	mask_03e7	0,1,2,5,6,7,8,9	39395	19662843	0.0020035251260461166
4	straight	mask_03eb	0,1,3,5,6,7,8,9	2407	19662843	0.00012241363062299789
4	straight	mask_03ed	0,2,3,5,6,7,8,9	5557	19662843	0.00028261426895388422
4	straight	mask_03ee	1,2,3,5,6,7,8,9	12738	19662843	0.00064782086700280322
4	straight	mask_03f3	0,1,4,5,6,7,8,9	18151	19662843	0.0009231116782044183
4	straight	mask_03f5	0,2,4,5,6,7,8,9	3738	19662843	0.00019010475748598512
4	straight	mask_03f6	1,2,4,5,6,7,8,9	23528	19662843	0.0011965716249679663
4	straight	mask_03f9	0,3,4,5,6,7,8,9	353	19662843	1.7952642962159642e-05
4	straight	mask_03fa	1,3,4,5,6,7,8,9	1457	19662843	7.4099152396222659e-05
4	straight	mask_03fc	2,3,4,5,6,7,8,9	1942	19662843	9.8764964964628973e-05
4	straight	mask_053f	0,1,2,3,4,5,8,10	26483	19662843	0.0013468550809259882
4	straight	mask_055f	0,1,2,3,4,6,8,10	2988	19662843	0.0001519617483595836
4	straight	mask_056f	0,1,2,3,5,6,8,10	10711	19662843	0.00054473302767051545
4	straight	mask_0577	0,1,2,4,5,6,8,10	12042	19662843	0.00061242415453350262
4	straight	mask_057b	0,1,3,4,5,6,8,10	4685	19662843	0.00023826666367625474
4	straight	mask_057d	0,2,3,4,5,6,8,10	1003	19662843	5.1009917538374284e-05
4	straight	mask_057e	1,2,3,4,5,6,8,10	14932	19662843	0.00075940188303390309
4	straight	mask_059f	0,1,2,3,4,7,8,10	202	19662843	1.0273183791377472e-05
4	straight	mask_05af	0,1,2,3,5,7,8,10	2943	19662843	0.00014967316781199953
4	straight	mask_05b7	0,1,2,4,5,7,8,10	649	19662843	3.300641723071277e-05
4	straight	mask_05bb	0,1,3,4,5,7,8,10	38	19662843	1.9325791290710097e-06
4	straight	mask_05bd	0,2,3,4,5,7,8,10	83	19662843	4.2211596766551005e-06
4	straight	mask_05be	1,2,3,4,5,7,8,10	499	19662843	2.537781540543247e-05
4	straight	mask_05cf	0,1,2,3,6,7,8,10	9733	19662843	0.00049499454376968782
4	straight	mask_05d7	0,1,2,4,6,7,8,10	376	19662843	1.9122361908702623e-05
4	straight	mask_05db	0,1,3,4,6,7,8,10	263	19662843	1.3375481866991462e-05
4	straight	mask_05dd	0,2,3,4,6,7,8,10	7	19662843	3.5600141851308075e-07
4	straight	mask_05de	1,2,3,4,6,7,8,10	424	19662843	2.156351449279232e-05
4	straight	mask_05e7	0,1,2,5,6,7,8,10	10328	19662843	0.00052525466434329973
4	straight	mask_05eb	0,1,3,5,6,7,8,10	1135	19662843	5.7723087144620949e-05
4	straight	mask_05ed	0,2,3,5,6,7,8,10	1438	19662843	7.3132862831687152e-05
4	straight	mask_05ee	1,2,3,5,6,7,8,10	5998	19662843	0.0003050423583202083
4	straight	mask_05f3	0,1,4,5,6,7,8,10	2118	19662843	0.00010771585777295785
4	straight	mask_05f5	0,2,4,5,6,7,8,10	449	19662843	2.2834948130339036e-05
4	straight	mask_05f6	1,2,4,5,6,7,8,10	4795	19662843	0.0002438609716814603
4	straight	mask_05f9	0,3,4,5,6,7,8,10	226	19662843	1.1493760083422321e-05
4	straight	mask_05fa	1,3,4,5,6,7,8,10	1048	19662843	5.3298498085958373e-05
4	straight	mask_05fc	2,3,4,5,6,7,8,10	602	19662843	3.0616121992124945e-05
4	straight	mask_063f	0,1,2,3,4,5,9,10	76018	19662843	0.0038660736903610529
4	straight	mask_065f	0,1,2,3,4,6,9,10	18395	19662843	0.00093552087050687428
4	straight	mask_066f	0,1,2,3,5,6,9,10	31240	19662843	0.0015887834734783775
4	straight	mask_0677	0,1,2,4,5,6,9,10	50899	19662843	0.0025885880286996136
4	straight	mask_067b	0,1,3,4,5,6,9,10	15364	19662843	0.00078137225629071035
4	straight	mask_067d	0,2,3,4,5,6,9,10	5711	19662843	0.00029044630016117199
4	straight	mask_067e	1,2,3,4,5,6,9,10	78042	19662843	0.0039690089576568353
4	straight	mask_069f	0,1,2,3,4,7,9,10	391	19662843	1.9885222091230653e-05
4	straight	mask_06b7	0,1,2,4,5,7,9,10	2720	19662843	0.00013833197976508281
4	straight	mask_06bb	0,1,3,4,5,7,9,10	153	19662843	7.7811738617859069e-06
4	straight	mask_06bd	0,2,3,4,5,7,9,10	287	19662843	1.459605815903631e-05
4	straight	mask_06be	1,2,3,4,5,7,9,10	1388	19662843	7.0589995556593718e-05
4	straight	mask_06f3	0,1,4,5,6,7,9,10	6232	19662843	0.00031694297716764559
4	straight	mask_06f5	0,2,4,5,6,7,9,10	2564	19662843	0.0001303982338667913
4	straight	mask_06f6	1,2,4,5,6,7,9,10	10719	19662843	0.00054513988643453031
4	straight	mask_06f9	0,3,4,5,6,7,9,10	283	19662843	1.4392628777028835e-05
4	straight	mask_071f	0,1,2,3,4,8,9,10	8268	19662843	0.0004204885326094502
4	straight	mask_072f	0,1,2,3,5,8,9,10	2772	19662843	0.00014097656173117998
4	straight	mask_073b	0,1,3,4,5,8,9,10	2340	19662843	0.0001190061884743727
4	straight	mask_073d	0,2,3,4,5,8,9,10	785	19662843	3.9923016218966908e-05
4	straight	mask_073e	1,2,3,4,5,8,9,10	3782	19662843	0.00019234248068806734
4	straight	mask_074f	0,1,2,3,6,8,9,10	697	19662843	3.5447569814802467e-05
4	straight	mask_0757	0,1,2,4,6,8,9,10	383	19662843	1.9478363327215704e-05
4	straight	mask_075b	0,1,3,4,6,8,9,10	443	19662843	2.2529804057327823e-05
4	straight	mask_075d	0,2,3,4,6,8,9,10	30	19662843	1.5257203650560604e-06
4	straight	mask_075e	1,2,3,4,6,8,9,10	447	19662843	2.27332334393353e-05
4	straight	mask_0767	0,1,2,5,6,8,9,10	4692	19662843	0.00023862266509476783
4	straight	mask_076b	0,1,3,5,6,8,9,10	1433	19662843	7.287857610417782e-05
4	straight	mask_076d	0,2,3,5,6,8,9,10	748	19662843	3.8041294435397772e-05
4	straight	mask_076e	1,2,3,5,6,8,9,10	2196	19662843	0.00011168273072210361
4	straight	mask_0776	1,2,4,5,6,8,9,10	8063	19662843	0.00041006277678156712
4	straight	mask_0779	0,3,4,5,6,8,9,10	1449	19662843	7.3692293632207713e-05
4	straight	mask_077a	1,3,4,5,6,8,9,10	2343	19662843	0.00011915876051087831
4	straight	mask_077c	2,3,4,5,6,8,9,10	1985	19662843	0.00010095183082120932
4	straight	mask_078f	0,1,2,3,7,8,9,10	921	19662843	4.6839615207221053e-05
4	straight	mask_0797	0,1,2,4,7,8,9,10	16	19662843	8.1371752802989888e-07
4	straight	mask_079b	0,1,3,4,7,8,9,10	3	19662843	1.5257203650560603e-07
4	straight	mask_079d	0,2,3,4,7,8,9,10	1	19662843	5.085734550186868e-08
4	straight	mask_079e	1,2,3,4,7,8,9,10	22	19662843	1.1188616010411109e-06
4	straight	mask_07a7	0,1,2,5,7,8,9,10	394	19662843	2.0037794127736258e-05
4	straight	mask_07ab	0,1,3,5,7,8,9,10	23	19662843	1.1697189465429796e-06
4	straight	mask_07ad	0,2,3,5,7,8,9,10	111	19662843	5.6451653507074229e-06
4	straight	mask_07ae	1,2,3,5,7,8,9,10	98	19662843	4.9840198591831304e-06
4	straight	mask_07b3	0,1,4,5,7,8,9,10	2877	19662843	0.00014631658300887619
4	straight	mask_07b5	0,2,4,5,7,8,9,10	335	19662843	1.7037210743126007e-05
4	straight	mask_07b6	1,2,4,5,7,8,9,10	612	19662843	3.1124695447143628e-05
4	straight	mask_07b9	0,3,4,5,7,8,9,10	11	19662843	5.5943080052055544e-07
4	straight	mask_07ba	1,3,4,5,7,8,9,10	64	19662843	3.2548701121195955e-06
4	straight	mask_07bc	2,3,4,5,7,8,9,10	95	19662843	4.8314478226775239e-06
4	straight	mask_07c7	0,1,2,6,7,8,9,10	628	19662843	3.1938412975173527e-05
4	straight	mask_07cb	0,1,3,6,7,8,9,10	162	19662843	8.2388899713027263e-06
4	straight	mask_07cd	0,2,3,6,7,8,9,10	164	19662843	8.3406046623064629e-06
4	straight	mask_07ce	1,2,3,6,7,8,9,10	723	19662843	3.6769860797851056e-05
4	straight	mask_07d3	0,1,4,6,7,8,9,10	177	19662843	9.0017501538307554e-06
4	straight	mask_07d5	0,2,4,6,7,8,9,10	35	19662843	1.7800070925654036e-06
4	straight	mask_07d6	1,2,4,6,7,8,9,10	276	19662843	1.4036627358515754e-05
4	straight	mask_07d9	0,3,4,6,7,8,9,10	3	19662843	1.5257203650560603e-07
4	straight	mask_07da	1,3,4,6,7,8,9,10	101	19662843	5.1365918956887361e-06
4	straight	mask_07dc	2,3,4,6,7,8,9,10	124	19662843	6.3063108422317163e-06
4	straight	mask_07e3	0,1,5,6,7,8,9,10	1571	19662843	7.9896889783435688e-05
4	straight	mask_07e5	0,2,5,6,7,8,9,10	494	19662843	2.5123528677923125e-05
4	straight	mask_07e6	1,2,5,6,7,8,9,10	4483	19662843	0.00022799347988487729
4	straight	mask_07e9	0,3,5,6,7,8,9,10	232	19662843	1.1798904156433534e-05
4	straight	mask_07ea	1,3,5,6,7,8,9,10	725	19662843	3.6871575488854792e-05
4	straight	mask_07ec	2,3,5,6,7,8,9,10	2422	19662843	0.00012317649080552593
4	straight	mask_07f1	0,4,5,6,7,8,9,10	1712	19662843	8.7067775499199171e-05
4	straight	mask_07f2	1,4,5,6,7,8,9,10	3465	19662843	0.00017622070216397496
4	straight	mask_07f4	2,4,5,6,7,8,9,10	2175	19662843	0.00011061472646656438
4	straight	mask_07f8	3,4,5,6,7,8,9,10	933	19662843	4.7449903353243479e-05
4	straight	mask_093f	0,1,2,3,4,5,8,11	950	19662843	4.8314478226775243e-05
4	straight	mask_095f	0,1,2,3,4,6,8,11	265	19662843	1.34771965579952e-05
4	straight	mask_096f	0,1,2,3,5,6,8,11	365	19662843	1.8562931108182068e-05
4	straight	mask_0977	0,1,2,4,5,6,8,11	1824	19662843	9.276379819540847e-05
4	straight	mask_097b	0,1,3,4,5,6,8,11	302	19662843	1.5358918341564341e-05
4	straight	mask_097d	0,2,3,4,5,6,8,11	171	19662843	8.6966060808195441e-06
4	straight	mask_097e	1,2,3,4,5,6,8,11	1193	19662843	6.0672813183729329e-05
4	straight	mask_099f	0,1,2,3,4,7,8,11	13	19662843	6.6114549152429282e-07
4	straight	mask_09b7	0,1,2,4,5,7,8,11	86	19662843	4.3737317131607062e-06
4	straight	mask_09bb	0,1,3,4,5,7,8,11	1	19662843	5.085734550186868e-08
4	straight	mask_09bd	0,2,3,4,5,7,8,11	17	19662843	8.6457487353176746e-07
4	straight	mask_09be	1,2,3,4,5,7,8,11	58	19662843	2.9497260391083834e-06
4	straight	mask_09f3	0,1,4,5,6,7,8,11	438	19662843	2.2275517329818482e-05
4	straight	mask_09f5	0,2,4,5,6,7,8,11	94	19662843	4.7805904771756557e-06
4	straight	mask_09f6	1,2,4,5,6,7,8,11	3676	19662843	0.00018695160206486927
4	straight	mask_09f9	0,3,4,5,6,7,8,11	17	19662843	8.6457487353176746e-07
4	straight	mask_0b1f	0,1,2,3,4,8,9,11	513	19662843	2.6089818242458632e-05
4	straight	mask_0b2f	0,1,2,3,5,8,9,11	136	19662843	6.9165989882541397e-06
4	straight	mask_0b37	0,1,2,4,5,8,9,11	699	19662843	3.5549284505806204e-05
4	straight	mask_0b3b	0,1,3,4,5,8,9,11	59	19662843	3.0005833846102521e-06
4	straight	mask_0b3d	0,2,3,4,5,8,9,11	45	19662843	2.2885805475840905e-06
4	straight	mask_0b3e	1,2,3,4,5,8,9,11	227	19662843	1.1544617428924189e-05
4	straight	mask_0b4f	0,1,2,3,6,8,9,11	121	19662843	6.1537388057261098e-06
4	straight	mask_0b57	0,1,2,4,6,8,9,11	46	19662843	2.3394378930859591e-06
4	straight	mask_0b5b	0,1,3,4,6,8,9,11	34	19662843	1.7291497470635349e-06
4	straight	mask_0b5d	0,2,3,4,6,8,9,11	2	19662843	1.0171469100373736e-07
4	straight	mask_0b5e	1,2,3,4,6,8,9,11	74	19662843	3.7634435671382819e-06
4	straight	mask_0b67	0,1,2,5,6,8,9,11	468	19662843	2.380123769487454e-05
4	straight	mask_0b6b	0,1,3,5,6,8,9,11	78	19662843	3.9668729491457567e-06
4	straight	mask_0b6d	0,2,3,5,6,8,9,11	97	19662843	4.9331625136812613e-06
4	straight	mask_0b6e	1,2,3,5,6,8,9,11	163	19662843	8.2897473168045946e-06
4	straight	mask_0b73	0,1,4,5,6,8,9,11	2871	19662843	0.00014601143893586496
4	straight	mask_0b75	0,2,4,5,6,8,9,11	411	19662843	2.0902369001268025e-05
4	straight	mask_0b76	1,2,4,5,6,8,9,11	3317	19662843	0.00016869381502969841
4	straight	mask_0b79	0,3,4,5,6,8,9,11	69	19662843	3.5091568396289385e-06
4	straight	mask_0b7a	1,3,4,5,6,8,9,11	154	19662843	7.8320312072877769e-06
4	straight	mask_0b7c	2,3,4,5,6,8,9,11	317	19662843	1.6121778524092371e-05
4	straight	mask_0b8f	0,1,2,3,7,8,9,11	379	19662843	1.9274933945208227e-05
4	straight	mask_0b97	0,1,2,4,7,8,9,11	6	19662843	3.0514407301121207e-07
4	straight	mask_0b9e	1,2,3,4,7,8,9,11	18	19662843	9.1543221903363614e-07
4	straight	mask_0ba7	0,1,2,5,7,8,9,11	34	19662843	1.7291497470635349e-06
4	straight	mask_0bad	0,2,3,5,7,8,9,11	63	19662843	3.2040127666177268e-06
4	straight	mask_0bae	1,2,3,5,7,8,9,11	26	19662843	1.3222909830485856e-06
4	straight	mask_0bb3	0,1,4,5,7,8,9,11	28	19662843	1.424005674052323e-06
4	straight	mask_0bb5	0,2,4,5,7,8,9,11	27	19662843	1.3731483285504543e-06
4	straight	mask_0bb6	1,2,4,5,7,8,9,11	35	19662843	1.7800070925654036e-06
4	straight	mask_0bba	1,3,4,5,7,8,9,11	2	19662843	1.0171469100373736e-07
4	straight	mask_0bbc	2,3,4,5,7,8,9,11	34	19662843	1.7291497470635349e-06
4	straight	mask_0bc7	0,1,2,6,7,8,9,11	182	19662843	9.2560368813400984e-06
4	straight	mask_0bcb	0,1,3,6,7,8,9,11	17	19662843	8.6457487353176746e-07
4	straight	mask_0bcd	0,2,3,6,7,8,9,11	31	19662843	1.5765777105579291e-06
4	straight	mask_0bce	1,2,3,6,7,8,9,11	93	19662843	4.7297331316737866e-06
4	straight	mask_0bd3	0,1,4,6,7,8,9,11	12	19662843	6.1028814602242413e-07
4	straight	mask_0bd5	0,2,4,6,7,8,9,11	6	19662843	3.0514407301121207e-07
4	straight	mask_0bd6	1,2,4,6,7,8,9,11	32	19662843	1.6274350560597978e-06
4	straight	mask_0bda	1,3,4,6,7,8,9,11	30	19662843	1.5257203650560604e-06
4	straight	mask_0bdc	2,3,4,6,7,8,9,11	37	19662843	1.881721783569141e-06
4	straight	mask_0be3	0,1,5,6,7,8,9,11	158	19662843	8.0354605892952516e-06
4	straight	mask_0be5	0,2,5,6,7,8,9,11	147	19662843	7.4760297887746956e-06
4	straight	mask_0be6	1,2,5,6,7,8,9,11	1233	19662843	6.2707107003804073e-05
4	straight	mask_0be9	0,3,5,6,7,8,9,11	41	19662843	2.0851511655766157e-06
4	straight	mask_0bea	1,3,5,6,7,8,9,11	49	19662843	2.4920099295915652e-06
4	straight	mask_0bec	2,3,5,6,7,8,9,11	830	19662843	4.2211596766551004e-05
4	straight	mask_0bf1	0,4,5,6,7,8,9,11	128	19662843	6.509740224239191e-06
4	straight	mask_0bf2	1,4,5,6,7,8,9,11	308	19662843	1.5664062414575554e-05
4	straight	mask_0bf4	2,4,5,6,7,8,9,11	772	19662843	3.9261870727442617e-05
4	straight	mask_0bf8	3,4,5,6,7,8,9,11	126	19662843	6.4080255332354536e-06
4	straight	mask_0f0f	0,1,2,3,8,9,10,11	2	19662843	1.0171469100373736e-07
4	straight	mask_0f17	0,1,2,4,8,9,10,11	9	19662843	4.5771610951681807e-07
4	straight	mask_0f1b	0,1,3,4,8,9,10,11	2	19662843	1.0171469100373736e-07
4	straight	mask_0f1e	1,2,3,4,8,9,10,11	10	19662843	5.0857345501868676e-07
4	straight	mask_0f27	0,1,2,5,8,9,10,11	40	19662843	2.034293820074747e-06
4	straight	mask_0f2b	0,1,3,5,8,9,10,11	8	19662843	4.0685876401494944e-07
4	straight	mask_0f2d	0,2,3,5,8,9,10,11	17	19662843	8.6457487353176746e-07
4	straight	mask_0f2e	1,2,3,5,8,9,10,11	24	19662843	1.2205762920448483e-06
4	straight	mask_0f33	0,1,4,5,8,9,10,11	5967	19662843	0.00030346578060965037
4	straight	mask_0f35	0,2,4,5,8,9,10,11	77	19662843	3.9160156036438884e-06
4	straight	mask_0f36	1,2,4,5,8,9,10,11	531	19662843	2.7005250461492268e-05
4	straight	mask_0f39	0,3,4,5,8,9,10,11	21	19662843	1.0680042555392422e-06
4	straight	mask_0f3a	1,3,4,5,8,9,10,11	40	19662843	2.034293820074747e-06
4	straight	mask_0f3c	2,3,4,5,8,9,10,11	54	19662843	2.7462966571009086e-06
4	straight	mask_0f53	0,1,4,6,8,9,10,11	79	19662843	4.0177302946476258e-06
4	straight	mask_0f55	0,2,4,6,8,9,10,11	51	19662843	2.5937246205953026e-06
4	straight	mask_0f56	1,2,4,6,8,9,10,11	66	19662843	3.3565848031233329e-06
4	straight	mask_0f59	0,3,4,6,8,9,10,11	8	19662843	4.0685876401494944e-07
4	straight	mask_0f5a	1,3,4,6,8,9,10,11	22	19662843	1.1188616010411109e-06
4	straight	mask_0f5c	2,3,4,6,8,9,10,11	40	19662843	2.034293820074747e-06
4	straight	mask_0f63	0,1,5,6,8,9,10,11	985	19662843	5.0094485319340649e-05
4	straight	mask_0f65	0,2,5,6,8,9,10,11	146	19662843	7.4251724432728265e-06
4	straight	mask_0f66	1,2,5,6,8,9,10,11	1913	19662843	9.7290101945074776e-05
4	straight	mask_0f69	0,3,5,6,8,9,10,11	12	19662843	6.1028814602242413e-07
4	straight	mask_0f71	0,4,5,6,8,9,10,11	1221	19662843	6.2096818857781654e-05
4	straight	mask_0f72	1,4,5,6,8,9,10,11	2574	19662843	0.00013090680732180999
4	straight	mask_0f74	2,4,5,6,8,9,10,11	1724	19662843	8.7678063645221603e-05
4	straight	mask_0f78	3,4,5,6,8,9,10,11	427	19662843	2.1716086529297924e-05
4	straight	mask_0f93	0,1,4,7,8,9,10,11	4	19662843	2.0342938200747472e-07
4	straight	mask_0f95	0,2,4,7,8,9,10,11	3	19662843	1.5257203650560603e-07
4	straight	mask_0f96	1,2,4,7,8,9,10,11	2	19662843	1.0171469100373736e-07
4	straight	mask_0fb1	0,4,5,7,8,9,10,11	76	19662843	3.8651582581420193e-06
4	straight	mask_0fb2	1,4,5,7,8,9,10,11	119	19662843	6.0520241147223724e-06
4	straight	mask_0fb4	2,4,5,7,8,9,10,11	88	19662843	4.4754464041644436e-06
4	straight	mask_0fb8	3,4,5,7,8,9,10,11	64	19662843	3.2548701121195955e-06
4	straight	mask_0ff0	4,5,6,7,8,9,10,11	1040	19662843	5.2891639321943427e-05
4	straight	mask_107f	0,1,2,3,4,5,6,12	106580	19662843	0.0054203758835891635
4	straight	mask_10bf	0,1,2,3,4,5,7,12	8426	19662843	0.00042852399319874546
4	straight	mask_10df	0,1,2,3,4,6,7,12	3301	19662843	0.00016788009750166849
4	straight	mask_10ef	0,1,2,3,5,6,7,12	38193	19662843	0.0019423945967528703
4	straight	mask_10f7	0,1,2,4,5,6,7,12	17714	19662843	0.00090088701822010171
4	straight	mask_10fb	0,1,3,4,5,6,7,12	520	19662843	2.6445819660971714e-05
4	straight	mask_10fd	0,2,3,4,5,6,7,12	288	19662843	1.4646915504538178e-05
4	straight	mask_10fe	1,2,3,4,5,6,7,12	5588	19662843	0.00028419084666444214
4	straight	mask_113f	0,1,2,3,4,5,8,12	86730	19662843	0.0044108575753770704
4	straight	mask_115f	0,1,2,3,4,6,8,12	33232	19662843	0.0016900913057180998
4	straight	mask_116f	0,1,2,3,5,6,8,12	15715	19662843	0.00079922318456186628
4	straight	mask_117b	0,1,3,4,5,6,8,12	87176	19662843	0.004433539951470904
4	straight	mask_117d	0,2,3,4,5,6,8,12	9367	19662843	0.0004763807553160039
4	straight	mask_117e	1,2,3,4,5,6,8,12	19077	19662843	0.00097020558013914877
4	straight	mask_119f	0,1,2,3,4,7,8,12	3186	19662843	0.00016203150276895359
4	straight	mask_11af	0,1,2,3,5,7,8,12	2315	19662843	0.00011773475483682599
4	straight	mask_11b7	0,1,2,4,5,7,8,12	32532	19662843	0.0016544911638667918
4	straight	mask_11bb	0,1,3,4,5,7,8,12	102	19662843	5.1874492411906052e-06
4	straight	mask_11bd	0,2,3,4,5,7,8,12	371	19662843	1.8868075181193278e-05
4	straight	mask_11be	1,2,3,4,5,7,8,12	876	19662843	4.4551034659636964e-05
4	straight	mask_11cf	0,1,2,3,6,7,8,12	3636	19662843	0.00018491730824479451
4	straight	mask_11d7	0,1,2,4,6,7,8,12	8552	19662843	0.00043493201873198093
4	straight	mask_11db	0,1,3,4,6,7,8,12	2109	19662843	0.00010725814166344104
4	straight	mask_11dd	0,2,3,4,6,7,8,12	22	19662843	1.1188616010411109e-06
4	straight	mask_11de	1,2,3,4,6,7,8,12	424	19662843	2.156351449279232e-05
4	straight	mask_11e7	0,1,2,5,6,7,8,12	5381	19662843	0.00027366337614555535
4	straight	mask_11eb	0,1,3,5,6,7,8,12	360	19662843	1.8308644380672724e-05
4	straight	mask_11ed	0,2,3,5,6,7,8,12	413	19662843	2.1004083692271762e-05
4	straight	mask_11ee	1,2,3,5,6,7,8,12	904	19662843	4.5975040333689282e-05
4	straight	mask_11f3	0,1,4,5,6,7,8,12	25692	19662843	0.00130662692063401
4	straight	mask_11f5	0,2,4,5,6,7,8,12	3893	19662843	0.00019798764603877475
4	straight	mask_11f6	1,2,4,5,6,7,8,12	3676	19662843	0.00018695160206486927
4	straight	mask_11f9	0,3,4,5,6,7,8,12	389	19662843	1.9783507400226917e-05
4	straight	mask_11fa	1,3,4,5,6,7,8,12	752	19662843	3.8244723817405245e-05
4	straight	mask_11fc	2,3,4,5,6,7,8,12	164	19662843	8.3406046623064629e-06
4	straight	mask_125f	0,1,2,3,4,6,9,12	13085	19662843	0.00066546836589195162
4	straight	mask_126f	0,1,2,3,5,6,9,12	15703	19662843	0.00079861289641584387
4	straight	mask_127b	0,1,3,4,5,6,9,12	2117	19662843	0.00010766500042745598
4	straight	mask_127d	0,2,3,4,5,6,9,12	1654	19662843	8.4118049460090791e-05
4	straight	mask_127e	1,2,3,4,5,6,9,12	15211	19662843	0.00077359108242892449
4	straight	mask_129f	0,1,2,3,4,7,9,12	2122	19662843	0.00010791928715496533
4	straight	mask_12af	0,1,2,3,5,7,9,12	5729	19662843	0.00029136173238020565
4	straight	mask_12b7	0,1,2,4,5,7,9,12	2979	19662843	0.0001515040322500668
4	straight	mask_12bb	0,1,3,4,5,7,9,12	58	19662843	2.9497260391083834e-06
4	straight	mask_12bd	0,2,3,4,5,7,9,12	106	19662843	5.3908786231980799e-06
4	straight	mask_12be	1,2,3,4,5,7,9,12	585	19662843	2.9751547118593174e-05
4	straight	mask_12cf	0,1,2,3,6,7,9,12	7241	19662843	0.00036825803877903109
4	straight	mask_12d7	0,1,2,4,6,7,9,12	403	19662843	2.0495510237253076e-05
4	straight	mask_12db	0,1,3,4,6,7,9,12	77	19662843	3.9160156036438884e-06
4	straight	mask_12dd	0,2,3,4,6,7,9,12	26	19662843	1.3222909830485856e-06
4	straight	mask_12de	1,2,3,4,6,7,9,12	544	19662843	2.7666395953016559e-05
4	straight	mask_12e7	0,1,2,5,6,7,9,12	9447	19662843	0.00048044934295615337
4	straight	mask_12eb	0,1,3,5,6,7,9,12	692	19662843	3.5193283087293123e-05
4	straight	mask_12ed	0,2,3,5,6,7,9,12	1500	19662843	7.6286018252803018e-05
4	straight	mask_12ee	1,2,3,5,6,7,9,12	3245	19662843	0.00016503208615356384
4	straight	mask_12f3	0,1,4,5,6,7,9,12	2694	19662843	0.0001370096887820342
4	straight	mask_12f5	0,2,4,5,6,7,9,12	571	19662843	2.9039544281567015e-05
4	straight	mask_12f6	1,2,4,5,6,7,9,12	1630	19662843	8.2897473168045939e-05
4	straight	mask_12f9	0,3,4,5,6,7,9,12	46	19662843	2.3394378930859591e-06
4	straight	mask_12fa	1,3,4,5,6,7,9,12	206	19662843	1.0476613173384947e-05
4	straight	mask_12fc	2,3,4,5,6,7,9,12	267	19662843	1.3578911248998936e-05
4	straight	mask_134f	0,1,2,3,6,8,9,12	222	19662843	1.1290330701414846e-05
4	straight	mask_135e	1,2,3,4,6,8,9,12	363	19662843	1.8461216417178328e-05
4	straight	mask_136d	0,2,3,5,6,8,9,12	436	19662843	2.2173802638814742e-05
4	straight	mask_136e	1,2,3,5,6,8,9,12	1130	19662843	5.7468800417111605e-05
4	straight	mask_138f	0,1,2,3,7,8,9,12	37	19662843	1.881721783569141e-06
4	straight	mask_1397	0,1,2,4,7,8,9,12	2977	19662843	0.00015140231755906306
4	straight	mask_139b	0,1,3,4,7,8,9,12	6	19662843	3.0514407301121207e-07
4	straight	mask_139e	1,2,3,4,7,8,9,12	24	19662843	1.2205762920448483e-06
4	straight	mask_13a7	0,1,2,5,7,8,9,12	890	19662843	4.526303749666312e-05
4	straight	mask_13ab	0,1,3,5,7,8,9,12	12	19662843	6.1028814602242413e-07
4	straight	mask_13ad	0,2,3,5,7,8,9,12	126	19662843	6.4080255332354536e-06
4	straight	mask_13ae	1,2,3,5,7,8,9,12	58	19662843	2.9497260391083834e-06
4	straight	mask_13b3	0,1,4,5,7,8,9,12	59208	19662843	0.0030111617124746405
4	straight	mask_13b5	0,2,4,5,7,8,9,12	6563	19662843	0.00033377675852876414
4	straight	mask_13b6	1,2,4,5,7,8,9,12	7184	19662843	0.00036535917008542458
4	straight	mask_13b9	0,3,4,5,7,8,9,12	17	19662843	8.6457487353176746e-07
4	straight	mask_13ba	1,3,4,5,7,8,9,12	25	19662843	1.2714336375467169e-06
4	straight	mask_13bc	2,3,4,5,7,8,9,12	44	19662843	2.2377232020822218e-06
4	straight	mask_13c7	0,1,2,6,7,8,9,12	74	19662843	3.7634435671382819e-06
4	straight	mask_13cb	0,1,3,6,7,8,9,12	20	19662843	1.0171469100373735e-06
4	straight	mask_13cd	0,2,3,6,7,8,9,12	25	19662843	1.2714336375467169e-06
4	straight	mask_13ce	1,2,3,6,7,8,9,12	104	19662843	5.2891639321943425e-06
4	straight	mask_13d3	0,1,4,6,7,8,9,12	4775	19662843	0.00024284382477142294
4	straight	mask_13d5	0,2,4,6,7,8,9,12	272	19662843	1.3833197976508279e-05
4	straight	mask_13d6	1,2,4,6,7,8,9,12	330	19662843	1.6782924015616662e-05
4	straight	mask_13d9	0,3,4,6,7,8,9,12	13	19662843	6.6114549152429282e-07
4	straight	mask_13da	1,3,4,6,7,8,9,12	156	19662843	7.9337458982915134e-06
4	straight	mask_13dc	2,3,4,6,7,8,9,12	6	19662843	3.0514407301121207e-07
4	straight	mask_13e3	0,1,5,6,7,8,9,12	1483	19662843	7.5421443379271254e-05
4	straight	mask_13e5	0,2,5,6,7,8,9,12	581	19662843	2.9548117736585701e-05
4	straight	mask_13e6	1,2,5,6,7,8,9,12	883	19662843	4.4907036078150039e-05
4	straight	mask_13e9	0,3,5,6,7,8,9,12	51	19662843	2.5937246205953026e-06
4	straight	mask_13ea	1,3,5,6,7,8,9,12	118	19662843	6.0011667692205041e-06
4	straight	mask_13ec	2,3,5,6,7,8,9,12	220	19662843	1.1188616010411109e-05
4	straight	mask_13f1	0,4,5,6,7,8,9,12	8450	19662843	0.00042974456949079032
4	straight	mask_13f2	1,4,5,6,7,8,9,12	9085	19662843	0.00046203898388447694
4	straight	mask_13f4	2,4,5,6,7,8,9,12	823	19662843	4.1855595348037923e-05
4	straight	mask_13f8	3,4,5,6,7,8,9,12	99	19662843	5.0348772046849987e-06
4	straight	mask_143f	0,1,2,3,4,5,10,12	7983	19662843	0.00040599418914141766
4	straight	mask_145f	0,1,2,3,4,6,10,12	958	19662843	4.8721336990790196e-05
4	straight	mask_146f	0,1,2,3,5,6,10,12	1438	19662843	7.3132862831687152e-05
4	straight	mask_147b	0,1,3,4,5,6,10,12	941	19662843	4.7856762117258425e-05
4	straight	mask_147d	0,2,3,4,5,6,10,12	144	19662843	7.3234577522690891e-06
4	straight	mask_147e	1,2,3,4,5,6,10,12	2287	19662843	0.00011631074916277366
4	straight	mask_149f	0,1,2,3,4,7,10,12	110	19662843	5.5943080052055547e-06
4	straight	mask_14af	0,1,2,3,5,7,10,12	484	19662843	2.4614955222904439e-05
4	straight	mask_14b7	0,1,2,4,5,7,10,12	173	19662843	8.7983207718232806e-06
4	straight	mask_14bb	0,1,3,4,5,7,10,12	11	19662843	5.5943080052055544e-07
4	straight	mask_14bd	0,2,3,4,5,7,10,12	16	19662843	8.1371752802989888e-07
4	straight	mask_14be	1,2,3,4,5,7,10,12	170	19662843	8.6457487353176758e-06
4	straight	mask_14cf	0,1,2,3,6,7,10,12	2040	19662843	0.0001037489848238121
4	straight	mask_14d7	0,1,2,4,6,7,10,12	46	19662843	2.3394378930859591e-06
4	straight	mask_14db	0,1,3,4,6,7,10,12	22	19662843	1.1188616010411109e-06
4	straight	mask_14dd	0,2,3,4,6,7,10,12	3	19662843	1.5257203650560603e-07
4	straight	mask_14de	1,2,3,4,6,7,10,12	181	19662843	9.2051795358382301e-06
4	straight	mask_14e7	0,1,2,5,6,7,10,12	1602	19662843	8.1473467493993614e-05
4	straight	mask_14eb	0,1,3,5,6,7,10,12	132	19662843	6.7131696062466658e-06
4	straight	mask_14ed	0,2,3,5,6,7,10,12	331	19662843	1.6833781361118531e-05
4	straight	mask_14ee	1,2,3,5,6,7,10,12	1540	19662843	7.8320312072877762e-05
4	straight	mask_14f3	0,1,4,5,6,7,10,12	362	19662843	1.841035907167646e-05
4	straight	mask_14f5	0,2,4,5,6,7,10,12	38	19662843	1.9325791290710097e-06
4	straight	mask_14f6	1,2,4,5,6,7,10,12	489	19662843	2.4869241950413784e-05
4	straight	mask_14f9	0,3,4,5,6,7,10,12	14	19662843	7.120028370261615e-07
4	straight	mask_14fa	1,3,4,5,6,7,10,12	157	19662843	7.9846032437933816e-06
4	straight	mask_14fc	2,3,4,5,6,7,10,12	110	19662843	5.5943080052055547e-06
4	straight	mask_151f	0,1,2,3,4,8,10,12	2563	19662843	0.00013034737652128941
4	straight	mask_152f	0,1,2,3,5,8,10,12	990	19662843	5.0348772046849987e-05
4	straight	mask_153e	1,2,3,4,5,8,10,12	862	19662843	4.3839031822610802e-05
4	straight	mask_154f	0,1,2,3,6,8,10,12	52	19662843	2.6445819660971713e-06
4	straight	mask_155b	0,1,3,4,6,8,10,12	14779	19662843	0.00075162070917211712
4	straight	mask_155d	0,2,3,4,6,8,10,12	15	19662843	7.6286018252803019e-07
4	straight	mask_155e	1,2,3,4,6,8,10,12	263	19662843	1.3375481866991462e-05
4	straight	mask_156b	0,1,3,5,6,8,10,12	290	19662843	1.4748630195541917e-05
4	straight	mask_156d	0,2,3,5,6,8,10,12	79	19662843	4.0177302946476258e-06
4	straight	mask_156e	1,2,3,5,6,8,10,12	128	19662843	6.509740224239191e-06
4	straight	mask_1579	0,3,4,5,6,8,10,12	3199	19662843	0.00016269264826047788
4	straight	mask_157a	1,3,4,5,6,8,10,12	2803	19662843	0.0001425531394417379
4	straight	mask_157c	2,3,4,5,6,8,10,12	227	19662843	1.1544617428924189e-05
4	straight	mask_158f	0,1,2,3,7,8,10,12	15	19662843	7.6286018252803019e-07
4	straight	mask_1597	0,1,2,4,7,8,10,12	895	19662843	4.5517324224172465e-05
4	straight	mask_159b	0,1,3,4,7,8,10,12	8	19662843	4.0685876401494944e-07
4	straight	mask_159d	0,2,3,4,7,8,10,12	2	19662843	1.0171469100373736e-07
4	straight	mask_159e	1,2,3,4,7,8,10,12	36	19662843	1.8308644380672723e-06
4	straight	mask_15a7	0,1,2,5,7,8,10,12	55	19662843	2.7971540026027773e-06
4	straight	mask_15ab	0,1,3,5,7,8,10,12	2	19662843	1.0171469100373736e-07
4	straight	mask_15ad	0,2,3,5,7,8,10,12	8	19662843	4.0685876401494944e-07
4	straight	mask_15ae	1,2,3,5,7,8,10,12	2	19662843	1.0171469100373736e-07
4	straight	mask_15b3	0,1,4,5,7,8,10,12	2841	19662843	0.00014448571857080892
4	straight	mask_15b5	0,2,4,5,7,8,10,12	342	19662843	1.7393212161639088e-05
4	straight	mask_15b6	1,2,4,5,7,8,10,12	305	19662843	1.5511490378069946e-05
4	straight	mask_15b9	0,3,4,5,7,8,10,12	5	19662843	2.5428672750934338e-07
4	straight	mask_15ba	1,3,4,5,7,8,10,12	18	19662843	9.1543221903363614e-07
4	straight	mask_15bc	2,3,4,5,7,8,10,12	12	19662843	6.1028814602242413e-07
4	straight	mask_15c7	0,1,2,6,7,8,10,12	19	19662843	9.6628956453550483e-07
4	straight	mask_15cb	0,1,3,6,7,8,10,12	7	19662843	3.5600141851308075e-07
4	straight	mask_15cd	0,2,3,6,7,8,10,12	9	19662843	4.5771610951681807e-07
4	straight	mask_15ce	1,2,3,6,7,8,10,12	24	19662843	1.2205762920448483e-06
4	straight	mask_15d3	0,1,4,6,7,8,10,12	4486	19662843	0.00022814605192138289
4	straight	mask_15d5	0,2,4,6,7,8,10,12	10	19662843	5.0857345501868676e-07
4	straight	mask_15d6	1,2,4,6,7,8,10,12	171	19662843	8.6966060808195441e-06
4	straight	mask_15d9	0,3,4,6,7,8,10,12	3	19662843	1.5257203650560603e-07
4	straight	mask_15da	1,3,4,6,7,8,10,12	178	19662843	9.0526074993326253e-06
4	straight	mask_15dc	2,3,4,6,7,8,10,12	1	19662843	5.085734550186868e-08
4	straight	mask_15e3	0,1,5,6,7,8,10,12	244	19662843	1.2409192302455958e-05
4	straight	mask_15e5	0,2,5,6,7,8,10,12	82	19662843	4.1703023311532314e-06
4	straight	mask_15e6	1,2,5,6,7,8,10,12	278	19662843	1.4138342049519492e-05
4	straight	mask_15e9	0,3,5,6,7,8,10,12	21	19662843	1.0680042555392422e-06
4	straight	mask_15ea	1,3,5,6,7,8,10,12	41	19662843	2.0851511655766157e-06
4	straight	mask_15ec	2,3,5,6,7,8,10,12	34	19662843	1.7291497470635349e-06
4	straight	mask_15f1	0,4,5,6,7,8,10,12	1938	19662843	9.85615355826215e-05
4	straight	mask_15f2	1,4,5,6,7,8,10,12	1055	19662843	5.3654499504471454e-05
4	straight	mask_15f4	2,4,5,6,7,8,10,12	136	19662843	6.9165989882541397e-06
4	straight	mask_15f8	3,4,5,6,7,8,10,12	64	19662843	3.2548701121195955e-06
4	straight	mask_164f	0,1,2,3,6,9,10,12	138	19662843	7.018313679257877e-06
4	straight	mask_165b	0,1,3,4,6,9,10,12	59	19662843	3.0005833846102521e-06
4	straight	mask_165d	0,2,3,4,6,9,10,12	36	19662843	1.8308644380672723e-06
4	straight	mask_165e	1,2,3,4,6,9,10,12	236	19662843	1.2002333538441008e-05
4	straight	mask_166b	0,1,3,5,6,9,10,12	273	19662843	1.3884055322010149e-05
4	straight	mask_166d	0,2,3,5,6,9,10,12	218	19662843	1.1086901319407371e-05
4	straight	mask_166e	1,2,3,5,6,9,10,12	757	19662843	3.849901054491459e-05
4	straight	mask_167a	1,3,4,5,6,9,10,12	187	19662843	9.5103236088494431e-06
4	straight	mask_167c	2,3,4,5,6,9,10,12	133	19662843	6.764026951748534e-06
4	straight	mask_168f	0,1,2,3,7,9,10,12	42	19662843	2.1360085110784844e-06
4	straight	mask_1697	0,1,2,4,7,9,10,12	6	19662843	3.0514407301121207e-07
4	straight	mask_169e	1,2,3,4,7,9,10,12	13	19662843	6.6114549152429282e-07
4	straight	mask_16a7	0,1,2,5,7,9,10,12	142	19662843	7.2217430612653518e-06
4	straight	mask_16ab	0,1,3,5,7,9,10,12	4	19662843	2.0342938200747472e-07
4	straight	mask_16ad	0,2,3,5,7,9,10,12	57	19662843	2.8988686936065147e-06
4	straight	mask_16ae	1,2,3,5,7,9,10,12	65	19662843	3.3057274576214642e-06
4	straight	mask_16b3	0,1,4,5,7,9,10,12	646	19662843	3.2853845194207162e-05
4	straight	mask_16b5	0,2,4,5,7,9,10,12	74	19662843	3.7634435671382819e-06
4	straight	mask_16b6	1,2,4,5,7,9,10,12	114	19662843	5.7977373872130294e-06
4	straight	mask_16b9	0,3,4,5,7,9,10,12	1	19662843	5.085734550186868e-08
4	straight	mask_16ba	1,3,4,5,7,9,10,12	8	19662843	4.0685876401494944e-07
4	straight	mask_16bc	2,3,4,5,7,9,10,12	8	19662843	4.0685876401494944e-07
4	straight	mask_16c7	0,1,2,6,7,9,10,12	114	19662843	5.7977373872130294e-06
4	straight	mask_16cb	0,1,3,6,7,9,10,12	35	19662843	1.7800070925654036e-06
4	straight	mask_16cd	0,2,3,6,7,9,10,12	47	19662843	2.3902952385878278e-06
4	straight	mask_16ce	1,2,3,6,7,9,10,12	363	19662843	1.8461216417178328e-05
4	straight	mask_16d3	0,1,4,6,7,9,10,12	82	19662843	4.1703023311532314e-06
4	straight	mask_16d5	0,2,4,6,7,9,10,12	30	19662843	1.5257203650560604e-06
4	straight	mask_16d6	1,2,4,6,7,9,10,12	50	19662843	2.5428672750934339e-06
4	straight	mask_16d9	0,3,4,6,7,9,10,12	13	19662843	6.6114549152429282e-07
4	straight	mask_16da	1,3,4,6,7,9,10,12	87	19662843	4.4245890586625753e-06
4	straight	mask_16dc	2,3,4,6,7,9,10,12	17	19662843	8.6457487353176746e-07
4	straight	mask_16e3	0,1,5,6,7,9,10,12	502	19662843	2.5530387441938075e-05
4	straight	mask_16e5	0,2,5,6,7,9,10,12	213	19662843	1.0832614591898028e-05
4	straight	mask_16e6	1,2,5,6,7,9,10,12	1228	19662843	6.2452820276294742e-05
4	straight	mask_16e9	0,3,5,6,7,9,10,12	46	19662843	2.3394378930859591e-06
4	straight	mask_16ea	1,3,5,6,7,9,10,12	469	19662843	2.3852095040376408e-05
4	straight	mask_16ec	2,3,5,6,7,9,10,12	460	19662843	2.3394378930859591e-05
4	straight	mask_16f1	0,4,5,6,7,9,10,12	323	19662843	1.6426922597103581e-05
4	straight	mask_16f2	1,4,5,6,7,9,10,12	388	19662843	1.9732650054725045e-05
4	straight	mask_16f4	2,4,5,6,7,9,10,12	183	19662843	9.3068942268419683e-06
4	straight	mask_16f8	3,4,5,6,7,9,10,12	104	19662843	5.2891639321943425e-06
4	straight	mask_174d	0,2,3,6,8,9,10,12	2	19662843	1.0171469100373736e-07
4	straight	mask_174e	1,2,3,6,8,9,10,12	6	19662843	3.0514407301121207e-07
4	straight	mask_176c	2,3,5,6,8,9,10,12	30	19662843	1.5257203650560604e-06
4	straight	mask_1787	0,1,2,7,8,9,10,12	2	19662843	1.0171469100373736e-07
4	straight	mask_178e	1,2,3,7,8,9,10,12	2	19662843	1.0171469100373736e-07
4	straight	mask_1793	0,1,4,7,8,9,10,12	918	19662843	4.6687043170715445e-05
4	straight	mask_1795	0,2,4,7,8,9,10,12	18	19662843	9.1543221903363614e-07
4	straight	mask_1796	1,2,4,7,8,9,10,12	20	19662843	1.0171469100373735e-06
4	straight	mask_1799	0,3,4,7,8,9,10,12	2	19662843	1.0171469100373736e-07
4	straight	mask_179a	1,3,4,7,8,9,10,12	3	19662843	1.5257203650560603e-07
4	straight	mask_17a3	0,1,5,7,8,9,10,12	168	19662843	8.5440340443139376e-06
4	straight	mask_17a5	0,2,5,7,8,9,10,12	53	19662843	2.69543931159904e-06
4	straight	mask_17a6	1,2,5,7,8,9,10,12	56	19662843	2.848011348104646e-06
4	straight	mask_17a9	0,3,5,7,8,9,10,12	3	19662843	1.5257203650560603e-07
4	straight	mask_17aa	1,3,5,7,8,9,10,12	12	19662843	6.1028814602242413e-07
4	straight	mask_17ac	2,3,5,7,8,9,10,12	5	19662843	2.5428672750934338e-07
4	straight	mask_17b1	0,4,5,7,8,9,10,12	1997	19662843	0.00010156211896723175
4	straight	mask_17b2	1,4,5,7,8,9,10,12	1980	19662843	0.00010069754409369997
4	straight	mask_17b4	2,4,5,7,8,9,10,12	85	19662843	4.3228743676588379e-06
4	straight	mask_17b8	3,4,5,7,8,9,10,12	13	19662843	6.6114549152429282e-07
4	straight	mask_17c3	0,1,6,7,8,9,10,12	80	19662843	4.0685876401494941e-06
4	straight	mask_17c5	0,2,6,7,8,9,10,12	5	19662843	2.5428672750934338e-07
4	straight	mask_17c6	1,2,6,7,8,9,10,12	51	19662843	2.5937246205953026e-06
4	straight	mask_17c9	0,3,6,7,8,9,10,12	2	19662843	1.0171469100373736e-07
4	straight	mask_17ca	1,3,6,7,8,9,10,12	12	19662843	6.1028814602242413e-07
4	straight	mask_17cc	2,3,6,7,8,9,10,12	88	19662843	4.4754464041644436e-06
4	straight	mask_17d1	0,4,6,7,8,9,10,12	219	19662843	1.1137758664909241e-05
4	straight	mask_17d2	1,4,6,7,8,9,10,12	165	19662843	8.3914620078083311e-06
4	straight	mask_17d4	2,4,6,7,8,9,10,12	18	19662843	9.1543221903363614e-07
4	straight	mask_17d8	3,4,6,7,8,9,10,12	4	19662843	2.0342938200747472e-07
4	straight	mask_17e1	0,5,6,7,8,9,10,12	390	19662843	1.9834364745728785e-05
4	straight	mask_17e2	1,5,6,7,8,9,10,12	599	19662843	3.0463549955619337e-05
4	straight	mask_17e4	2,5,6,7,8,9,10,12	332	19662843	1.6884638706620402e-05
4	straight	mask_17e8	3,5,6,7,8,9,10,12	40	19662843	2.034293820074747e-06
4	straight	mask_183f	0,1,2,3,4,5,11,12	421	19662843	2.1410942456286711e-05
4	straight	mask_185f	0,1,2,3,4,6,11,12	67	19662843	3.4074421486252011e-06
4	straight	mask_186f	0,1,2,3,5,6,11,12	77	19662843	3.9160156036438884e-06
4	straight	mask_1877	0,1,2,4,5,6,11,12	165	19662843	8.3914620078083311e-06
4	straight	mask_187b	0,1,3,4,5,6,11,12	43	19662843	2.1868658565803531e-06
4	straight	mask_187d	0,2,3,4,5,6,11,12	15	19662843	7.6286018252803019e-07
4	straight	mask_187e	1,2,3,4,5,6,11,12	223	19662843	1.1341188046916714e-05
4	straight	mask_189f	0,1,2,3,4,7,11,12	6	19662843	3.0514407301121207e-07
4	straight	mask_18af	0,1,2,3,5,7,11,12	23	19662843	1.1697189465429796e-06
4	straight	mask_18b7	0,1,2,4,5,7,11,12	12	19662843	6.1028814602242413e-07
4	straight	mask_18bd	0,2,3,4,5,7,11,12	4	19662843	2.0342938200747472e-07
4	straight	mask_18be	1,2,3,4,5,7,11,12	20	19662843	1.0171469100373735e-06
4	straight	mask_18cf	0,1,2,3,6,7,11,12	170	19662843	8.6457487353176758e-06
4	straight	mask_18d7	0,1,2,4,6,7,11,12	11	19662843	5.5943080052055544e-07
4	straight	mask_18db	0,1,3,4,6,7,11,12	1	19662843	5.085734550186868e-08
4	straight	mask_18de	1,2,3,4,6,7,11,12	44	19662843	2.2377232020822218e-06
4	straight	mask_18e7	0,1,2,5,6,7,11,12	116	19662843	5.8994520782167668e-06
4	straight	mask_18eb	0,1,3,5,6,7,11,12	13	19662843	6.6114549152429282e-07
4	straight	mask_18ed	0,2,3,5,6,7,11,12	51	19662843	2.5937246205953026e-06
4	straight	mask_18ee	1,2,3,5,6,7,11,12	769	19662843	3.9109298690937009e-05
4	straight	mask_18f3	0,1,4,5,6,7,11,12	24	19662843	1.2205762920448483e-06
4	straight	mask_18f5	0,2,4,5,6,7,11,12	3	19662843	1.5257203650560603e-07
4	straight	mask_18f6	1,2,4,5,6,7,11,12	67	19662843	3.4074421486252011e-06
4	straight	mask_18fa	1,3,4,5,6,7,11,12	25	19662843	1.2714336375467169e-06
4	straight	mask_18fc	2,3,4,5,6,7,11,12	29	19662843	1.4748630195541917e-06
4	straight	mask_191f	0,1,2,3,4,8,11,12	200	19662843	1.0171469100373736e-05
4	straight	mask_192f	0,1,2,3,5,8,11,12	8	19662843	4.0685876401494944e-07
4	straight	mask_1937	0,1,2,4,5,8,11,12	542	19662843	2.7564681262012822e-05
4	straight	mask_193b	0,1,3,4,5,8,11,12	3	19662843	1.5257203650560603e-07
4	straight	mask_193d	0,2,3,4,5,8,11,12	39	19662843	1.9834364745728783e-06
4	straight	mask_193e	1,2,3,4,5,8,11,12	56	19662843	2.848011348104646e-06
4	straight	mask_194f	0,1,2,3,6,8,11,12	5	19662843	2.5428672750934338e-07
4	straight	mask_1957	0,1,2,4,6,8,11,12	280	19662843	1.4240056740523229e-05
4	straight	mask_195b	0,1,3,4,6,8,11,12	198	19662843	1.0069754409369997e-05
4	straight	mask_195e	1,2,3,4,6,8,11,12	32	19662843	1.6274350560597978e-06
4	straight	mask_1967	0,1,2,5,6,8,11,12	20	19662843	1.0171469100373735e-06
4	straight	mask_196b	0,1,3,5,6,8,11,12	6	19662843	3.0514407301121207e-07
4	straight	mask_196d	0,2,3,5,6,8,11,12	1	19662843	5.085734550186868e-08
4	straight	mask_196e	1,2,3,5,6,8,11,12	6	19662843	3.0514407301121207e-07
4	straight	mask_1973	0,1,4,5,6,8,11,12	3207	19662843	0.00016309950702449286
4	straight	mask_1975	0,2,4,5,6,8,11,12	72	19662843	3.6617288761345446e-06
4	straight	mask_1976	1,2,4,5,6,8,11,12	203	19662843	1.0324041136879342e-05
4	straight	mask_1979	0,3,4,5,6,8,11,12	56	19662843	2.848011348104646e-06
4	straight	mask_197a	1,3,4,5,6,8,11,12	65	19662843	3.3057274576214642e-06
4	straight	mask_197c	2,3,4,5,6,8,11,12	22	19662843	1.1188616010411109e-06
4	straight	mask_198f	0,1,2,3,7,8,11,12	4	19662843	2.0342938200747472e-07
4	straight	mask_1997	0,1,2,4,7,8,11,12	411	19662843	2.0902369001268025e-05
4	straight	mask_199e	1,2,3,4,7,8,11,12	5	19662843	2.5428672750934338e-07
4	straight	mask_19a7	0,1,2,5,7,8,11,12	7	19662843	3.5600141851308075e-07
4	straight	mask_19ad	0,2,3,5,7,8,11,12	5	19662843	2.5428672750934338e-07
4	straight	mask_19b3	0,1,4,5,7,8,11,12	8	19662843	4.0685876401494944e-07
4	straight	mask_19b5	0,2,4,5,7,8,11,12	58	19662843	2.9497260391083834e-06
4	straight	mask_19b6	1,2,4,5,7,8,11,12	42	19662843	2.1360085110784844e-06
4	straight	mask_19bc	2,3,4,5,7,8,11,12	3	19662843	1.5257203650560603e-07
4	straight	mask_19c7	0,1,2,6,7,8,11,12	3	19662843	1.5257203650560603e-07
4	straight	mask_19d3	0,1,4,6,7,8,11,12	297	19662843	1.5104631614054998e-05
4	straight	mask_19d6	1,2,4,6,7,8,11,12	44	19662843	2.2377232020822218e-06
4	straight	mask_19da	1,3,4,6,7,8,11,12	4	19662843	2.0342938200747472e-07
4	straight	mask_19e3	0,1,5,6,7,8,11,12	15	19662843	7.6286018252803019e-07
4	straight	mask_19e5	0,2,5,6,7,8,11,12	3	19662843	1.5257203650560603e-07
4	straight	mask_19e6	1,2,5,6,7,8,11,12	122	19662843	6.2045961512279789e-06
4	straight	mask_19e9	0,3,5,6,7,8,11,12	1	19662843	5.085734550186868e-08
4	straight	mask_19ea	1,3,5,6,7,8,11,12	3	19662843	1.5257203650560603e-07
4	straight	mask_19ec	2,3,5,6,7,8,11,12	16	19662843	8.1371752802989888e-07
4	straight	mask_19f1	0,4,5,6,7,8,11,12	117	19662843	5.950309423718635e-06
4	straight	mask_19f2	1,4,5,6,7,8,11,12	52	19662843	2.6445819660971713e-06
4	straight	mask_19f4	2,4,5,6,7,8,11,12	28	19662843	1.424005674052323e-06
4	straight	mask_19f8	3,4,5,6,7,8,11,12	8	19662843	4.0685876401494944e-07
4	straight	mask_1a1f	0,1,2,3,4,9,11,12	820	19662843	4.1703023311532314e-05
4	straight	mask_1a2f	0,1,2,3,5,9,11,12	169	19662843	8.5948913898158059e-06
4	straight	mask_1a37	0,1,2,4,5,9,11,12	238	19662843	1.2104048229444745e-05
4	straight	mask_1a3b	0,1,3,4,5,9,11,12	30	19662843	1.5257203650560604e-06
4	straight	mask_1a3d	0,2,3,4,5,9,11,12	35	19662843	1.7800070925654036e-06
4	straight	mask_1a3e	1,2,3,4,5,9,11,12	275	19662843	1.3985770013013886e-05
4	straight	mask_1a4f	0,1,2,3,6,9,11,12	7	19662843	3.5600141851308075e-07
4	straight	mask_1a57	0,1,2,4,6,9,11,12	29	19662843	1.4748630195541917e-06
4	straight	mask_1a5b	0,1,3,4,6,9,11,12	4	19662843	2.0342938200747472e-07
4	straight	mask_1a5d	0,2,3,4,6,9,11,12	3	19662843	1.5257203650560603e-07
4	straight	mask_1a5e	1,2,3,4,6,9,11,12	17	19662843	8.6457487353176746e-07
4	straight	mask_1a67	0,1,2,5,6,9,11,12	104	19662843	5.2891639321943425e-06
4	straight	mask_1a6b	0,1,3,5,6,9,11,12	14	19662843	7.120028370261615e-07
4	straight	mask_1a6d	0,2,3,5,6,9,11,12	17	19662843	8.6457487353176746e-07
4	straight	mask_1a6e	1,2,3,5,6,9,11,12	36	19662843	1.8308644380672723e-06
4	straight	mask_1a73	0,1,4,5,6,9,11,12	810	19662843	4.1194449856513625e-05
4	straight	mask_1a75	0,2,4,5,6,9,11,12	111	19662843	5.6451653507074229e-06
4	straight	mask_1a76	1,2,4,5,6,9,11,12	272	19662843	1.3833197976508279e-05
4	straight	mask_1a79	0,3,4,5,6,9,11,12	6	19662843	3.0514407301121207e-07
4	straight	mask_1a7a	1,3,4,5,6,9,11,12	11	19662843	5.5943080052055544e-07
4	straight	mask_1a7c	2,3,4,5,6,9,11,12	5	19662843	2.5428672750934338e-07
4	straight	mask_1a8f	0,1,2,3,7,9,11,12	4	19662843	2.0342938200747472e-07
4	straight	mask_1a9e	1,2,3,4,7,9,11,12	6	19662843	3.0514407301121207e-07
4	straight	mask_1aa7	0,1,2,5,7,9,11,12	6	19662843	3.0514407301121207e-07
4	straight	mask_1aad	0,2,3,5,7,9,11,12	1	19662843	5.085734550186868e-08
4	straight	mask_1aae	1,2,3,5,7,9,11,12	3	19662843	1.5257203650560603e-07
4	straight	mask_1ab3	0,1,4,5,7,9,11,12	13	19662843	6.6114549152429282e-07
4	straight	mask_1ab5	0,2,4,5,7,9,11,12	4	19662843	2.0342938200747472e-07
4	straight	mask_1ab6	1,2,4,5,7,9,11,12	9	19662843	4.5771610951681807e-07
4	straight	mask_1abc	2,3,4,5,7,9,11,12	5	19662843	2.5428672750934338e-07
4	straight	mask_1ac7	0,1,2,6,7,9,11,12	14	19662843	7.120028370261615e-07
4	straight	mask_1acb	0,1,3,6,7,9,11,12	2	19662843	1.0171469100373736e-07
4	straight	mask_1acd	0,2,3,6,7,9,11,12	3	19662843	1.5257203650560603e-07
4	straight	mask_1ace	1,2,3,6,7,9,11,12	8	19662843	4.0685876401494944e-07
4	straight	mask_1ad3	0,1,4,6,7,9,11,12	8	19662843	4.0685876401494944e-07
4	straight	mask_1ad5	0,2,4,6,7,9,11,12	8	19662843	4.0685876401494944e-07
4	straight	mask_1ad6	1,2,4,6,7,9,11,12	27	19662843	1.3731483285504543e-06
4	straight	mask_1ad9	0,3,4,6,7,9,11,12	1	19662843	5.085734550186868e-08
4	straight	mask_1ada	1,3,4,6,7,9,11,12	19	19662843	9.6628956453550483e-07
4	straight	mask_1adc	2,3,4,6,7,9,11,12	2	19662843	1.0171469100373736e-07
4	straight	mask_1ae3	0,1,5,6,7,9,11,12	97	19662843	4.9331625136812613e-06
4	straight	mask_1ae5	0,2,5,6,7,9,11,12	52	19662843	2.6445819660971713e-06
4	straight	mask_1ae6	1,2,5,6,7,9,11,12	425	19662843	2.1614371838294188e-05
4	straight	mask_1ae9	0,3,5,6,7,9,11,12	3	19662843	1.5257203650560603e-07
4	straight	mask_1aea	1,3,5,6,7,9,11,12	15	19662843	7.6286018252803019e-07
4	straight	mask_1af1	0,4,5,6,7,9,11,12	22	19662843	1.1188616010411109e-06
4	straight	mask_1af2	1,4,5,6,7,9,11,12	32	19662843	1.6274350560597978e-06
4	straight	mask_1af4	2,4,5,6,7,9,11,12	30	19662843	1.5257203650560604e-06
4	straight	mask_1af8	3,4,5,6,7,9,11,12	7	19662843	3.5600141851308075e-07
4	straight	mask_1b17	0,1,2,4,8,9,11,12	147	19662843	7.4760297887746956e-06
4	straight	mask_1b1b	0,1,3,4,8,9,11,12	2	19662843	1.0171469100373736e-07
4	straight	mask_1b1e	1,2,3,4,8,9,11,12	12	19662843	6.1028814602242413e-07
4	straight	mask_1b27	0,1,2,5,8,9,11,12	56	19662843	2.848011348104646e-06
4	straight	mask_1b2b	0,1,3,5,8,9,11,12	2	19662843	1.0171469100373736e-07
4	straight	mask_1b2d	0,2,3,5,8,9,11,12	3	19662843	1.5257203650560603e-07
4	straight	mask_1b2e	1,2,3,5,8,9,11,12	6	19662843	3.0514407301121207e-07
4	straight	mask_1b33	0,1,4,5,8,9,11,12	22921	19662843	0.0011657012162483318
4	straight	mask_1b35	0,2,4,5,8,9,11,12	293	19662843	1.4901202232047523e-05
4	straight	mask_1b36	1,2,4,5,8,9,11,12	481	19662843	2.4462383186398834e-05
4	straight	mask_1b39	0,3,4,5,8,9,11,12	5	19662843	2.5428672750934338e-07
4	straight	mask_1b3a	1,3,4,5,8,9,11,12	33	19662843	1.6782924015616664e-06
4	straight	mask_1b3c	2,3,4,5,8,9,11,12	9	19662843	4.5771610951681807e-07
4	straight	mask_1b47	0,1,2,6,8,9,11,12	1	19662843	5.085734550186868e-08
4	straight	mask_1b4b	0,1,3,6,8,9,11,12	2	19662843	1.0171469100373736e-07
4	straight	mask_1b4e	1,2,3,6,8,9,11,12	3	19662843	1.5257203650560603e-07
4	straight	mask_1b53	0,1,4,6,8,9,11,12	942	19662843	4.7907619462760297e-05
4	straight	mask_1b55	0,2,4,6,8,9,11,12	47	19662843	2.3902952385878278e-06
4	straight	mask_1b56	1,2,4,6,8,9,11,12	27	19662843	1.3731483285504543e-06
4	straight	mask_1b5a	1,3,4,6,8,9,11,12	6	19662843	3.0514407301121207e-07
4	straight	mask_1b5c	2,3,4,6,8,9,11,12	1	19662843	5.085734550186868e-08
4	straight	mask_1b63	0,1,5,6,8,9,11,12	257	19662843	1.307033779398025e-05
4	straight	mask_1b65	0,2,5,6,8,9,11,12	45	19662843	2.2885805475840905e-06
4	straight	mask_1b66	1,2,5,6,8,9,11,12	621	19662843	3.1582411556660445e-05
4	straight	mask_1b69	0,3,5,6,8,9,11,12	2	19662843	1.0171469100373736e-07
4	straight	mask_1b6a	1,3,5,6,8,9,11,12	8	19662843	4.0685876401494944e-07
4	straight	mask_1b6c	2,3,5,6,8,9,11,12	18	19662843	9.1543221903363614e-07
4	straight	mask_1b72	1,4,5,6,8,9,11,12	2260	19662843	0.00011493760083422321
4	straight	mask_1b74	2,4,5,6,8,9,11,12	185	19662843	9.4086089178457049e-06
4	straight	mask_1b78	3,4,5,6,8,9,11,12	15	19662843	7.6286018252803019e-07
4	straight	mask_1b96	1,2,4,7,8,9,11,12	1	19662843	5.085734550186868e-08
4	straight	mask_1ba3	0,1,5,7,8,9,11,12	2	19662843	1.0171469100373736e-07
4	straight	mask_1ba5	0,2,5,7,8,9,11,12	5	19662843	2.5428672750934338e-07
4	straight	mask_1ba6	1,2,5,7,8,9,11,12	3	19662843	1.5257203650560603e-07
4	straight	mask_1bb1	0,4,5,7,8,9,11,12	6	19662843	3.0514407301121207e-07
4	straight	mask_1bb2	1,4,5,7,8,9,11,12	6	19662843	3.0514407301121207e-07
4	straight	mask_1bb4	2,4,5,7,8,9,11,12	10	19662843	5.0857345501868676e-07
4	straight	mask_1bc3	0,1,6,7,8,9,11,12	9	19662843	4.5771610951681807e-07
4	straight	mask_1bc6	1,2,6,7,8,9,11,12	22	19662843	1.1188616010411109e-06
4	straight	mask_1bcc	2,3,6,7,8,9,11,12	64	19662843	3.2548701121195955e-06
4	straight	mask_1bd1	0,4,6,7,8,9,11,12	6	19662843	3.0514407301121207e-07
4	straight	mask_1bd2	1,4,6,7,8,9,11,12	10	19662843	5.0857345501868676e-07
4	straight	mask_1be1	0,5,6,7,8,9,11,12	18	19662843	9.1543221903363614e-07
4	straight	mask_1be2	1,5,6,7,8,9,11,12	30	19662843	1.5257203650560604e-06
4	straight	mask_1be4	2,5,6,7,8,9,11,12	91	19662843	4.6280184406700492e-06
4	straight	mask_1c1f	0,1,2,3,4,10,11,12	109	19662843	5.5434506597036855e-06
4	straight	mask_1c2f	0,1,2,3,5,10,11,12	30	19662843	1.5257203650560604e-06
4	straight	mask_1c37	0,1,2,4,5,10,11,12	36	19662843	1.8308644380672723e-06
4	straight	mask_1c3b	0,1,3,4,5,10,11,12	9	19662843	4.5771610951681807e-07
4	straight	mask_1c3d	0,2,3,4,5,10,11,12	4	19662843	2.0342938200747472e-07
4	straight	mask_1c3e	1,2,3,4,5,10,11,12	44	19662843	2.2377232020822218e-06
4	straight	mask_1c4f	0,1,2,3,6,10,11,12	10	19662843	5.0857345501868676e-07
4	straight	mask_1c57	0,1,2,4,6,10,11,12	2	19662843	1.0171469100373736e-07
4	straight	mask_1c5b	0,1,3,4,6,10,11,12	2	19662843	1.0171469100373736e-07
4	straight	mask_1c5e	1,2,3,4,6,10,11,12	4	19662843	2.0342938200747472e-07
4	straight	mask_1c67	0,1,2,5,6,10,11,12	46	19662843	2.3394378930859591e-06
4	straight	mask_1c6b	0,1,3,5,6,10,11,12	9	19662843	4.5771610951681807e-07
4	straight	mask_1c6d	0,2,3,5,6,10,11,12	11	19662843	5.5943080052055544e-07
4	straight	mask_1c6e	1,2,3,5,6,10,11,12	149	19662843	7.577744479778433e-06
4	straight	mask_1c73	0,1,4,5,6,10,11,12	172	19662843	8.7474634263214124e-06
4	straight	mask_1c75	0,2,4,5,6,10,11,12	9	19662843	4.5771610951681807e-07
4	straight	mask_1c76	1,2,4,5,6,10,11,12	117	19662843	5.950309423718635e-06
4	straight	mask_1c7a	1,3,4,5,6,10,11,12	15	19662843	7.6286018252803019e-07
4	straight	mask_1c7c	2,3,4,5,6,10,11,12	54	19662843	2.7462966571009086e-06
4	straight	mask_1c8f	0,1,2,3,7,10,11,12	14	19662843	7.120028370261615e-07
4	straight	mask_1c97	0,1,2,4,7,10,11,12	2	19662843	1.0171469100373736e-07
4	straight	mask_1c9e	1,2,3,4,7,10,11,12	1	19662843	5.085734550186868e-08
4	straight	mask_1ca7	0,1,2,5,7,10,11,12	8	19662843	4.0685876401494944e-07
4	straight	mask_1cab	0,1,3,5,7,10,11,12	2	19662843	1.0171469100373736e-07
4	straight	mask_1cad	0,2,3,5,7,10,11,12	5	19662843	2.5428672750934338e-07
4	straight	mask_1cae	1,2,3,5,7,10,11,12	7	19662843	3.5600141851308075e-07
4	straight	mask_1cb3	0,1,4,5,7,10,11,12	9	19662843	4.5771610951681807e-07
4	straight	mask_1cb5	0,2,4,5,7,10,11,12	4	19662843	2.0342938200747472e-07
4	straight	mask_1cb6	1,2,4,5,7,10,11,12	7	19662843	3.5600141851308075e-07
4	straight	mask_1cb9	0,3,4,5,7,10,11,12	1	19662843	5.085734550186868e-08
4	straight	mask_1cba	1,3,4,5,7,10,11,12	1	19662843	5.085734550186868e-08
4	straight	mask_1cbc	2,3,4,5,7,10,11,12	3	19662843	1.5257203650560603e-07
4	straight	mask_1cc7	0,1,2,6,7,10,11,12	31	19662843	1.5765777105579291e-06
4	straight	mask_1ccb	0,1,3,6,7,10,11,12	4	19662843	2.0342938200747472e-07
4	straight	mask_1ccd	0,2,3,6,7,10,11,12	18	19662843	9.1543221903363614e-07
4	straight	mask_1cd3	0,1,4,6,7,10,11,12	7	19662843	3.5600141851308075e-07
4	straight	mask_1cd5	0,2,4,6,7,10,11,12	1	19662843	5.085734550186868e-08
4	straight	mask_1cd6	1,2,4,6,7,10,11,12	29	19662843	1.4748630195541917e-06
4	straight	mask_1cda	1,3,4,6,7,10,11,12	10	19662843	5.0857345501868676e-07
4	straight	mask_1cdc	2,3,4,6,7,10,11,12	21	19662843	1.0680042555392422e-06
4	straight	mask_1ce3	0,1,5,6,7,10,11,12	398	19662843	2.0241223509743735e-05
4	straight	mask_1ce5	0,2,5,6,7,10,11,12	120	19662843	6.1028814602242415e-06
4	straight	mask_1ce6	1,2,5,6,7,10,11,12	704	19662843	3.5803571233315548e-05
4	straight	mask_1ce9	0,3,5,6,7,10,11,12	12	19662843	6.1028814602242413e-07
4	straight	mask_1cf1	0,4,5,6,7,10,11,12	54	19662843	2.7462966571009086e-06
4	straight	mask_1cf2	1,4,5,6,7,10,11,12	83	19662843	4.2211596766551005e-06
4	straight	mask_1cf4	2,4,5,6,7,10,11,12	45	19662843	2.2885805475840905e-06
4	straight	mask_1cf8	3,4,5,6,7,10,11,12	11	19662843	5.5943080052055544e-07
4	straight	mask_1d17	0,1,2,4,8,10,11,12	53	19662843	2.69543931159904e-06
4	straight	mask_1d1b	0,1,3,4,8,10,11,12	3	19662843	1.5257203650560603e-07
4	straight	mask_1d1d	0,2,3,4,8,10,11,12	2	19662843	1.0171469100373736e-07
4	straight	mask_1d1e	1,2,3,4,8,10,11,12	26	19662843	1.3222909830485856e-06
4	straight	mask_1d27	0,1,2,5,8,10,11,12	18	19662843	9.1543221903363614e-07
4	straight	mask_1d2b	0,1,3,5,8,10,11,12	2	19662843	1.0171469100373736e-07
4	straight	mask_1d2e	1,2,3,5,8,10,11,12	20	19662843	1.0171469100373735e-06
4	straight	mask_1d33	0,1,4,5,8,10,11,12	5616	19662843	0.0002856148523384945
4	straight	mask_1d35	0,2,4,5,8,10,11,12	32	19662843	1.6274350560597978e-06
4	straight	mask_1d36	1,2,4,5,8,10,11,12	59	19662843	3.0005833846102521e-06
4	straight	mask_1d3a	1,3,4,5,8,10,11,12	15	19662843	7.6286018252803019e-07
4	straight	mask_1d3c	2,3,4,5,8,10,11,12	3	19662843	1.5257203650560603e-07
4	straight	mask_1d47	0,1,2,6,8,10,11,12	1	19662843	5.085734550186868e-08
4	straight	mask_1d4e	1,2,3,6,8,10,11,12	1	19662843	5.085734550186868e-08
4	straight	mask_1d53	0,1,4,6,8,10,11,12	310	19662843	1.576577710557929e-05
4	straight	mask_1d56	1,2,4,6,8,10,11,12	31	19662843	1.5765777105579291e-06
4	straight	mask_1d5a	1,3,4,6,8,10,11,12	32	19662843	1.6274350560597978e-06
4	straight	mask_1d63	0,1,5,6,8,10,11,12	84	19662843	4.2720170221569688e-06
4	straight	mask_1d65	0,2,5,6,8,10,11,12	5	19662843	2.5428672750934338e-07
4	straight	mask_1d66	1,2,5,6,8,10,11,12	324	19662843	1.6477779942605453e-05
4	straight	mask_1d69	0,3,5,6,8,10,11,12	1	19662843	5.085734550186868e-08
4	straight	mask_1d6a	1,3,5,6,8,10,11,12	23	19662843	1.1697189465429796e-06
4	straight	mask_1d6c	2,3,5,6,8,10,11,12	16	19662843	8.1371752802989888e-07
4	straight	mask_1d72	1,4,5,6,8,10,11,12	264	19662843	1.3426339212493332e-05
4	straight	mask_1d74	2,4,5,6,8,10,11,12	16	19662843	8.1371752802989888e-07
4	straight	mask_1d78	3,4,5,6,8,10,11,12	21	19662843	1.0680042555392422e-06
4	straight	mask_1d93	0,1,4,7,8,10,11,12	1	19662843	5.085734550186868e-08
4	straight	mask_1d96	1,2,4,7,8,10,11,12	19	19662843	9.6628956453550483e-07
4	straight	mask_1da3	0,1,5,7,8,10,11,12	4	19662843	2.0342938200747472e-07
4	straight	mask_1da5	0,2,5,7,8,10,11,12	2	19662843	1.0171469100373736e-07
4	straight	mask_1da6	1,2,5,7,8,10,11,12	4	19662843	2.0342938200747472e-07
4	straight	mask_1daa	1,3,5,7,8,10,11,12	2	19662843	1.0171469100373736e-07
4	straight	mask_1dac	2,3,5,7,8,10,11,12	2	19662843	1.0171469100373736e-07
4	straight	mask_1db2	1,4,5,7,8,10,11,12	13	19662843	6.6114549152429282e-07
4	straight	mask_1db4	2,4,5,7,8,10,11,12	11	19662843	5.5943080052055544e-07
4	straight	mask_1dc3	0,1,6,7,8,10,11,12	10	19662843	5.0857345501868676e-07
4	straight	mask_1dc5	0,2,6,7,8,10,11,12	1	19662843	5.085734550186868e-08
4	straight	mask_1dc6	1,2,6,7,8,10,11,12	15	19662843	7.6286018252803019e-07
4	straight	mask_1dca	1,3,6,7,8,10,11,12	5	19662843	2.5428672750934338e-07
4	straight	mask_1dcc	2,3,6,7,8,10,11,12	13	19662843	6.6114549152429282e-07
4	straight	mask_1dd1	0,4,6,7,8,10,11,12	1	19662843	5.085734550186868e-08
4	straight	mask_1dd2	1,4,6,7,8,10,11,12	56	19662843	2.848011348104646e-06
4	straight	mask_1dd4	2,4,6,7,8,10,11,12	1	19662843	5.085734550186868e-08
4	straight	mask_1de1	0,5,6,7,8,10,11,12	96	19662843	4.882305168179393e-06
4	straight	mask_1de2	1,5,6,7,8,10,11,12	190	19662843	9.6628956453550479e-06
4	straight	mask_1de4	2,5,6,7,8,10,11,12	61	19662843	3.1022980756139894e-06
4	straight	mask_1e0f	0,1,2,3,9,10,11,12	1	19662843	5.085734550186868e-08
4	straight	mask_1e17	0,1,2,4,9,10,11,12	56	19662843	2.848011348104646e-06
4	straight	mask_1e1b	0,1,3,4,9,10,11,12	3	19662843	1.5257203650560603e-07
4	straight	mask_1e1d	0,2,3,4,9,10,11,12	3	19662843	1.5257203650560603e-07
4	straight	mask_1e1e	1,2,3,4,9,10,11,12	76	19662843	3.8651582581420193e-06
4	straight	mask_1e27	0,1,2,5,9,10,11,12	62	19662843	3.1531554211158581e-06
4	straight	mask_1e2b	0,1,3,5,9,10,11,12	5	19662843	2.5428672750934338e-07
4	straight	mask_1e2d	0,2,3,5,9,10,11,12	4	19662843	2.0342938200747472e-07
4	straight	mask_1e2e	1,2,3,5,9,10,11,12	53	19662843	2.69543931159904e-06
4	straight	mask_1e33	0,1,4,5,9,10,11,12	2163	19662843	0.00011000443832054194
4	straight	mask_1e35	0,2,4,5,9,10,11,12	72	19662843	3.6617288761345446e-06
4	straight	mask_1e36	1,2,4,5,9,10,11,12	187	19662843	9.5103236088494431e-06
4	straight	mask_1e39	0,3,4,5,9,10,11,12	2	19662843	1.0171469100373736e-07
4	straight	mask_1e3a	1,3,4,5,9,10,11,12	21	19662843	1.0680042555392422e-06
4	straight	mask_1e3c	2,3,4,5,9,10,11,12	8	19662843	4.0685876401494944e-07
4	straight	mask_1e47	0,1,2,6,9,10,11,12	4	19662843	2.0342938200747472e-07
4	straight	mask_1e4b	0,1,3,6,9,10,11,12	3	19662843	1.5257203650560603e-07
4	straight	mask_1e53	0,1,4,6,9,10,11,12	72	19662843	3.6617288761345446e-06
4	straight	mask_1e55	0,2,4,6,9,10,11,12	32	19662843	1.6274350560597978e-06
4	straight	mask_1e56	1,2,4,6,9,10,11,12	26	19662843	1.3222909830485856e-06
4	straight	mask_1e59	0,3,4,6,9,10,11,12	2	19662843	1.0171469100373736e-07
4	straight	mask_1e5a	1,3,4,6,9,10,11,12	4	19662843	2.0342938200747472e-07
4	straight	mask_1e5c	2,3,4,6,9,10,11,12	4	19662843	2.0342938200747472e-07
4	straight	mask_1e63	0,1,5,6,9,10,11,12	255	19662843	1.2968623102976512e-05
4	straight	mask_1e65	0,2,5,6,9,10,11,12	32	19662843	1.6274350560597978e-06
4	straight	mask_1e66	1,2,5,6,9,10,11,12	2006	19662843	0.00010201983507674857
4	straight	mask_1e69	0,3,5,6,9,10,11,12	3	19662843	1.5257203650560603e-07
4	straight	mask_1e6a	1,3,5,6,9,10,11,12	23	19662843	1.1697189465429796e-06
4	straight	mask_1e72	1,4,5,6,9,10,11,12	583	19662843	2.9649832427589438e-05
4	straight	mask_1e74	2,4,5,6,9,10,11,12	180	19662843	9.1543221903363619e-06
4	straight	mask_1e78	3,4,5,6,9,10,11,12	10	19662843	5.0857345501868676e-07
4	straight	mask_1e87	0,1,2,7,9,10,11,12	3	19662843	1.5257203650560603e-07
4	straight	mask_1e8d	0,2,3,7,9,10,11,12	1	19662843	5.085734550186868e-08
4	straight	mask_1e93	0,1,4,7,9,10,11,12	6	19662843	3.0514407301121207e-07
4	straight	mask_1e9a	1,3,4,7,9,10,11,12	1	19662843	5.085734550186868e-08
4	straight	mask_1ea3	0,1,5,7,9,10,11,12	22	19662843	1.1188616010411109e-06
4	straight	mask_1ea5	0,2,5,7,9,10,11,12	6	19662843	3.0514407301121207e-07
4	straight	mask_1ea6	1,2,5,7,9,10,11,12	10	19662843	5.0857345501868676e-07
4	straight	mask_1eb2	1,4,5,7,9,10,11,12	29	19662843	1.4748630195541917e-06
4	straight	mask_1eb4	2,4,5,7,9,10,11,12	12	19662843	6.1028814602242413e-07
4	straight	mask_1ec3	0,1,6,7,9,10,11,12	179	19662843	9.1034648448344936e-06
4	straight	mask_1ec5	0,2,6,7,9,10,11,12	30	19662843	1.5257203650560604e-06
4	straight	mask_1ec9	0,3,6,7,9,10,11,12	1	19662843	5.085734550186868e-08
4	straight	mask_1ed2	1,4,6,7,9,10,11,12	117	19662843	5.950309423718635e-06
4	straight	mask_1ed4	2,4,6,7,9,10,11,12	60	19662843	3.0514407301121208e-06
4	straight	mask_1ee1	0,5,6,7,9,10,11,12	576	19662843	2.9293831009076357e-05
4	straight	mask_1f13	0,1,4,8,9,10,11,12	3719	19662843	0.0001891384679214496
4	straight	mask_1f15	0,2,4,8,9,10,11,12	112	19662843	5.696022696209292e-06
4	straight	mask_1f16	1,2,4,8,9,10,11,12	13	19662843	6.6114549152429282e-07
4	straight	mask_1f19	0,3,4,8,9,10,11,12	9	19662843	4.5771610951681807e-07
4	straight	mask_1f1a	1,3,4,8,9,10,11,12	2	19662843	1.0171469100373736e-07
4	straight	mask_1f23	0,1,5,8,9,10,11,12	647	19662843	3.2904702539709034e-05
4	straight	mask_1f25	0,2,5,8,9,10,11,12	27	19662843	1.3731483285504543e-06
4	straight	mask_1f26	1,2,5,8,9,10,11,12	74	19662843	3.7634435671382819e-06
4	straight	mask_1f2a	1,3,5,8,9,10,11,12	18	19662843	9.1543221903363614e-07
4	straight	mask_1f2c	2,3,5,8,9,10,11,12	6	19662843	3.0514407301121207e-07
4	straight	mask_1f32	1,4,5,8,9,10,11,12	6135	19662843	0.00031200981465396432
4	straight	mask_1f34	2,4,5,8,9,10,11,12	127	19662843	6.4588828787373219e-06
4	straight	mask_1f43	0,1,6,8,9,10,11,12	2	19662843	1.0171469100373736e-07
4	straight	mask_1f45	0,2,6,8,9,10,11,12	11	19662843	5.5943080052055544e-07
4	straight	mask_1f46	1,2,6,8,9,10,11,12	24	19662843	1.2205762920448483e-06
4	straight	mask_1f4a	1,3,6,8,9,10,11,12	1	19662843	5.085734550186868e-08
4	straight	mask_1f4c	2,3,6,8,9,10,11,12	27	19662843	1.3731483285504543e-06
4	straight	mask_1f52	1,4,6,8,9,10,11,12	91	19662843	4.6280184406700492e-06
4	straight	mask_1f54	2,4,6,8,9,10,11,12	49	19662843	2.4920099295915652e-06
4	straight	mask_1f62	1,5,6,8,9,10,11,12	781	19662843	3.9719586836959435e-05
4	straight	mask_1f64	2,5,6,8,9,10,11,12	372	19662843	1.8918932526695146e-05
4	straight	mask_1f83	0,1,7,8,9,10,11,12	1	19662843	5.085734550186868e-08
4	straight	mask_1f86	1,2,7,8,9,10,11,12	2	19662843	1.0171469100373736e-07
4	straight	mask_1f89	0,3,7,8,9,10,11,12	1	19662843	5.085734550186868e-08
4	straight	mask_1f8a	1,3,7,8,9,10,11,12	5	19662843	2.5428672750934338e-07
4	straight	mask_1f8c	2,3,7,8,9,10,11,12	7	19662843	3.5600141851308075e-07
4	straight	mask_1f92	1,4,7,8,9,10,11,12	15	19662843	7.6286018252803019e-07
4	straight	mask_1f94	2,4,7,8,9,10,11,12	4	19662843	2.0342938200747472e-07
4	straight	mask_1fa2	1,5,7,8,9,10,11,12	71	19662843	3.6108715306326759e-06
4	straight	mask_1fa4	2,5,7,8,9,10,11,12	19	19662843	9.6628956453550483e-07
4	straight	mask_1fc2	1,6,7,8,9,10,11,12	87	19662843	4.4245890586625753e-06
4	straight	mask_1fc4	2,6,7,8,9,10,11,12	123	19662843	6.2554534967298472e-06
4	straight	mask_20bf	0,1,2,3,4,5,7,13	3189	19662843	0.00016218407480545922
4	straight	mask_20df	0,1,2,3,4,6,7,13	1977	19662843	0.00010054497205719437
4	straight	mask_20f7	0,1,2,4,5,6,7,13	6595	19662843	0.00033540419358482393
4	straight	mask_20fb	0,1,3,4,5,6,7,13	365	19662843	1.8562931108182068e-05
4	straight	mask_20fd	0,2,3,4,5,6,7,13	393	19662843	1.998693678223439e-05
4	straight	mask_20fe	1,2,3,4,5,6,7,13	3719	19662843	0.0001891384679214496
4	straight	mask_219f	0,1,2,3,4,7,8,13	222	19662843	1.1290330701414846e-05
4	straight	mask_21af	0,1,2,3,5,7,8,13	2815	19662843	0.00014316342758776034
4	straight	mask_21b7	0,1,2,4,5,7,8,13	712	19662843	3.6210429997330501e-05
4	straight	mask_21bb	0,1,3,4,5,7,8,13	21	19662843	1.0680042555392422e-06
4	straight	mask_21bd	0,2,3,4,5,7,8,13	49	19662843	2.4920099295915652e-06
4	straight	mask_21be	1,2,3,4,5,7,8,13	293	19662843	1.4901202232047523e-05
4	straight	mask_21cf	0,1,2,3,6,7,8,13	6689	19662843	0.00034018478406199956
4	straight	mask_21d7	0,1,2,4,6,7,8,13	186	19662843	9.4594662633475731e-06
4	straight	mask_21db	0,1,3,4,6,7,8,13	27	19662843	1.3731483285504543e-06
4	straight	mask_21dd	0,2,3,4,6,7,8,13	5	19662843	2.5428672750934338e-07
4	straight	mask_21de	1,2,3,4,6,7,8,13	155	19662843	7.8828885527896451e-06
4	straight	mask_21e7	0,1,2,5,6,7,8,13	3644	19662843	0.00018532416700880945
4	straight	mask_21eb	0,1,3,5,6,7,8,13	218	19662843	1.1086901319407371e-05
4	straight	mask_21ed	0,2,3,5,6,7,8,13	500	19662843	2.5428672750934338e-05
4	straight	mask_21ee	1,2,3,5,6,7,8,13	1326	19662843	6.7436840135477865e-05
4	straight	mask_21f3	0,1,4,5,6,7,8,13	1246	19662843	6.3368252495328377e-05
4	straight	mask_21f5	0,2,4,5,6,7,8,13	396	19662843	2.0139508818739995e-05
4	straight	mask_21f6	1,2,4,5,6,7,8,13	959	19662843	4.877219433629206e-05
4	straight	mask_21f9	0,3,4,5,6,7,8,13	50	19662843	2.5428672750934339e-06
4	straight	mask_21fa	1,3,4,5,6,7,8,13	104	19662843	5.2891639321943425e-06
4	straight	mask_21fc	2,3,4,5,6,7,8,13	91	19662843	4.6280184406700492e-06
4	straight	mask_229f	0,1,2,3,4,7,9,13	423	19662843	2.1512657147290451e-05
4	straight	mask_22bb	0,1,3,4,5,7,9,13	43	19662843	2.1868658565803531e-06
4	straight	mask_22bd	0,2,3,4,5,7,9,13	167	19662843	8.4931766988120694e-06
4	straight	mask_22be	1,2,3,4,5,7,9,13	285	19662843	1.4494343468032573e-05
4	straight	mask_22d7	0,1,2,4,6,7,9,13	276	19662843	1.4036627358515754e-05
4	straight	mask_22db	0,1,3,4,6,7,9,13	54	19662843	2.7462966571009086e-06
4	straight	mask_22dd	0,2,3,4,6,7,9,13	55	19662843	2.7971540026027773e-06
4	straight	mask_22de	1,2,3,4,6,7,9,13	399	19662843	2.0292080855245603e-05
4	straight	mask_22f3	0,1,4,5,6,7,9,13	654	19662843	3.3260703958222115e-05
4	straight	mask_22f5	0,2,4,5,6,7,9,13	691	19662843	3.5142425741791258e-05
4	straight	mask_22f6	1,2,4,5,6,7,9,13	1752	19662843	8.9102069319273928e-05
4	straight	mask_22f9	0,3,4,5,6,7,9,13	174	19662843	8.8491781173251506e-06
4	straight	mask_22fa	1,3,4,5,6,7,9,13	275	19662843	1.3985770013013886e-05
4	straight	mask_22fc	2,3,4,5,6,7,9,13	637	19662843	3.2396129084690344e-05
4	straight	mask_238f	0,1,2,3,7,8,9,13	59	19662843	3.0005833846102521e-06
4	straight	mask_239b	0,1,3,4,7,8,9,13	1	19662843	5.085734550186868e-08
4	straight	mask_239d	0,2,3,4,7,8,9,13	2	19662843	1.0171469100373736e-07
4	straight	mask_239e	1,2,3,4,7,8,9,13	37	19662843	1.881721783569141e-06
4	straight	mask_23ab	0,1,3,5,7,8,9,13	4	19662843	2.0342938200747472e-07
4	straight	mask_23ad	0,2,3,5,7,8,9,13	98	19662843	4.9840198591831304e-06
4	straight	mask_23ae	1,2,3,5,7,8,9,13	59	19662843	3.0005833846102521e-06
4	straight	mask_23b9	0,3,4,5,7,8,9,13	7	19662843	3.5600141851308075e-07
4	straight	mask_23ba	1,3,4,5,7,8,9,13	10	19662843	5.0857345501868676e-07
4	straight	mask_23bc	2,3,4,5,7,8,9,13	39	19662843	1.9834364745728783e-06
4	straight	mask_23c7	0,1,2,6,7,8,9,13	120	19662843	6.1028814602242415e-06
4	straight	mask_23cb	0,1,3,6,7,8,9,13	16	19662843	8.1371752802989888e-07
4	straight	mask_23cd	0,2,3,6,7,8,9,13	96	19662843	4.882305168179393e-06
4	straight	mask_23ce	1,2,3,6,7,8,9,13	178	19662843	9.0526074993326253e-06
4	straight	mask_23d6	1,2,4,6,7,8,9,13	59	19662843	3.0005833846102521e-06
4	straight	mask_23d9	0,3,4,6,7,8,9,13	11	19662843	5.5943080052055544e-07
4	straight	mask_23da	1,3,4,6,7,8,9,13	69	19662843	3.5091568396289385e-06
4	straight	mask_23dc	2,3,4,6,7,8,9,13	60	19662843	3.0514407301121208e-06
4	straight	mask_23e5	0,2,5,6,7,8,9,13	133	19662843	6.764026951748534e-06
4	straight	mask_23e6	1,2,5,6,7,8,9,13	657	19662843	3.3413275994727723e-05
4	straight	mask_23e9	0,3,5,6,7,8,9,13	87	19662843	4.4245890586625753e-06
4	straight	mask_23ea	1,3,5,6,7,8,9,13	160	19662843	8.1371752802989881e-06
4	straight	mask_23ec	2,3,5,6,7,8,9,13	481	19662843	2.4462383186398834e-05
4	straight	mask_249f	0,1,2,3,4,7,10,13	32	19662843	1.6274350560597978e-06
4	straight	mask_24b7	0,1,2,4,5,7,10,13	140	19662843	7.1200283702616144e-06
4	straight	mask_24bb	0,1,3,4,5,7,10,13	27	19662843	1.3731483285504543e-06
4	straight	mask_24bd	0,2,3,4,5,7,10,13	7	19662843	3.5600141851308075e-07
4	straight	mask_24be	1,2,3,4,5,7,10,13	69	19662843	3.5091568396289385e-06
4	straight	mask_24d7	0,1,2,4,6,7,10,13	67	19662843	3.4074421486252011e-06
4	straight	mask_24db	0,1,3,4,6,7,10,13	5	19662843	2.5428672750934338e-07
4	straight	mask_24dd	0,2,3,4,6,7,10,13	9	19662843	4.5771610951681807e-07
4	straight	mask_24de	1,2,3,4,6,7,10,13	243	19662843	1.2358334956954088e-05
4	straight	mask_24f3	0,1,4,5,6,7,10,13	341	19662843	1.734235481613722e-05
4	straight	mask_24f5	0,2,4,5,6,7,10,13	98	19662843	4.9840198591831304e-06
4	straight	mask_24f6	1,2,4,5,6,7,10,13	741	19662843	3.7685293016884691e-05
4	straight	mask_24f9	0,3,4,5,6,7,10,13	36	19662843	1.8308644380672723e-06
4	straight	mask_24fa	1,3,4,5,6,7,10,13	136	19662843	6.9165989882541397e-06
4	straight	mask_24fc	2,3,4,5,6,7,10,13	417	19662843	2.1207513074279238e-05
4	straight	mask_258f	0,1,2,3,7,8,10,13	18	19662843	9.1543221903363614e-07
4	straight	mask_25a7	0,1,2,5,7,8,10,13	24	19662843	1.2205762920448483e-06
4	straight	mask_25ab	0,1,3,5,7,8,10,13	1	19662843	5.085734550186868e-08
4	straight	mask_25ad	0,2,3,5,7,8,10,13	3	19662843	1.5257203650560603e-07
4	straight	mask_25ae	1,2,3,5,7,8,10,13	4	19662843	2.0342938200747472e-07
4	straight	mask_25b6	1,2,4,5,7,8,10,13	16	19662843	8.1371752802989888e-07
4	straight	mask_25ba	1,3,4,5,7,8,10,13	5	19662843	2.5428672750934338e-07
4	straight	mask_25bc	2,3,4,5,7,8,10,13	2	19662843	1.0171469100373736e-07
4	straight	mask_25c7	0,1,2,6,7,8,10,13	36	19662843	1.8308644380672723e-06
4	straight	mask_25cb	0,1,3,6,7,8,10,13	4	19662843	2.0342938200747472e-07
4	straight	mask_25cd	0,2,3,6,7,8,10,13	9	19662843	4.5771610951681807e-07
4	straight	mask_25ce	1,2,3,6,7,8,10,13	33	19662843	1.6782924015616664e-06
4	straight	mask_25d3	0,1,4,6,7,8,10,13	9	19662843	4.5771610951681807e-07
4	straight	mask_25d5	0,2,4,6,7,8,10,13	13	19662843	6.6114549152429282e-07
4	straight	mask_25d6	1,2,4,6,7,8,10,13	13	19662843	6.6114549152429282e-07
4	straight	mask_25d9	0,3,4,6,7,8,10,13	2	19662843	1.0171469100373736e-07
4	straight	mask_25da	1,3,4,6,7,8,10,13	9	19662843	4.5771610951681807e-07
4	straight	mask_25dc	2,3,4,6,7,8,10,13	7	19662843	3.5600141851308075e-07
4	straight	mask_25e3	0,1,5,6,7,8,10,13	121	19662843	6.1537388057261098e-06
4	straight	mask_25e5	0,2,5,6,7,8,10,13	44	19662843	2.2377232020822218e-06
4	straight	mask_25e6	1,2,5,6,7,8,10,13	178	19662843	9.0526074993326253e-06
4	straight	mask_25e9	0,3,5,6,7,8,10,13	11	19662843	5.5943080052055544e-07
4	straight	mask_25ea	1,3,5,6,7,8,10,13	37	19662843	1.881721783569141e-06
4	straight	mask_25ec	2,3,5,6,7,8,10,13	73	19662843	3.7125862216364133e-06
4	straight	mask_25f2	1,4,5,6,7,8,10,13	151	19662843	7.6794591707821704e-06
4	straight	mask_25f4	2,4,5,6,7,8,10,13	49	19662843	2.4920099295915652e-06
4	straight	mask_269b	0,1,3,4,7,9,10,13	2	19662843	1.0171469100373736e-07
4	straight	mask_269d	0,2,3,4,7,9,10,13	9	19662843	4.5771610951681807e-07
4	straight	mask_269e	1,2,3,4,7,9,10,13	2	19662843	1.0171469100373736e-07
4	straight	mask_26b9	0,3,4,5,7,9,10,13	19	19662843	9.6628956453550483e-07
4	straight	mask_26ba	1,3,4,5,7,9,10,13	19	19662843	9.6628956453550483e-07
4	straight	mask_26bc	2,3,4,5,7,9,10,13	42	19662843	2.1360085110784844e-06
4	straight	mask_26d3	0,1,4,6,7,9,10,13	39	19662843	1.9834364745728783e-06
4	straight	mask_26d5	0,2,4,6,7,9,10,13	72	19662843	3.6617288761345446e-06
4	straight	mask_26d6	1,2,4,6,7,9,10,13	171	19662843	8.6966060808195441e-06
4	straight	mask_26d9	0,3,4,6,7,9,10,13	84	19662843	4.2720170221569688e-06
4	straight	mask_26da	1,3,4,6,7,9,10,13	136	19662843	6.9165989882541397e-06
4	straight	mask_26dc	2,3,4,6,7,9,10,13	207	19662843	1.0527470518886817e-05
4	straight	mask_26f2	1,4,5,6,7,9,10,13	615	19662843	3.1277267483649236e-05
4	straight	mask_26f4	2,4,5,6,7,9,10,13	1038	19662843	5.2789924630939684e-05
4	straight	mask_278d	0,2,3,7,8,9,10,13	2	19662843	1.0171469100373736e-07
4	straight	mask_278e	1,2,3,7,8,9,10,13	9	19662843	4.5771610951681807e-07
4	straight	mask_2799	0,3,4,7,8,9,10,13	5	19662843	2.5428672750934338e-07
4	straight	mask_279a	1,3,4,7,8,9,10,13	1	19662843	5.085734550186868e-08
4	straight	mask_279c	2,3,4,7,8,9,10,13	4	19662843	2.0342938200747472e-07
4	straight	mask_27a9	0,3,5,7,8,9,10,13	7	19662843	3.5600141851308075e-07
4	straight	mask_27aa	1,3,5,7,8,9,10,13	21	19662843	1.0680042555392422e-06
4	straight	mask_27ac	2,3,5,7,8,9,10,13	12	19662843	6.1028814602242413e-07
4	straight	mask_27c5	0,2,6,7,8,9,10,13	13	19662843	6.6114549152429282e-07
4	straight	mask_27c6	1,2,6,7,8,9,10,13	117	19662843	5.950309423718635e-06
4	straight	mask_27c9	0,3,6,7,8,9,10,13	16	19662843	8.1371752802989888e-07
4	straight	mask_27ca	1,3,6,7,8,9,10,13	36	19662843	1.8308644380672723e-06
4	straight	mask_27e4	2,5,6,7,8,9,10,13	248	19662843	1.2612621684463433e-05
4	straight	mask_283f	0,1,2,3,4,5,11,13	514	19662843	2.6140675587960501e-05
4	straight	mask_285f	0,1,2,3,4,6,11,13	105	19662843	5.3400212776962108e-06
4	straight	mask_2877	0,1,2,4,5,6,11,13	447	19662843	2.27332334393353e-05
4	straight	mask_287b	0,1,3,4,5,6,11,13	96	19662843	4.882305168179393e-06
4	straight	mask_287d	0,2,3,4,5,6,11,13	50	19662843	2.5428672750934339e-06
4	straight	mask_287e	1,2,3,4,5,6,11,13	411	19662843	2.0902369001268025e-05
4	straight	mask_289f	0,1,2,3,4,7,11,13	7	19662843	3.5600141851308075e-07
4	straight	mask_28b7	0,1,2,4,5,7,11,13	38	19662843	1.9325791290710097e-06
4	straight	mask_28bb	0,1,3,4,5,7,11,13	1	19662843	5.085734550186868e-08
4	straight	mask_28bd	0,2,3,4,5,7,11,13	19	19662843	9.6628956453550483e-07
4	straight	mask_28be	1,2,3,4,5,7,11,13	20	19662843	1.0171469100373735e-06
4	straight	mask_28d7	0,1,2,4,6,7,11,13	18	19662843	9.1543221903363614e-07
4	straight	mask_28dd	0,2,3,4,6,7,11,13	5	19662843	2.5428672750934338e-07
4	straight	mask_28de	1,2,3,4,6,7,11,13	24	19662843	1.2205762920448483e-06
4	straight	mask_28f3	0,1,4,5,6,7,11,13	32	19662843	1.6274350560597978e-06
4	straight	mask_28f5	0,2,4,5,6,7,11,13	35	19662843	1.7800070925654036e-06
4	straight	mask_28f6	1,2,4,5,6,7,11,13	234	19662843	1.190061884743727e-05
4	straight	mask_28f9	0,3,4,5,6,7,11,13	15	19662843	7.6286018252803019e-07
4	straight	mask_28fa	1,3,4,5,6,7,11,13	27	19662843	1.3731483285504543e-06
4	straight	mask_28fc	2,3,4,5,6,7,11,13	165	19662843	8.3914620078083311e-06
4	straight	mask_291f	0,1,2,3,4,8,11,13	4	19662843	2.0342938200747472e-07
4	straight	mask_292f	0,1,2,3,5,8,11,13	4	19662843	2.0342938200747472e-07
4	straight	mask_293d	0,2,3,4,5,8,11,13	4	19662843	2.0342938200747472e-07
4	straight	mask_293e	1,2,3,4,5,8,11,13	14	19662843	7.120028370261615e-07
4	straight	mask_294f	0,1,2,3,6,8,11,13	1	19662843	5.085734550186868e-08
4	straight	mask_295e	1,2,3,4,6,8,11,13	2	19662843	1.0171469100373736e-07
4	straight	mask_2967	0,1,2,5,6,8,11,13	9	19662843	4.5771610951681807e-07
4	straight	mask_296b	0,1,3,5,6,8,11,13	4	19662843	2.0342938200747472e-07
4	straight	mask_296d	0,2,3,5,6,8,11,13	5	19662843	2.5428672750934338e-07
4	straight	mask_296e	1,2,3,5,6,8,11,13	6	19662843	3.0514407301121207e-07
4	straight	mask_2975	0,2,4,5,6,8,11,13	26	19662843	1.3222909830485856e-06
4	straight	mask_2976	1,2,4,5,6,8,11,13	51	19662843	2.5937246205953026e-06
4	straight	mask_2979	0,3,4,5,6,8,11,13	10	19662843	5.0857345501868676e-07
4	straight	mask_297a	1,3,4,5,6,8,11,13	6	19662843	3.0514407301121207e-07
4	straight	mask_297c	2,3,4,5,6,8,11,13	6	19662843	3.0514407301121207e-07
4	straight	mask_29a7	0,1,2,5,7,8,11,13	2	19662843	1.0171469100373736e-07
4	straight	mask_29ad	0,2,3,5,7,8,11,13	6	19662843	3.0514407301121207e-07
4	straight	mask_29b3	0,1,4,5,7,8,11,13	5	19662843	2.5428672750934338e-07
4	straight	mask_29b6	1,2,4,5,7,8,11,13	3	19662843	1.5257203650560603e-07
4	straight	mask_29bc	2,3,4,5,7,8,11,13	3	19662843	1.5257203650560603e-07
4	straight	mask_29c7	0,1,2,6,7,8,11,13	4	19662843	2.0342938200747472e-07
4	straight	mask_29cd	0,2,3,6,7,8,11,13	1	19662843	5.085734550186868e-08
4	straight	mask_29ce	1,2,3,6,7,8,11,13	1	19662843	5.085734550186868e-08
4	straight	mask_29dc	2,3,4,6,7,8,11,13	16	19662843	8.1371752802989888e-07
4	straight	mask_29e3	0,1,5,6,7,8,11,13	6	19662843	3.0514407301121207e-07
4	straight	mask_29e5	0,2,5,6,7,8,11,13	10	19662843	5.0857345501868676e-07
4	straight	mask_29e6	1,2,5,6,7,8,11,13	29	19662843	1.4748630195541917e-06
4	straight	mask_29e9	0,3,5,6,7,8,11,13	5	19662843	2.5428672750934338e-07
4	straight	mask_29ea	1,3,5,6,7,8,11,13	3	19662843	1.5257203650560603e-07
4	straight	mask_29f2	1,4,5,6,7,8,11,13	4	19662843	2.0342938200747472e-07
4	straight	mask_29f4	2,4,5,6,7,8,11,13	9	19662843	4.5771610951681807e-07
4	straight	mask_2a1f	0,1,2,3,4,9,11,13	263	19662843	1.3375481866991462e-05
4	straight	mask_2a3b	0,1,3,4,5,9,11,13	16	19662843	8.1371752802989888e-07
4	straight	mask_2a3d	0,2,3,4,5,9,11,13	65	19662843	3.3057274576214642e-06
4	straight	mask_2a3e	1,2,3,4,5,9,11,13	92	19662843	4.6788757861719183e-06
4	straight	mask_2a57	0,1,2,4,6,9,11,13	19	19662843	9.6628956453550483e-07
4	straight	mask_2a5b	0,1,3,4,6,9,11,13	5	19662843	2.5428672750934338e-07
4	straight	mask_2a5d	0,2,3,4,6,9,11,13	23	19662843	1.1697189465429796e-06
4	straight	mask_2a5e	1,2,3,4,6,9,11,13	15	19662843	7.6286018252803019e-07
4	straight	mask_2a75	0,2,4,5,6,9,11,13	261	19662843	1.3273767175987725e-05
4	straight	mask_2a76	1,2,4,5,6,9,11,13	224	19662843	1.1392045392418584e-05
4	straight	mask_2a79	0,3,4,5,6,9,11,13	50	19662843	2.5428672750934339e-06
4	straight	mask_2a7a	1,3,4,5,6,9,11,13	19	19662843	9.6628956453550483e-07
4	straight	mask_2a7c	2,3,4,5,6,9,11,13	100	19662843	5.0857345501868678e-06
4	straight	mask_2a97	0,1,2,4,7,9,11,13	3	19662843	1.5257203650560603e-07
4	straight	mask_2a9d	0,2,3,4,7,9,11,13	1	19662843	5.085734550186868e-08
4	straight	mask_2a9e	1,2,3,4,7,9,11,13	22	19662843	1.1188616010411109e-06
4	straight	mask_2ab3	0,1,4,5,7,9,11,13	6	19662843	3.0514407301121207e-07
4	straight	mask_2ab5	0,2,4,5,7,9,11,13	24	19662843	1.2205762920448483e-06
4	straight	mask_2ab6	1,2,4,5,7,9,11,13	11	19662843	5.5943080052055544e-07
4	straight	mask_2ab9	0,3,4,5,7,9,11,13	1	19662843	5.085734550186868e-08
4	straight	mask_2aba	1,3,4,5,7,9,11,13	2	19662843	1.0171469100373736e-07
4	straight	mask_2abc	2,3,4,5,7,9,11,13	42	19662843	2.1360085110784844e-06
4	straight	mask_2ad3	0,1,4,6,7,9,11,13	6	19662843	3.0514407301121207e-07
4	straight	mask_2ad5	0,2,4,6,7,9,11,13	28	19662843	1.424005674052323e-06
4	straight	mask_2ad6	1,2,4,6,7,9,11,13	45	19662843	2.2885805475840905e-06
4	straight	mask_2ad9	0,3,4,6,7,9,11,13	5	19662843	2.5428672750934338e-07
4	straight	mask_2ada	1,3,4,6,7,9,11,13	17	19662843	8.6457487353176746e-07
4	straight	mask_2adc	2,3,4,6,7,9,11,13	49	19662843	2.4920099295915652e-06
4	straight	mask_2af2	1,4,5,6,7,9,11,13	93	19662843	4.7297331316737866e-06
4	straight	mask_2af4	2,4,5,6,7,9,11,13	218	19662843	1.1086901319407371e-05
4	straight	mask_2b0f	0,1,2,3,8,9,11,13	2	19662843	1.0171469100373736e-07
4	straight	mask_2b1b	0,1,3,4,8,9,11,13	1	19662843	5.085734550186868e-08
4	straight	mask_2b1d	0,2,3,4,8,9,11,13	2	19662843	1.0171469100373736e-07
4	straight	mask_2b1e	1,2,3,4,8,9,11,13	7	19662843	3.5600141851308075e-07
4	straight	mask_2b2b	0,1,3,5,8,9,11,13	2	19662843	1.0171469100373736e-07
4	straight	mask_2b2d	0,2,3,5,8,9,11,13	2	19662843	1.0171469100373736e-07
4	straight	mask_2b2e	1,2,3,5,8,9,11,13	9	19662843	4.5771610951681807e-07
4	straight	mask_2b39	0,3,4,5,8,9,11,13	4	19662843	2.0342938200747472e-07
4	straight	mask_2b3a	1,3,4,5,8,9,11,13	18	19662843	9.1543221903363614e-07
4	straight	mask_2b3c	2,3,4,5,8,9,11,13	11	19662843	5.5943080052055544e-07
4	straight	mask_2b47	0,1,2,6,8,9,11,13	4	19662843	2.0342938200747472e-07
4	straight	mask_2b4b	0,1,3,6,8,9,11,13	1	19662843	5.085734550186868e-08
4	straight	mask_2b4e	1,2,3,6,8,9,11,13	4	19662843	2.0342938200747472e-07
4	straight	mask_2b55	0,2,4,6,8,9,11,13	42	19662843	2.1360085110784844e-06
4	straight	mask_2b56	1,2,4,6,8,9,11,13	25	19662843	1.2714336375467169e-06
4	straight	mask_2b59	0,3,4,6,8,9,11,13	7	19662843	3.5600141851308075e-07
4	straight	mask_2b5a	1,3,4,6,8,9,11,13	2	19662843	1.0171469100373736e-07
4	straight	mask_2b5c	2,3,4,6,8,9,11,13	5	19662843	2.5428672750934338e-07
4	straight	mask_2b65	0,2,5,6,8,9,11,13	47	19662843	2.3902952385878278e-06
4	straight	mask_2b66	1,2,5,6,8,9,11,13	182	19662843	9.2560368813400984e-06
4	straight	mask_2b69	0,3,5,6,8,9,11,13	2	19662843	1.0171469100373736e-07
4	straight	mask_2b6a	1,3,5,6,8,9,11,13	7	19662843	3.5600141851308075e-07
4	straight	mask_2b74	2,4,5,6,8,9,11,13	396	19662843	2.0139508818739995e-05
4	straight	mask_2b87	0,1,2,7,8,9,11,13	1	19662843	5.085734550186868e-08
4	straight	mask_2b8d	0,2,3,7,8,9,11,13	2	19662843	1.0171469100373736e-07
4	straight	mask_2b8e	1,2,3,7,8,9,11,13	3	19662843	1.5257203650560603e-07
4	straight	mask_2b93	0,1,4,7,8,9,11,13	1	19662843	5.085734550186868e-08
4	straight	mask_2b95	0,2,4,7,8,9,11,13	3	19662843	1.5257203650560603e-07
4	straight	mask_2b96	1,2,4,7,8,9,11,13	2	19662843	1.0171469100373736e-07
4	straight	mask_2ba3	0,1,5,7,8,9,11,13	3	19662843	1.5257203650560603e-07
4	straight	mask_2ba5	0,2,5,7,8,9,11,13	1	19662843	5.085734550186868e-08
4	straight	mask_2ba6	1,2,5,7,8,9,11,13	4	19662843	2.0342938200747472e-07
4	straight	mask_2bb2	1,4,5,7,8,9,11,13	7	19662843	3.5600141851308075e-07
4	straight	mask_2bb4	2,4,5,7,8,9,11,13	15	19662843	7.6286018252803019e-07
4	straight	mask_2bc3	0,1,6,7,8,9,11,13	1	19662843	5.085734550186868e-08
4	straight	mask_2bc5	0,2,6,7,8,9,11,13	4	19662843	2.0342938200747472e-07
4	straight	mask_2bc6	1,2,6,7,8,9,11,13	9	19662843	4.5771610951681807e-07
4	straight	mask_2bc9	0,3,6,7,8,9,11,13	1	19662843	5.085734550186868e-08
4	straight	mask_2bd2	1,4,6,7,8,9,11,13	7	19662843	3.5600141851308075e-07
4	straight	mask_2bd4	2,4,6,7,8,9,11,13	8	19662843	4.0685876401494944e-07
4	straight	mask_2be2	1,5,6,7,8,9,11,13	62	19662843	3.1531554211158581e-06
4	straight	mask_2c1f	0,1,2,3,4,10,11,13	41	19662843	2.0851511655766157e-06
4	straight	mask_2c3b	0,1,3,4,5,10,11,13	21	19662843	1.0680042555392422e-06
4	straight	mask_2c3d	0,2,3,4,5,10,11,13	17	19662843	8.6457487353176746e-07
4	straight	mask_2c57	0,1,2,4,6,10,11,13	8	19662843	4.0685876401494944e-07
4	straight	mask_2c5b	0,1,3,4,6,10,11,13	8	19662843	4.0685876401494944e-07
4	straight	mask_2c5d	0,2,3,4,6,10,11,13	3	19662843	1.5257203650560603e-07
4	straight	mask_2c75	0,2,4,5,6,10,11,13	36	19662843	1.8308644380672723e-06
4	straight	mask_2c79	0,3,4,5,6,10,11,13	12	19662843	6.1028814602242413e-07
4	straight	mask_2cb3	0,1,4,5,7,10,11,13	5	19662843	2.5428672750934338e-07
4	straight	mask_2cb5	0,2,4,5,7,10,11,13	6	19662843	3.0514407301121207e-07
4	straight	mask_2cd3	0,1,4,6,7,10,11,13	8	19662843	4.0685876401494944e-07
4	straight	mask_2cd5	0,2,4,6,7,10,11,13	2	19662843	1.0171469100373736e-07
4	straight	mask_2cd9	0,3,4,6,7,10,11,13	5	19662843	2.5428672750934338e-07
4	straight	mask_2d1e	1,2,3,4,8,10,11,13	16	19662843	8.1371752802989888e-07
4	straight	mask_2d2d	0,2,3,5,8,10,11,13	1	19662843	5.085734550186868e-08
4	straight	mask_2d2e	1,2,3,5,8,10,11,13	8	19662843	4.0685876401494944e-07
4	straight	mask_2d39	0,3,4,5,8,10,11,13	2	19662843	1.0171469100373736e-07
4	straight	mask_2d3a	1,3,4,5,8,10,11,13	5	19662843	2.5428672750934338e-07
4	straight	mask_2d3c	2,3,4,5,8,10,11,13	2	19662843	1.0171469100373736e-07
4	straight	mask_2d47	0,1,2,6,8,10,11,13	2	19662843	1.0171469100373736e-07
4	straight	mask_2d55	0,2,4,6,8,10,11,13	89	19662843	4.5263037496663127e-06
4	straight	mask_2d56	1,2,4,6,8,10,11,13	1	19662843	5.085734550186868e-08
4	straight	mask_2d59	0,3,4,6,8,10,11,13	3	19662843	1.5257203650560603e-07
4	straight	mask_2d5a	1,3,4,6,8,10,11,13	2	19662843	1.0171469100373736e-07
4	straight	mask_2d5c	2,3,4,6,8,10,11,13	1	19662843	5.085734550186868e-08
4	straight	mask_2d65	0,2,5,6,8,10,11,13	5	19662843	2.5428672750934338e-07
4	straight	mask_2d66	1,2,5,6,8,10,11,13	221	19662843	1.1239473355912978e-05
4	straight	mask_2d69	0,3,5,6,8,10,11,13	2	19662843	1.0171469100373736e-07
4	straight	mask_2d6a	1,3,5,6,8,10,11,13	7	19662843	3.5600141851308075e-07
4	straight	mask_2d74	2,4,5,6,8,10,11,13	56	19662843	2.848011348104646e-06
4	straight	mask_2d95	0,2,4,7,8,10,11,13	10	19662843	5.0857345501868676e-07
4	straight	mask_2d99	0,3,4,7,8,10,11,13	1	19662843	5.085734550186868e-08
4	straight	mask_2d9c	2,3,4,7,8,10,11,13	1	19662843	5.085734550186868e-08
4	straight	mask_2da3	0,1,5,7,8,10,11,13	9	19662843	4.5771610951681807e-07
4	straight	mask_2da6	1,2,5,7,8,10,11,13	5	19662843	2.5428672750934338e-07
4	straight	mask_2db4	2,4,5,7,8,10,11,13	1	19662843	5.085734550186868e-08
4	straight	mask_2dc3	0,1,6,7,8,10,11,13	14	19662843	7.120028370261615e-07
4	straight	mask_2dc5	0,2,6,7,8,10,11,13	4	19662843	2.0342938200747472e-07
4	straight	mask_2dc9	0,3,6,7,8,10,11,13	1	19662843	5.085734550186868e-08
4	straight	mask_2dd2	1,4,6,7,8,10,11,13	4	19662843	2.0342938200747472e-07
4	straight	mask_2e1b	0,1,3,4,9,10,11,13	1	19662843	5.085734550186868e-08
4	straight	mask_2e1d	0,2,3,4,9,10,11,13	7	19662843	3.5600141851308075e-07
4	straight	mask_2e39	0,3,4,5,9,10,11,13	15	19662843	7.6286018252803019e-07
4	straight	mask_2e3a	1,3,4,5,9,10,11,13	20	19662843	1.0171469100373735e-06
4	straight	mask_2e3c	2,3,4,5,9,10,11,13	62	19662843	3.1531554211158581e-06
4	straight	mask_2e59	0,3,4,6,9,10,11,13	61	19662843	3.1022980756139894e-06
4	straight	mask_2e74	2,4,5,6,9,10,11,13	247	19662843	1.2561764338961563e-05
4	straight	mask_2e93	0,1,4,7,9,10,11,13	6	19662843	3.0514407301121207e-07
4	straight	mask_2e95	0,2,4,7,9,10,11,13	3	19662843	1.5257203650560603e-07
4	straight	mask_2e99	0,3,4,7,9,10,11,13	1	19662843	5.085734550186868e-08
4	straight	mask_2f0b	0,1,3,8,9,10,11,13	1	19662843	5.085734550186868e-08
4	straight	mask_2f19	0,3,4,8,9,10,11,13	4	19662843	2.0342938200747472e-07
4	straight	mask_2f1a	1,3,4,8,9,10,11,13	2	19662843	1.0171469100373736e-07
4	straight	mask_2f1c	2,3,4,8,9,10,11,13	2	19662843	1.0171469100373736e-07
4	straight	mask_2f29	0,3,5,8,9,10,11,13	1	19662843	5.085734550186868e-08
4	straight	mask_2f2a	1,3,5,8,9,10,11,13	11	19662843	5.5943080052055544e-07
4	straight	mask_2f85	0,2,7,8,9,10,11,13	1	19662843	5.085734550186868e-08
4	straight	mask_2f89	0,3,7,8,9,10,11,13	2	19662843	1.0171469100373736e-07
4	straight	mask_30af	0,1,2,3,5,7,12,13	5	19662843	2.5428672750934338e-07
4	straight	mask_30be	1,2,3,4,5,7,12,13	1	19662843	5.085734550186868e-08
4	straight	mask_30cf	0,1,2,3,6,7,12,13	26	19662843	1.3222909830485856e-06
4	straight	mask_30db	0,1,3,4,6,7,12,13	1	19662843	5.085734550186868e-08
4	straight	mask_30de	1,2,3,4,6,7,12,13	5	19662843	2.5428672750934338e-07
4	straight	mask_30ed	0,2,3,5,6,7,12,13	15	19662843	7.6286018252803019e-07
4	straight	mask_30f9	0,3,4,5,6,7,12,13	1	19662843	5.085734550186868e-08
4	straight	mask_30fa	1,3,4,5,6,7,12,13	3	19662843	1.5257203650560603e-07
4	straight	mask_30fc	2,3,4,5,6,7,12,13	6	19662843	3.0514407301121207e-07
4	straight	mask_318f	0,1,2,3,7,8,12,13	2	19662843	1.0171469100373736e-07
4	straight	mask_31ad	0,2,3,5,7,8,12,13	4	19662843	2.0342938200747472e-07
4	straight	mask_31ae	1,2,3,5,7,8,12,13	2	19662843	1.0171469100373736e-07
4	straight	mask_31cb	0,1,3,6,7,8,12,13	2	19662843	1.0171469100373736e-07
4	straight	mask_31ce	1,2,3,6,7,8,12,13	5	19662843	2.5428672750934338e-07
4	straight	mask_31d9	0,3,4,6,7,8,12,13	12	19662843	6.1028814602242413e-07
4	straight	mask_31da	1,3,4,6,7,8,12,13	13	19662843	6.6114549152429282e-07
4	straight	mask_31dc	2,3,4,6,7,8,12,13	1	19662843	5.085734550186868e-08
4	straight	mask_31e9	0,3,5,6,7,8,12,13	7	19662843	3.5600141851308075e-07
4	straight	mask_31ea	1,3,5,6,7,8,12,13	13	19662843	6.6114549152429282e-07
4	straight	mask_31ec	2,3,5,6,7,8,12,13	9	19662843	4.5771610951681807e-07
4	straight	mask_32cb	0,1,3,6,7,9,12,13	2	19662843	1.0171469100373736e-07
4	straight	mask_32cd	0,2,3,6,7,9,12,13	20	19662843	1.0171469100373735e-06
4	straight	mask_32da	1,3,4,6,7,9,12,13	14	19662843	7.120028370261615e-07
4	straight	mask_32dc	2,3,4,6,7,9,12,13	25	19662843	1.2714336375467169e-06
4	straight	mask_32e9	0,3,5,6,7,9,12,13	5	19662843	2.5428672750934338e-07
4	straight	mask_33cc	2,3,6,7,8,9,12,13	14	19662843	7.120028370261615e-07
4	straight	mask_348f	0,1,2,3,7,10,12,13	3	19662843	1.5257203650560603e-07
4	straight	mask_34cd	0,2,3,6,7,10,12,13	1	19662843	5.085734550186868e-08
4	straight	mask_34da	1,3,4,6,7,10,12,13	1	19662843	5.085734550186868e-08
4	straight	mask_34dc	2,3,4,6,7,10,12,13	6	19662843	3.0514407301121207e-07
4	straight	mask_34e9	0,3,5,6,7,10,12,13	4	19662843	2.0342938200747472e-07
4	straight	mask_36c9	0,3,6,7,9,10,12,13	2	19662843	1.0171469100373736e-07
4	straight	mask_381f	0,1,2,3,4,11,12,13	1	19662843	5.085734550186868e-08
4	straight	mask_383b	0,1,3,4,5,11,12,13	1	19662843	5.085734550186868e-08
4	straight	mask_387a	1,3,4,5,6,11,12,13	1	19662843	5.085734550186868e-08
4	straight	mask_387c	2,3,4,5,6,11,12,13	3	19662843	1.5257203650560603e-07
4	straight	mask_388f	0,1,2,3,7,11,12,13	4	19662843	2.0342938200747472e-07
4	straight	mask_38ad	0,2,3,5,7,11,12,13	1	19662843	5.085734550186868e-08
4	straight	mask_38ba	1,3,4,5,7,11,12,13	1	19662843	5.085734550186868e-08
4	straight	mask_38bc	2,3,4,5,7,11,12,13	2	19662843	1.0171469100373736e-07
4	straight	mask_38c7	0,1,2,6,7,11,12,13	1	19662843	5.085734550186868e-08
4	straight	mask_38d6	1,2,4,6,7,11,12,13	1	19662843	5.085734550186868e-08
4	straight	mask_38dc	2,3,4,6,7,11,12,13	2	19662843	1.0171469100373736e-07
4	straight	mask_38e3	0,1,5,6,7,11,12,13	3	19662843	1.5257203650560603e-07
4	straight	mask_38e5	0,2,5,6,7,11,12,13	1	19662843	5.085734550186868e-08
4	straight	mask_3969	0,3,5,6,8,11,12,13	2	19662843	1.0171469100373736e-07
4	straight	mask_3a1e	1,2,3,4,9,11,12,13	12	19662843	6.1028814602242413e-07
4	straight	mask_3a2b	0,1,3,5,9,11,12,13	1	19662843	5.085734550186868e-08
4	straight	mask_3a2d	0,2,3,5,9,11,12,13	2	19662843	1.0171469100373736e-07
4	straight	mask_3a3a	1,3,4,5,9,11,12,13	3	19662843	1.5257203650560603e-07
4	straight	mask_3a4d	0,2,3,6,9,11,12,13	1	19662843	5.085734550186868e-08
4	straight	mask_3a59	0,3,4,6,9,11,12,13	1	19662843	5.085734550186868e-08
4	straight	mask_3a5a	1,3,4,6,9,11,12,13	1	19662843	5.085734550186868e-08
4	straight	mask_3a5c	2,3,4,6,9,11,12,13	1	19662843	5.085734550186868e-08
4	straight	mask_3a96	1,2,4,7,9,11,12,13	2	19662843	1.0171469100373736e-07
4	straight	mask_3aa5	0,2,5,7,9,11,12,13	2	19662843	1.0171469100373736e-07
4	straight	mask_3ac3	0,1,6,7,9,11,12,13	13	19662843	6.6114549152429282e-07
4	straight	mask_3ac5	0,2,6,7,9,11,12,13	4	19662843	2.0342938200747472e-07
4	straight	mask_3b0e	1,2,3,8,9,11,12,13	1	19662843	5.085734550186868e-08
4	straight	mask_3b2a	1,3,5,8,9,11,12,13	1	19662843	5.085734550186868e-08
4	straight	mask_3b85	0,2,7,8,9,11,12,13	1	19662843	5.085734550186868e-08
4	straight	mask_3c2b	0,1,3,5,10,11,12,13	1	19662843	5.085734550186868e-08
4	straight	mask_3c39	0,3,4,5,10,11,12,13	4	19662843	2.0342938200747472e-07
4	straight	mask_3c3a	1,3,4,5,10,11,12,13	12	19662843	6.1028814602242413e-07
4	straight	mask_3c3c	2,3,4,5,10,11,12,13	1	19662843	5.085734550186868e-08
4	straight	mask_3c4b	0,1,3,6,10,11,12,13	1	19662843	5.085734550186868e-08
4	straight	mask_3c5a	1,3,4,6,10,11,12,13	2	19662843	1.0171469100373736e-07
4	straight	mask_3c69	0,3,5,6,10,11,12,13	5	19662843	2.5428672750934338e-07
4	straight	mask_3c87	0,1,2,7,10,11,12,13	2	19662843	1.0171469100373736e-07
4	straight	mask_3c99	0,3,4,7,10,11,12,13	1	19662843	5.085734550186868e-08
4	straight	mask_3ca5	0,2,5,7,10,11,12,13	3	19662843	1.5257203650560603e-07
4	straight	mask_3cc3	0,1,6,7,10,11,12,13	25	19662843	1.2714336375467169e-06
4	straight	mask_3cc5	0,2,6,7,10,11,12,13	9	19662843	4.5771610951681807e-07
4	straight	mask_3cc9	0,3,6,7,10,11,12,13	1	19662843	5.085734550186868e-08
4	straight	mask_3d19	0,3,4,8,10,11,12,13	27	19662843	1.3731483285504543e-06
4	straight	mask_3d1a	1,3,4,8,10,11,12,13	2	19662843	1.0171469100373736e-07
4	straight	mask_3e19	0,3,4,9,10,11,12,13	20	19662843	1.0171469100373735e-06
4	straight	mask_3e1a	1,3,4,9,10,11,12,13	9	19662843	4.5771610951681807e-07
4	straight	mask_3e29	0,3,5,9,10,11,12,13	16	19662843	8.1371752802989888e-07
4	straight	mask_3e49	0,3,6,9,10,11,12,13	2	19662843	1.0171469100373736e-07
4	straight	mask_3e85	0,2,7,9,10,11,12,13	1	19662843	5.085734550186868e-08
4	straight	mask_3f09	0,3,8,9,10,11,12,13	1	19662843	5.085734550186868e-08
4	straight	mask_583e	1,2,3,4,5,11,12,14	1	19662843	5.085734550186868e-08
4	straight	mask_584f	0,1,2,3,6,11,12,14	5	19662843	2.5428672750934338e-07
4	straight	mask_585b	0,1,3,4,6,11,12,14	1	19662843	5.085734550186868e-08
4	straight	mask_588f	0,1,2,3,7,11,12,14	22	19662843	1.1188616010411109e-06
4	straight	mask_58b6	1,2,4,5,7,11,12,14	2	19662843	1.0171469100373736e-07
4	straight	mask_58ba	1,3,4,5,7,11,12,14	1	19662843	5.085734550186868e-08
4	straight	mask_58cd	0,2,3,6,7,11,12,14	1	19662843	5.085734550186868e-08
4	straight	mask_595a	1,3,4,6,8,11,12,14	1	19662843	5.085734550186868e-08
4	straight	mask_5a87	0,1,2,7,9,11,12,14	2	19662843	1.0171469100373736e-07
4	straight	mask_5a99	0,3,4,7,9,11,12,14	1	19662843	5.085734550186868e-08
4	straight	mask_5c4b	0,1,3,6,10,11,12,14	1	19662843	5.085734550186868e-08
4	straight	mask_5c87	0,1,2,7,10,11,12,14	2	19662843	1.0171469100373736e-07
4	straight	mask_5c8b	0,1,3,7,10,11,12,14	1	19662843	5.085734550186868e-08
4	straight	mask_5ca9	0,3,5,7,10,11,12,14	2	19662843	1.0171469100373736e-07
4	straight	mask_5cc5	0,2,6,7,10,11,12,14	3	19662843	1.5257203650560603e-07
4	straight	mask_5e89	0,3,7,9,10,11,12,14	1	19662843	5.085734550186868e-08
4	straight	mask_788b	0,1,3,7,11,12,13,14	2	19662843	1.0171469100373736e-07
5	block2x2	mask_00ff	0,1,2,3,4,5,6,7	8566645	32449139	0.26400222822553165
5	block2x2	mask_017f	0,1,2,3,4,5,6,8	2903187	32449139	0.089468845382923726
5	block2x2	mask_01bf	0,1,2,3,4,5,7,8	56561	32449139	0.0017430662798171624
5	block2x2	mask_01df	0,1,2,3,4,6,7,8	51082	32449139	0.0015742174237658509
5	block2x2	mask_01ef	0,1,2,3,5,6,7,8	548619	32449139	0.016907043357914674
5	block2x2	mask_01f7	0,1,2,4,5,6,7,8	1080791	32449139	0.033307231973088713
5	block2x2	mask_01fb	0,1,3,4,5,6,7,8	29844	32449139	0.00091971623653866442
5	block2x2	mask_01fd	0,2,3,4,5,6,7,8	11667	32449139	0.00035954729029944371
5	block2x2	mask_01fe	1,2,3,4,5,6,7,8	664379	32449139	0.020474472373519681
5	block2x2	mask_027f	0,1,2,3,4,5,6,9	3242513	32449139	0.099926010363479909
5	block2x2	mask_02bf	0,1,2,3,4,5,7,9	76075	32449139	0.0023444381682977784
5	block2x2	mask_02df	0,1,2,3,4,6,7,9	35207	32449139	0.0010849902673842901
5	block2x2	mask_02ef	0,1,2,3,5,6,7,9	3451114	32449139	0.10635456305943895
5	block2x2	mask_02f7	0,1,2,4,5,6,7,9	915023	32449139	0.028198683484329121
5	block2x2	mask_02fb	0,1,3,4,5,6,7,9	34709	32449139	0.0010696431729667773
5	block2x2	mask_02fd	0,2,3,4,5,6,7,9	32856	32449139	0.0010125384220518146
5	block2x2	mask_02fe	1,2,3,4,5,6,7,9	785377	32449139	0.024203323237636597
5	block2x2	mask_033f	0,1,2,3,4,5,8,9	516269	32449139	0.015910098569949731
5	block2x2	mask_035f	0,1,2,3,4,6,8,9	12475	32449139	0.00038444779690456502
5	block2x2	mask_036f	0,1,2,3,5,6,8,9	71020	32449139	0.0021886559147224214
5	block2x2	mask_0377	0,1,2,4,5,6,8,9	4704358	32449139	0.14497635823249425
5	block2x2	mask_037b	0,1,3,4,5,6,8,9	238564	32449139	0.0073519362100794104
5	block2x2	mask_037d	0,2,3,4,5,6,8,9	13754	32449139	0.00042386332654311722
5	block2x2	mask_037e	1,2,3,4,5,6,8,9	110147	32449139	0.0033944506200919537
5	block2x2	mask_039f	0,1,2,3,4,7,8,9	1127	32449139	3.4731275920757098e-05
5	block2x2	mask_03af	0,1,2,3,5,7,8,9	6203	32449139	0.0001911606961281777
5	block2x2	mask_03b7	0,1,2,4,5,7,8,9	380177	32449139	0.011716088984672289
5	block2x2	mask_03bb	0,1,3,4,5,7,8,9	3620	32449139	0.00011155920038433069
5	block2x2	mask_03bd	0,2,3,4,5,7,8,9	892	32449139	2.7489173133376512e-05
5	block2x2	mask_03be	1,2,3,4,5,7,8,9	2527	32449139	7.7875718058343548e-05
5	block2x2	mask_03cf	0,1,2,3,6,7,8,9	8624	32449139	0.00026576976356753256
5	block2x2	mask_03d7	0,1,2,4,6,7,8,9	2981	32449139	9.1866844294389438e-05
5	block2x2	mask_03db	0,1,3,4,6,7,8,9	1043	32449139	3.2142609392501906e-05
5	block2x2	mask_03dd	0,2,3,4,6,7,8,9	83	32449139	2.5578490695854826e-06
5	block2x2	mask_03de	1,2,3,4,6,7,8,9	12880	32449139	0.00039692886766579539
5	block2x2	mask_03e7	0,1,2,5,6,7,8,9	31181	32449139	0.00096091917878005952
5	block2x2	mask_03eb	0,1,3,5,6,7,8,9	2600	32449139	8.0125392541231992e-05
5	block2x2	mask_03ed	0,2,3,5,6,7,8,9	22537	32449139	0.00069453306603913282
5	block2x2	mask_03ee	1,2,3,5,6,7,8,9	137844	32449139	0.0042480017728667623
5	block2x2	mask_03f3	0,1,4,5,6,7,8,9	212340	32449139	0.006543779173925077
5	block2x2	mask_03f5	0,2,4,5,6,7,8,9	9216	32449139	0.00028401369909999768
5	block2x2	mask_03f6	1,2,4,5,6,7,8,9	196740	32449139	0.0060630268186776847
5	block2x2	mask_03f9	0,3,4,5,6,7,8,9	663	32449139	2.0431975098014158e-05
5	block2x2	mask_03fa	1,3,4,5,6,7,8,9	3279	32449139	0.00010105044697796141
5	block2x2	mask_03fc	2,3,4,5,6,7,8,9	30708	32449139	0.00094634252082928918
5	block2x2	mask_053f	0,1,2,3,4,5,8,10	17860	32449139	0.00055039981184092437
5	block2x2	mask_055f	0,1,2,3,4,6,8,10	2666	32449139	8.2159344813432497e-05
5	block2x2	mask_056f	0,1,2,3,5,6,8,10	11018	32449139	0.00033954675962280539
5	block2x2	mask_0577	0,1,2,4,5,6,8,10	138831	32449139	0.0042784186045737608
5	block2x2	mask_057b	0,1,3,4,5,6,8,10	20936	32449139	0.00064519431470893575
5	block2x2	mask_057d	0,2,3,4,5,6,8,10	893	32449139	2.7519990592046218e-05
5	block2x2	mask_057e	1,2,3,4,5,6,8,10	14850	32449139	0.00045763926124511346
5	block2x2	mask_059f	0,1,2,3,4,7,8,10	175	32449139	5.3930552671983071e-06
5	block2x2	mask_05af	0,1,2,3,5,7,8,10	543	32449139	1.6733880057649602e-05
5	block2x2	mask_05b7	0,1,2,4,5,7,8,10	6413	32449139	0.00019763236244881567
5	block2x2	mask_05bb	0,1,3,4,5,7,8,10	175	32449139	5.3930552671983071e-06
5	block2x2	mask_05bd	0,2,3,4,5,7,8,10	66	32449139	2.0339522722005041e-06
5	block2x2	mask_05be	1,2,3,4,5,7,8,10	373	32449139	1.1494912083799819e-05
5	block2x2	mask_05cf	0,1,2,3,6,7,8,10	11440	32449139	0.00035255172718142076
5	block2x2	mask_05d7	0,1,2,4,6,7,8,10	617	32449139	1.9014371999207745e-05
5	block2x2	mask_05db	0,1,3,4,6,7,8,10	382	32449139	1.1772269211827161e-05
5	block2x2	mask_05dd	0,2,3,4,6,7,8,10	17	32449139	5.2389679738497838e-07
5	block2x2	mask_05de	1,2,3,4,6,7,8,10	10647	32449139	0.000328113482456345
5	block2x2	mask_05e7	0,1,2,5,6,7,8,10	6094	32449139	0.00018780159313317989
5	block2x2	mask_05eb	0,1,3,5,6,7,8,10	1181	32449139	3.6395418688921146e-05
5	block2x2	mask_05ed	0,2,3,5,6,7,8,10	6368	32449139	0.00019624557680867895
5	block2x2	mask_05ee	1,2,3,5,6,7,8,10	63549	32449139	0.0019584186810010585
5	block2x2	mask_05f3	0,1,4,5,6,7,8,10	14692	32449139	0.00045277010277530011
5	block2x2	mask_05f5	0,2,4,5,6,7,8,10	690	32449139	2.1264046482096182e-05
5	block2x2	mask_05f6	1,2,4,5,6,7,8,10	27224	32449139	0.00083897449482403833
5	block2x2	mask_05f9	0,3,4,5,6,7,8,10	99	32449139	3.0509284083007564e-06
5	block2x2	mask_05fa	1,3,4,5,6,7,8,10	2663	32449139	8.2066892437423382e-05
5	block2x2	mask_05fc	2,3,4,5,6,7,8,10	10727	32449139	0.00033057887914992137
5	block2x2	mask_063f	0,1,2,3,4,5,9,10	45194	32449139	0.0013927642271186302
5	block2x2	mask_065f	0,1,2,3,4,6,9,10	4102	32449139	0.00012641321546312832
5	block2x2	mask_066f	0,1,2,3,5,6,9,10	40963	32449139	0.0012623755594871099
5	block2x2	mask_0677	0,1,2,4,5,6,9,10	684178	32449139	0.02108462723772116
5	block2x2	mask_067b	0,1,3,4,5,6,9,10	56250	32449139	0.0017334820501708843
5	block2x2	mask_067d	0,2,3,4,5,6,9,10	8685	32449139	0.00026764962854638455
5	block2x2	mask_067e	1,2,3,4,5,6,9,10	73334	32449139	0.002259967514084118
5	block2x2	mask_069f	0,1,2,3,4,7,9,10	67	32449139	2.0647697308702088e-06
5	block2x2	mask_06b7	0,1,2,4,5,7,9,10	17186	32449139	0.00052962884469754344
5	block2x2	mask_06bb	0,1,3,4,5,7,9,10	402	32449139	1.2388618385221253e-05
5	block2x2	mask_06bd	0,2,3,4,5,7,9,10	467	32449139	1.4391753198752052e-05
5	block2x2	mask_06be	1,2,3,4,5,7,9,10	1593	32449139	4.9092211660839446e-05
5	block2x2	mask_06f3	0,1,4,5,6,7,9,10	79542	32449139	0.0024512822975056442
5	block2x2	mask_06f5	0,2,4,5,6,7,9,10	9736	32449139	0.0003000387776082441
5	block2x2	mask_06f6	1,2,4,5,6,7,9,10	63915	32449139	0.0019696978708741704
5	block2x2	mask_06f9	0,3,4,5,6,7,9,10	593	32449139	1.8274752991134833e-05
5	block2x2	mask_071f	0,1,2,3,4,8,9,10	2404	32449139	7.408517064196988e-05
5	block2x2	mask_072f	0,1,2,3,5,8,9,10	1388	32449139	4.2774632633549998e-05
5	block2x2	mask_073b	0,1,3,4,5,8,9,10	21059	32449139	0.00064898486212530942
5	block2x2	mask_073d	0,2,3,4,5,8,9,10	1012	32449139	3.1187268173741065e-05
5	block2x2	mask_073e	1,2,3,4,5,8,9,10	3474	32449139	0.00010705985141855382
5	block2x2	mask_074f	0,1,2,3,6,8,9,10	311	32449139	9.5842296462781341e-06
5	block2x2	mask_0757	0,1,2,4,6,8,9,10	1151	32449139	3.5470894928830007e-05
5	block2x2	mask_075b	0,1,3,4,6,8,9,10	1246	32449139	3.8398553502451942e-05
5	block2x2	mask_075d	0,2,3,4,6,8,9,10	40	32449139	1.2326983467881845e-06
5	block2x2	mask_075e	1,2,3,4,6,8,9,10	590	32449139	1.8182300615125721e-05
5	block2x2	mask_0767	0,1,2,5,6,8,9,10	20661	32449139	0.00063671951357476692
5	block2x2	mask_076b	0,1,3,5,6,8,9,10	1910	32449139	5.8861346059135806e-05
5	block2x2	mask_076d	0,2,3,5,6,8,9,10	1193	32449139	3.6765228192957604e-05
5	block2x2	mask_076e	1,2,3,5,6,8,9,10	6704	32449139	0.00020660024292169972
5	block2x2	mask_0776	1,2,4,5,6,8,9,10	98751	32449139	0.0030432548610919998
5	block2x2	mask_0779	0,3,4,5,6,8,9,10	2856	32449139	8.8014661960676366e-05
5	block2x2	mask_077a	1,3,4,5,6,8,9,10	8760	32449139	0.00026996093794661238
5	block2x2	mask_077c	2,3,4,5,6,8,9,10	4469	32449139	0.0001377232227949099
5	block2x2	mask_078f	0,1,2,3,7,8,9,10	199	32449139	6.1326742752712171e-06
5	block2x2	mask_0797	0,1,2,4,7,8,9,10	113	32449139	3.4823728296766208e-06
5	block2x2	mask_079b	0,1,3,4,7,8,9,10	11	32449139	3.3899204536675071e-07
5	block2x2	mask_079d	0,2,3,4,7,8,9,10	2	32449139	6.1634917339409224e-08
5	block2x2	mask_079e	1,2,3,4,7,8,9,10	30	32449139	9.2452376009113831e-07
5	block2x2	mask_07a7	0,1,2,5,7,8,9,10	411	32449139	1.2665975513248595e-05
5	block2x2	mask_07ab	0,1,3,5,7,8,9,10	18	32449139	5.5471425605468297e-07
5	block2x2	mask_07ad	0,2,3,5,7,8,9,10	192	32449139	5.9169520645832855e-06
5	block2x2	mask_07ae	1,2,3,5,7,8,9,10	221	32449139	6.8106583660047186e-06
5	block2x2	mask_07b3	0,1,4,5,7,8,9,10	29693	32449139	0.00091506280027953905
5	block2x2	mask_07b5	0,2,4,5,7,8,9,10	581	32449139	1.7904943487098378e-05
5	block2x2	mask_07b6	1,2,4,5,7,8,9,10	1759	32449139	5.4207909800010412e-05
5	block2x2	mask_07b9	0,3,4,5,7,8,9,10	30	32449139	9.2452376009113831e-07
5	block2x2	mask_07ba	1,3,4,5,7,8,9,10	118	32449139	3.6364601230251439e-06
5	block2x2	mask_07bc	2,3,4,5,7,8,9,10	179	32449139	5.516325101877125e-06
5	block2x2	mask_07c7	0,1,2,6,7,8,9,10	382	32449139	1.1772269211827161e-05
5	block2x2	mask_07cb	0,1,3,6,7,8,9,10	118	32449139	3.6364601230251439e-06
5	block2x2	mask_07cd	0,2,3,6,7,8,9,10	548	32449139	1.6887967350998125e-05
5	block2x2	mask_07ce	1,2,3,6,7,8,9,10	2548	32449139	7.8522884690407349e-05
5	block2x2	mask_07d3	0,1,4,6,7,8,9,10	679	32449139	2.092505443672943e-05
5	block2x2	mask_07d5	0,2,4,6,7,8,9,10	39	32449139	1.2018808881184798e-06
5	block2x2	mask_07d6	1,2,4,6,7,8,9,10	541	32449139	1.6672245140310194e-05
5	block2x2	mask_07d9	0,3,4,6,7,8,9,10	7	32449139	2.1572221068793229e-07
5	block2x2	mask_07da	1,3,4,6,7,8,9,10	134	32449139	4.1295394617404177e-06
5	block2x2	mask_07dc	2,3,4,6,7,8,9,10	390	32449139	1.2018808881184798e-05
5	block2x2	mask_07e3	0,1,5,6,7,8,9,10	3536	32449139	0.0001089705338560755
5	block2x2	mask_07e5	0,2,5,6,7,8,9,10	2246	32449139	6.9216012172156562e-05
5	block2x2	mask_07e6	1,2,5,6,7,8,9,10	17367	32449139	0.00053520680471676001
5	block2x2	mask_07e9	0,3,5,6,7,8,9,10	356	32449139	1.0971015286414841e-05
5	block2x2	mask_07ea	1,3,5,6,7,8,9,10	2419	32449139	7.4547432522015453e-05
5	block2x2	mask_07ec	2,3,5,6,7,8,9,10	15795	32449139	0.00048676175968798434
5	block2x2	mask_07f1	0,4,5,6,7,8,9,10	4296	32449139	0.00013239180244505101
5	block2x2	mask_07f2	1,4,5,6,7,8,9,10	15800	32449139	0.00048691584698133287
5	block2x2	mask_07f4	2,4,5,6,7,8,9,10	8309	32449139	0.00025606226408657562
5	block2x2	mask_07f8	3,4,5,6,7,8,9,10	2502	32449139	7.7105281591600936e-05
5	block2x2	mask_093f	0,1,2,3,4,5,8,11	4535	32449139	0.0001397571750671104
5	block2x2	mask_095f	0,1,2,3,4,6,8,11	359	32449139	1.1063467662423956e-05
5	block2x2	mask_096f	0,1,2,3,5,6,8,11	302	32449139	9.3068725182507923e-06
5	block2x2	mask_0977	0,1,2,4,5,6,8,11	64398	32449139	0.0019845827034116375
5	block2x2	mask_097b	0,1,3,4,5,6,8,11	1550	32449139	4.7767060938042148e-05
5	block2x2	mask_097d	0,2,3,4,5,6,8,11	128	32449139	3.9446347097221904e-06
5	block2x2	mask_097e	1,2,3,4,5,6,8,11	1304	32449139	4.0185966105294813e-05
5	block2x2	mask_099f	0,1,2,3,4,7,8,11	65	32449139	2.0031348135307999e-06
5	block2x2	mask_09b7	0,1,2,4,5,7,8,11	2844	32449139	8.7644852456639908e-05
5	block2x2	mask_09bd	0,2,3,4,5,7,8,11	43	32449139	1.3251507227972984e-06
5	block2x2	mask_09be	1,2,3,4,5,7,8,11	218	32449139	6.718205989995605e-06
5	block2x2	mask_09f3	0,1,4,5,6,7,8,11	1780	32449139	5.4855076432074207e-05
5	block2x2	mask_09f5	0,2,4,5,6,7,8,11	110	32449139	3.3899204536675072e-06
5	block2x2	mask_09f6	1,2,4,5,6,7,8,11	9065	32449139	0.00027936026284087231
5	block2x2	mask_09f9	0,3,4,5,6,7,8,11	5	32449139	1.5408729334852306e-07
5	block2x2	mask_0b1f	0,1,2,3,4,8,9,11	104	32449139	3.2050157016492795e-06
5	block2x2	mask_0b2f	0,1,2,3,5,8,9,11	61	32449139	1.8798649788519813e-06
5	block2x2	mask_0b37	0,1,2,4,5,8,9,11	14575	32449139	0.00044916446011094468
5	block2x2	mask_0b3b	0,1,3,4,5,8,9,11	335	32449139	1.0323848654351045e-05
5	block2x2	mask_0b3d	0,2,3,4,5,8,9,11	111	32449139	3.4207379123372119e-06
5	block2x2	mask_0b3e	1,2,3,4,5,8,9,11	287	32449139	8.8446106382052232e-06
5	block2x2	mask_0b4f	0,1,2,3,6,8,9,11	47	32449139	1.4484205574761167e-06
5	block2x2	mask_0b57	0,1,2,4,6,8,9,11	142	32449139	4.3760791310980544e-06
5	block2x2	mask_0b5b	0,1,3,4,6,8,9,11	81	32449139	2.4962141522460737e-06
5	block2x2	mask_0b5d	0,2,3,4,6,8,9,11	3	32449139	9.2452376009113837e-08
5	block2x2	mask_0b5e	1,2,3,4,6,8,9,11	54	32449139	1.6641427681640489e-06
5	block2x2	mask_0b67	0,1,2,5,6,8,9,11	1719	32449139	5.2975211453222228e-05
5	block2x2	mask_0b6b	0,1,3,5,6,8,9,11	49	32449139	1.5100554748155259e-06
5	block2x2	mask_0b6d	0,2,3,5,6,8,9,11	70	32449139	2.1572221068793229e-06
5	block2x2	mask_0b6e	1,2,3,5,6,8,9,11	367	32449139	1.1310007331781592e-05
5	block2x2	mask_0b73	0,1,4,5,6,8,9,11	31949	32449139	0.00098458698703839261
5	block2x2	mask_0b75	0,2,4,5,6,8,9,11	1728	32449139	5.3252568581249565e-05
5	block2x2	mask_0b76	1,2,4,5,6,8,9,11	18827	32449139	0.00058020029437452867
5	block2x2	mask_0b79	0,3,4,5,6,8,9,11	444	32449139	1.3682951649348848e-05
5	block2x2	mask_0b7a	1,3,4,5,6,8,9,11	492	32449139	1.5162189665494668e-05
5	block2x2	mask_0b7c	2,3,4,5,6,8,9,11	672	32449139	2.0709332226041499e-05
5	block2x2	mask_0b8f	0,1,2,3,7,8,9,11	145	32449139	4.4685315071071689e-06
5	block2x2	mask_0b97	0,1,2,4,7,8,9,11	27	32449139	8.3207138408202445e-07
5	block2x2	mask_0b9e	1,2,3,4,7,8,9,11	74	32449139	2.2804919415581413e-06
5	block2x2	mask_0ba7	0,1,2,5,7,8,9,11	76	32449139	2.3421268588975502e-06
5	block2x2	mask_0bab	0,1,3,5,7,8,9,11	2	32449139	6.1634917339409224e-08
5	block2x2	mask_0bad	0,2,3,5,7,8,9,11	136	32449139	4.191174379079827e-06
5	block2x2	mask_0bae	1,2,3,5,7,8,9,11	53	32449139	1.6333253094943444e-06
5	block2x2	mask_0bb3	0,1,4,5,7,8,9,11	201	32449139	6.1943091926106265e-06
5	block2x2	mask_0bb5	0,2,4,5,7,8,9,11	69	32449139	2.1264046482096182e-06
5	block2x2	mask_0bb6	1,2,4,5,7,8,9,11	299	32449139	9.2144201422416778e-06
5	block2x2	mask_0bba	1,3,4,5,7,8,9,11	1	32449139	3.0817458669704612e-08
5	block2x2	mask_0bbc	2,3,4,5,7,8,9,11	23	32449139	7.08801549403206e-07
5	block2x2	mask_0bc7	0,1,2,6,7,8,9,11	126	32449139	3.882999792382781e-06
5	block2x2	mask_0bcb	0,1,3,6,7,8,9,11	10	32449139	3.0817458669704612e-07
5	block2x2	mask_0bcd	0,2,3,6,7,8,9,11	79	32449139	2.4345792349066643e-06
5	block2x2	mask_0bce	1,2,3,6,7,8,9,11	532	32449139	1.6394888012282854e-05
5	block2x2	mask_0bd3	0,1,4,6,7,8,9,11	50	32449139	1.5408729334852306e-06
5	block2x2	mask_0bd5	0,2,4,6,7,8,9,11	5	32449139	1.5408729334852306e-07
5	block2x2	mask_0bd6	1,2,4,6,7,8,9,11	95	32449139	2.9276585736219381e-06
5	block2x2	mask_0bda	1,3,4,6,7,8,9,11	20	32449139	6.1634917339409224e-07
5	block2x2	mask_0bdc	2,3,4,6,7,8,9,11	105	32449139	3.2358331603189842e-06
5	block2x2	mask_0be3	0,1,5,6,7,8,9,11	300	32449139	9.2452376009113838e-06
5	block2x2	mask_0be5	0,2,5,6,7,8,9,11	280	32449139	8.6288884275172916e-06
5	block2x2	mask_0be6	1,2,5,6,7,8,9,11	3226	32449139	9.9417121668467077e-05
5	block2x2	mask_0be9	0,3,5,6,7,8,9,11	28	32449139	8.6288884275172914e-07
5	block2x2	mask_0bea	1,3,5,6,7,8,9,11	77	32449139	2.3729443175672549e-06
5	block2x2	mask_0bec	2,3,5,6,7,8,9,11	5316	32449139	0.0001638256102881497
5	block2x2	mask_0bf1	0,4,5,6,7,8,9,11	196	32449139	6.0402218992621035e-06
5	block2x2	mask_0bf2	1,4,5,6,7,8,9,11	879	32449139	2.7088546170670352e-05
5	block2x2	mask_0bf4	2,4,5,6,7,8,9,11	1866	32449139	5.7505377877668805e-05
5	block2x2	mask_0bf8	3,4,5,6,7,8,9,11	88	32449139	2.7119363629340057e-06
5	block2x2	mask_0f17	0,1,2,4,8,9,10,11	38	32449139	1.1710634294487751e-06
5	block2x2	mask_0f1b	0,1,3,4,8,9,10,11	8	32449139	2.465396693576369e-07
5	block2x2	mask_0f1e	1,2,3,4,8,9,10,11	2	32449139	6.1634917339409224e-08
5	block2x2	mask_0f27	0,1,2,5,8,9,10,11	58	32449139	1.7874126028428675e-06
5	block2x2	mask_0f2b	0,1,3,5,8,9,10,11	7	32449139	2.1572221068793229e-07
5	block2x2	mask_0f2d	0,2,3,5,8,9,10,11	3	32449139	9.2452376009113837e-08
5	block2x2	mask_0f2e	1,2,3,5,8,9,10,11	34	32449139	1.0477935947699568e-06
5	block2x2	mask_0f33	0,1,4,5,8,9,10,11	65436	32449139	0.002016571225510791
5	block2x2	mask_0f35	0,2,4,5,8,9,10,11	165	32449139	5.084880680501261e-06
5	block2x2	mask_0f36	1,2,4,5,8,9,10,11	758	32449139	2.3359633671636096e-05
5	block2x2	mask_0f39	0,3,4,5,8,9,10,11	22	32449139	6.7798409073350142e-07
5	block2x2	mask_0f3a	1,3,4,5,8,9,10,11	136	32449139	4.191174379079827e-06
5	block2x2	mask_0f3c	2,3,4,5,8,9,10,11	59	32449139	1.8182300615125719e-06
5	block2x2	mask_0f53	0,1,4,6,8,9,10,11	267	32449139	8.2282614648111311e-06
5	block2x2	mask_0f55	0,2,4,6,8,9,10,11	33	32449139	1.0169761361002521e-06
5	block2x2	mask_0f56	1,2,4,6,8,9,10,11	136	32449139	4.191174379079827e-06
5	block2x2	mask_0f59	0,3,4,6,8,9,10,11	1	32449139	3.0817458669704612e-08
5	block2x2	mask_0f5a	1,3,4,6,8,9,10,11	22	32449139	6.7798409073350142e-07
5	block2x2	mask_0f5c	2,3,4,6,8,9,10,11	54	32449139	1.6641427681640489e-06
5	block2x2	mask_0f63	0,1,5,6,8,9,10,11	2281	32449139	7.0294623225596213e-05
5	block2x2	mask_0f65	0,2,5,6,8,9,10,11	651	32449139	2.00621655939777e-05
5	block2x2	mask_0f66	1,2,5,6,8,9,10,11	5402	32449139	0.0001664759117337443
5	block2x2	mask_0f69	0,3,5,6,8,9,10,11	10	32449139	3.0817458669704612e-07
5	block2x2	mask_0f71	0,4,5,6,8,9,10,11	2432	32449139	7.4948059484721607e-05
5	block2x2	mask_0f72	1,4,5,6,8,9,10,11	10554	32449139	0.00032524745880006247
5	block2x2	mask_0f74	2,4,5,6,8,9,10,11	4644	32449139	0.00014311627806210821
5	block2x2	mask_0f78	3,4,5,6,8,9,10,11	633	32449139	1.9507451337923017e-05
5	block2x2	mask_0f93	0,1,4,7,8,9,10,11	22	32449139	6.7798409073350142e-07
5	block2x2	mask_0f95	0,2,4,7,8,9,10,11	1	32449139	3.0817458669704612e-08
5	block2x2	mask_0f96	1,2,4,7,8,9,10,11	3	32449139	9.2452376009113837e-08
5	block2x2	mask_0fb1	0,4,5,7,8,9,10,11	101	32449139	3.1125633256401658e-06
5	block2x2	mask_0fb2	1,4,5,7,8,9,10,11	362	32449139	1.1155920038433069e-05
5	block2x2	mask_0fb4	2,4,5,7,8,9,10,11	104	32449139	3.2050157016492795e-06
5	block2x2	mask_0fb8	3,4,5,7,8,9,10,11	57	32449139	1.7565951441731628e-06
5	block2x2	mask_0ff0	4,5,6,7,8,9,10,11	2206	32449139	6.7983313825368378e-05
5	block2x2	mask_107f	0,1,2,3,4,5,6,12	91481	32449139	0.0028192119365632474
5	block2x2	mask_10bf	0,1,2,3,4,5,7,12	5559	32449139	0.00017131425274488792
5	block2x2	mask_10df	0,1,2,3,4,6,7,12	9192	32449139	0.00028327408009192476
5	block2x2	mask_10ef	0,1,2,3,5,6,7,12	36211	32449139	0.0011159309958886736
5	block2x2	mask_10f7	0,1,2,4,5,6,7,12	19516	32449139	0.00060143352339795514
5	block2x2	mask_10fb	0,1,3,4,5,6,7,12	1884	32449139	5.8060092133723485e-05
5	block2x2	mask_10fd	0,2,3,4,5,6,7,12	1029	32449139	3.1711164971126043e-05
5	block2x2	mask_10fe	1,2,3,4,5,6,7,12	45532	32449139	0.0014031805281489904
5	block2x2	mask_113f	0,1,2,3,4,5,8,12	67619	32449139	0.0020838457377867561
5	block2x2	mask_115f	0,1,2,3,4,6,8,12	13546	32449139	0.00041745329513981865
5	block2x2	mask_116f	0,1,2,3,5,6,8,12	16636	32449139	0.00051267924242920588
5	block2x2	mask_117b	0,1,3,4,5,6,8,12	77322	32449139	0.0023828675392589
5	block2x2	mask_117d	0,2,3,4,5,6,8,12	4990	32449139	0.000153779118761826
5	block2x2	mask_117e	1,2,3,4,5,6,8,12	14238	32449139	0.00043877897653925427
5	block2x2	mask_119f	0,1,2,3,4,7,8,12	1453	32449139	4.4777767447080801e-05
5	block2x2	mask_11af	0,1,2,3,5,7,8,12	1615	32449139	4.9770195751572944e-05
5	block2x2	mask_11b7	0,1,2,4,5,7,8,12	51898	32449139	0.0015993644700403298
5	block2x2	mask_11bb	0,1,3,4,5,7,8,12	939	32449139	2.8937593690852628e-05
5	block2x2	mask_11bd	0,2,3,4,5,7,8,12	344	32449139	1.0601205782378387e-05
5	block2x2	mask_11be	1,2,3,4,5,7,8,12	719	32449139	2.2157752783517614e-05
5	block2x2	mask_11cf	0,1,2,3,6,7,8,12	2783	32449139	8.5764987477787935e-05
5	block2x2	mask_11d7	0,1,2,4,6,7,8,12	3676	32449139	0.00011328497806983414
5	block2x2	mask_11db	0,1,3,4,6,7,8,12	916	32449139	2.8228792141449425e-05
5	block2x2	mask_11dd	0,2,3,4,6,7,8,12	18	32449139	5.5471425605468297e-07
5	block2x2	mask_11de	1,2,3,4,6,7,8,12	3943	32449139	0.00012151323953464528
5	block2x2	mask_11e7	0,1,2,5,6,7,8,12	4183	32449139	0.00012890942961537438
5	block2x2	mask_11eb	0,1,3,5,6,7,8,12	459	32449139	1.4145213529394417e-05
5	block2x2	mask_11ed	0,2,3,5,6,7,8,12	3611	32449139	0.00011128184325630335
5	block2x2	mask_11ee	1,2,3,5,6,7,8,12	12022	32449139	0.00037048748812718881
5	block2x2	mask_11f3	0,1,4,5,6,7,8,12	36659	32449139	0.0011297372173727012
5	block2x2	mask_11f5	0,2,4,5,6,7,8,12	1960	32449139	6.0402218992621036e-05
5	block2x2	mask_11f6	1,2,4,5,6,7,8,12	11989	32449139	0.00036947051199108858
5	block2x2	mask_11f9	0,3,4,5,6,7,8,12	177	32449139	5.4546901845377164e-06
5	block2x2	mask_11fa	1,3,4,5,6,7,8,12	511	32449139	1.5747721380219055e-05
5	block2x2	mask_11fc	2,3,4,5,6,7,8,12	4224	32449139	0.00013017294542083227
5	block2x2	mask_125f	0,1,2,3,4,6,9,12	3798	32449139	0.00011704470802753811
5	block2x2	mask_126f	0,1,2,3,5,6,9,12	14728	32449139	0.00045387953128740949
5	block2x2	mask_127b	0,1,3,4,5,6,9,12	10488	32449139	0.00032321350652786196
5	block2x2	mask_127d	0,2,3,4,5,6,9,12	1635	32449139	5.0386544924967036e-05
5	block2x2	mask_127e	1,2,3,4,5,6,9,12	10737	32449139	0.00033088705373661843
5	block2x2	mask_129f	0,1,2,3,4,7,9,12	580	32449139	1.7874126028428675e-05
5	block2x2	mask_12af	0,1,2,3,5,7,9,12	1468	32449139	4.5240029327126367e-05
5	block2x2	mask_12b7	0,1,2,4,5,7,9,12	22115	32449139	0.00068152809848051751
5	block2x2	mask_12bb	0,1,3,4,5,7,9,12	182	32449139	5.6087774778862395e-06
5	block2x2	mask_12bd	0,2,3,4,5,7,9,12	236	32449139	7.2729202460502877e-06
5	block2x2	mask_12be	1,2,3,4,5,7,9,12	819	32449139	2.5239498650488075e-05
5	block2x2	mask_12cf	0,1,2,3,6,7,9,12	4161	32449139	0.00012823144552464089
5	block2x2	mask_12d7	0,1,2,4,6,7,9,12	739	32449139	2.2774101956911707e-05
5	block2x2	mask_12db	0,1,3,4,6,7,9,12	115	32449139	3.5440077470160302e-06
5	block2x2	mask_12dd	0,2,3,4,6,7,9,12	52	32449139	1.6025078508246397e-06
5	block2x2	mask_12de	1,2,3,4,6,7,9,12	4200	32449139	0.00012943332641275938
5	block2x2	mask_12e7	0,1,2,5,6,7,9,12	6182	32449139	0.0001905135294961139
5	block2x2	mask_12eb	0,1,3,5,6,7,9,12	423	32449139	1.3035785017285051e-05
5	block2x2	mask_12ed	0,2,3,5,6,7,9,12	5387	32449139	0.00016601364985369875
5	block2x2	mask_12ee	1,2,3,5,6,7,9,12	34574	32449139	0.0010654828160463672
5	block2x2	mask_12f3	0,1,4,5,6,7,9,12	13656	32449139	0.00042084321559348616
5	block2x2	mask_12f5	0,2,4,5,6,7,9,12	684	32449139	2.1079141730077953e-05
5	block2x2	mask_12f6	1,2,4,5,6,7,9,12	5504	32449139	0.00016961929251805419
5	block2x2	mask_12f9	0,3,4,5,6,7,9,12	42	32449139	1.2943332641275937e-06
5	block2x2	mask_12fa	1,3,4,5,6,7,9,12	231	32449139	7.1188329527017647e-06
5	block2x2	mask_12fc	2,3,4,5,6,7,9,12	1821	32449139	5.6118592237532094e-05
5	block2x2	mask_134f	0,1,2,3,6,8,9,12	148	32449139	4.5609838831162825e-06
5	block2x2	mask_135e	1,2,3,4,6,8,9,12	390	32449139	1.2018808881184798e-05
5	block2x2	mask_136d	0,2,3,5,6,8,9,12	629	32449139	1.93841815032442e-05
5	block2x2	mask_136e	1,2,3,5,6,8,9,12	2317	32449139	7.1404051737705587e-05
5	block2x2	mask_138f	0,1,2,3,7,8,9,12	24	32449139	7.3961900807291069e-07
5	block2x2	mask_1397	0,1,2,4,7,8,9,12	797	32449139	2.4561514559754574e-05
5	block2x2	mask_139b	0,1,3,4,7,8,9,12	8	32449139	2.465396693576369e-07
5	block2x2	mask_139d	0,2,3,4,7,8,9,12	3	32449139	9.2452376009113837e-08
5	block2x2	mask_139e	1,2,3,4,7,8,9,12	38	32449139	1.1710634294487751e-06
5	block2x2	mask_13a7	0,1,2,5,7,8,9,12	876	32449139	2.699609379466124e-05
5	block2x2	mask_13ab	0,1,3,5,7,8,9,12	15	32449139	4.6226188004556916e-07
5	block2x2	mask_13ad	0,2,3,5,7,8,9,12	422	32449139	1.3004967558615345e-05
5	block2x2	mask_13ae	1,2,3,5,7,8,9,12	177	32449139	5.4546901845377164e-06
5	block2x2	mask_13b3	0,1,4,5,7,8,9,12	72921	32449139	0.0022472399036535299
5	block2x2	mask_13b5	0,2,4,5,7,8,9,12	5656	32449139	0.00017430354623584928
5	block2x2	mask_13b6	1,2,4,5,7,8,9,12	4933	32449139	0.00015202252361765285
5	block2x2	mask_13b9	0,3,4,5,7,8,9,12	23	32449139	7.08801549403206e-07
5	block2x2	mask_13ba	1,3,4,5,7,8,9,12	26	32449139	8.0125392541231986e-07
5	block2x2	mask_13bc	2,3,4,5,7,8,9,12	85	32449139	2.619483986924892e-06
5	block2x2	mask_13c7	0,1,2,6,7,8,9,12	59	32449139	1.8182300615125719e-06
5	block2x2	mask_13cb	0,1,3,6,7,8,9,12	11	32449139	3.3899204536675071e-07
5	block2x2	mask_13cd	0,2,3,6,7,8,9,12	125	32449139	3.8521823337130767e-06
5	block2x2	mask_13ce	1,2,3,6,7,8,9,12	761	32449139	2.3452086047645207e-05
5	block2x2	mask_13d3	0,1,4,6,7,8,9,12	1383	32449139	4.2620545340201479e-05
5	block2x2	mask_13d5	0,2,4,6,7,8,9,12	116	32449139	3.5748252056857349e-06
5	block2x2	mask_13d6	1,2,4,6,7,8,9,12	363	32449139	1.1186737497102773e-05
5	block2x2	mask_13d9	0,3,4,6,7,8,9,12	5	32449139	1.5408729334852306e-07
5	block2x2	mask_13da	1,3,4,6,7,8,9,12	95	32449139	2.9276585736219381e-06
5	block2x2	mask_13dc	2,3,4,6,7,8,9,12	20	32449139	6.1634917339409224e-07
5	block2x2	mask_13e3	0,1,5,6,7,8,9,12	1880	32449139	5.7936822299044668e-05
5	block2x2	mask_13e5	0,2,5,6,7,8,9,12	714	32449139	2.2003665490169091e-05
5	block2x2	mask_13e6	1,2,5,6,7,8,9,12	3001	32449139	9.248319346778353e-05
5	block2x2	mask_13e9	0,3,5,6,7,8,9,12	46	32449139	1.417603098806412e-06
5	block2x2	mask_13ea	1,3,5,6,7,8,9,12	173	32449139	5.3314203498588977e-06
5	block2x2	mask_13ec	2,3,5,6,7,8,9,12	1258	32449139	3.87683630064884e-05
5	block2x2	mask_13f1	0,4,5,6,7,8,9,12	7832	32449139	0.0002413623363011265
5	block2x2	mask_13f2	1,4,5,6,7,8,9,12	7518	32449139	0.00023168565427883925
5	block2x2	mask_13f4	2,4,5,6,7,8,9,12	1484	32449139	4.5733108665841642e-05
5	block2x2	mask_13f8	3,4,5,6,7,8,9,12	157	32449139	4.8383410111436235e-06
5	block2x2	mask_143f	0,1,2,3,4,5,10,12	4770	32449139	0.000146999277854491
5	block2x2	mask_145f	0,1,2,3,4,6,10,12	724	32449139	2.2311840076866137e-05
5	block2x2	mask_146f	0,1,2,3,5,6,10,12	1568	32449139	4.8321775194096828e-05
5	block2x2	mask_147b	0,1,3,4,5,6,10,12	4000	32449139	0.00012326983467881845
5	block2x2	mask_147d	0,2,3,4,5,6,10,12	165	32449139	5.084880680501261e-06
5	block2x2	mask_147e	1,2,3,4,5,6,10,12	2511	32449139	7.738263871962828e-05
5	block2x2	mask_149f	0,1,2,3,4,7,10,12	65	32449139	2.0031348135307999e-06
5	block2x2	mask_14af	0,1,2,3,5,7,10,12	61	32449139	1.8798649788519813e-06
5	block2x2	mask_14b7	0,1,2,4,5,7,10,12	1351	32449139	4.1634386662770929e-05
5	block2x2	mask_14bb	0,1,3,4,5,7,10,12	30	32449139	9.2452376009113831e-07
5	block2x2	mask_14bd	0,2,3,4,5,7,10,12	13	32449139	4.0062696270615993e-07
5	block2x2	mask_14be	1,2,3,4,5,7,10,12	90	32449139	2.773571280273415e-06
5	block2x2	mask_14cf	0,1,2,3,6,7,10,12	3225	32449139	9.9386304209797367e-05
5	block2x2	mask_14d7	0,1,2,4,6,7,10,12	177	32449139	5.4546901845377164e-06
5	block2x2	mask_14db	0,1,3,4,6,7,10,12	116	32449139	3.5748252056857349e-06
5	block2x2	mask_14dd	0,2,3,4,6,7,10,12	56	32449139	1.7257776855034583e-06
5	block2x2	mask_14de	1,2,3,4,6,7,10,12	5700	32449139	0.00017565951441731627
5	block2x2	mask_14e7	0,1,2,5,6,7,10,12	916	32449139	2.8228792141449425e-05
5	block2x2	mask_14eb	0,1,3,5,6,7,10,12	128	32449139	3.9446347097221904e-06
5	block2x2	mask_14ed	0,2,3,5,6,7,10,12	1442	32449139	4.4438775401714046e-05
5	block2x2	mask_14ee	1,2,3,5,6,7,10,12	13758	32449139	0.00042398659637779605
5	block2x2	mask_14f3	0,1,4,5,6,7,10,12	1998	32449139	6.1573282422069809e-05
5	block2x2	mask_14f5	0,2,4,5,6,7,10,12	69	32449139	2.1264046482096182e-06
5	block2x2	mask_14f6	1,2,4,5,6,7,10,12	1809	32449139	5.5748782733495643e-05
5	block2x2	mask_14f9	0,3,4,5,6,7,10,12	26	32449139	8.0125392541231986e-07
5	block2x2	mask_14fa	1,3,4,5,6,7,10,12	190	32449139	5.8553171472438762e-06
5	block2x2	mask_14fc	2,3,4,5,6,7,10,12	1192	32449139	3.6734410734287894e-05
5	block2x2	mask_151f	0,1,2,3,4,8,10,12	728	32449139	2.2435109911544958e-05
5	block2x2	mask_152f	0,1,2,3,5,8,10,12	437	32449139	1.3467229438660914e-05
5	block2x2	mask_153e	1,2,3,4,5,8,10,12	455	32449139	1.4021943694715598e-05
5	block2x2	mask_154f	0,1,2,3,6,8,10,12	57	32449139	1.7565951441731628e-06
5	block2x2	mask_155b	0,1,3,4,6,8,10,12	3595	32449139	0.00011078876391758808
5	block2x2	mask_155d	0,2,3,4,6,8,10,12	3	32449139	9.2452376009113837e-08
5	block2x2	mask_155e	1,2,3,4,6,8,10,12	156	32449139	4.8075235524739192e-06
5	block2x2	mask_156b	0,1,3,5,6,8,10,12	288	32449139	8.8754280968749275e-06
5	block2x2	mask_156d	0,2,3,5,6,8,10,12	117	32449139	3.6056426643554396e-06
5	block2x2	mask_156e	1,2,3,5,6,8,10,12	301	32449139	9.276055059581088e-06
5	block2x2	mask_1579	0,3,4,5,6,8,10,12	962	32449139	2.9646395240255835e-05
5	block2x2	mask_157a	1,3,4,5,6,8,10,12	1307	32449139	4.0278418481303927e-05
5	block2x2	mask_157c	2,3,4,5,6,8,10,12	91	32449139	2.8043887389431197e-06
5	block2x2	mask_158f	0,1,2,3,7,8,10,12	8	32449139	2.465396693576369e-07
5	block2x2	mask_1597	0,1,2,4,7,8,10,12	242	32449139	7.4578249980685159e-06
5	block2x2	mask_159b	0,1,3,4,7,8,10,12	4	32449139	1.2326983467881845e-07
5	block2x2	mask_159e	1,2,3,4,7,8,10,12	5	32449139	1.5408729334852306e-07
5	block2x2	mask_15a7	0,1,2,5,7,8,10,12	60	32449139	1.8490475201822766e-06
5	block2x2	mask_15ab	0,1,3,5,7,8,10,12	3	32449139	9.2452376009113837e-08
5	block2x2	mask_15ad	0,2,3,5,7,8,10,12	21	32449139	6.4716663206379683e-07
5	block2x2	mask_15ae	1,2,3,5,7,8,10,12	7	32449139	2.1572221068793229e-07
5	block2x2	mask_15b3	0,1,4,5,7,8,10,12	1863	32449139	5.741292550165969e-05
5	block2x2	mask_15b5	0,2,4,5,7,8,10,12	100	32449139	3.0817458669704611e-06
5	block2x2	mask_15b6	1,2,4,5,7,8,10,12	167	32449139	5.1465155978406704e-06
5	block2x2	mask_15b9	0,3,4,5,7,8,10,12	1	32449139	3.0817458669704612e-08
5	block2x2	mask_15ba	1,3,4,5,7,8,10,12	6	32449139	1.8490475201822767e-07
5	block2x2	mask_15bc	2,3,4,5,7,8,10,12	4	32449139	1.2326983467881845e-07
5	block2x2	mask_15c7	0,1,2,6,7,8,10,12	28	32449139	8.6288884275172914e-07
5	block2x2	mask_15cb	0,1,3,6,7,8,10,12	11	32449139	3.3899204536675071e-07
5	block2x2	mask_15cd	0,2,3,6,7,8,10,12	59	32449139	1.8182300615125719e-06
5	block2x2	mask_15ce	1,2,3,6,7,8,10,12	251	32449139	7.7351821260958577e-06
5	block2x2	mask_15d3	0,1,4,6,7,8,10,12	1057	32449139	3.2574053813877776e-05
5	block2x2	mask_15d5	0,2,4,6,7,8,10,12	3	32449139	9.2452376009113837e-08
5	block2x2	mask_15d6	1,2,4,6,7,8,10,12	60	32449139	1.8490475201822766e-06
5	block2x2	mask_15da	1,3,4,6,7,8,10,12	31	32449139	9.553412187608429e-07
5	block2x2	mask_15dc	2,3,4,6,7,8,10,12	10	32449139	3.0817458669704612e-07
5	block2x2	mask_15e3	0,1,5,6,7,8,10,12	258	32449139	7.9509043367837893e-06
5	block2x2	mask_15e5	0,2,5,6,7,8,10,12	84	32449139	2.5886665282551873e-06
5	block2x2	mask_15e6	1,2,5,6,7,8,10,12	548	32449139	1.6887967350998125e-05
5	block2x2	mask_15e9	0,3,5,6,7,8,10,12	24	32449139	7.3961900807291069e-07
5	block2x2	mask_15ea	1,3,5,6,7,8,10,12	76	32449139	2.3421268588975502e-06
5	block2x2	mask_15ec	2,3,5,6,7,8,10,12	218	32449139	6.718205989995605e-06
5	block2x2	mask_15f1	0,4,5,6,7,8,10,12	542	32449139	1.67030625989799e-05
5	block2x2	mask_15f2	1,4,5,6,7,8,10,12	722	32449139	2.2250205159526729e-05
5	block2x2	mask_15f4	2,4,5,6,7,8,10,12	81	32449139	2.4962141522460737e-06
5	block2x2	mask_15f8	3,4,5,6,7,8,10,12	23	32449139	7.08801549403206e-07
5	block2x2	mask_164f	0,1,2,3,6,9,10,12	62	32449139	1.9106824375216858e-06
5	block2x2	mask_165b	0,1,3,4,6,9,10,12	137	32449139	4.2219918377495313e-06
5	block2x2	mask_165d	0,2,3,4,6,9,10,12	14	32449139	4.3144442137586457e-07
5	block2x2	mask_165e	1,2,3,4,6,9,10,12	196	32449139	6.0402218992621035e-06
5	block2x2	mask_166b	0,1,3,5,6,9,10,12	368	32449139	1.1340824790451296e-05
5	block2x2	mask_166d	0,2,3,5,6,9,10,12	246	32449139	7.5810948327473338e-06
5	block2x2	mask_166e	1,2,3,5,6,9,10,12	1498	32449139	4.6164553087217505e-05
5	block2x2	mask_167a	1,3,4,5,6,9,10,12	599	32449139	1.8459657743153062e-05
5	block2x2	mask_167c	2,3,4,5,6,9,10,12	347	32449139	1.06936581583875e-05
5	block2x2	mask_168f	0,1,2,3,7,9,10,12	8	32449139	2.465396693576369e-07
5	block2x2	mask_1697	0,1,2,4,7,9,10,12	39	32449139	1.2018808881184798e-06
5	block2x2	mask_169b	0,1,3,4,7,9,10,12	1	32449139	3.0817458669704612e-08
5	block2x2	mask_169d	0,2,3,4,7,9,10,12	1	32449139	3.0817458669704612e-08
5	block2x2	mask_169e	1,2,3,4,7,9,10,12	10	32449139	3.0817458669704612e-07
5	block2x2	mask_16a7	0,1,2,5,7,9,10,12	105	32449139	3.2358331603189842e-06
5	block2x2	mask_16ab	0,1,3,5,7,9,10,12	4	32449139	1.2326983467881845e-07
5	block2x2	mask_16ad	0,2,3,5,7,9,10,12	85	32449139	2.619483986924892e-06
5	block2x2	mask_16ae	1,2,3,5,7,9,10,12	107	32449139	3.2974680776583935e-06
5	block2x2	mask_16b3	0,1,4,5,7,9,10,12	1832	32449139	5.6457584282898849e-05
5	block2x2	mask_16b5	0,2,4,5,7,9,10,12	69	32449139	2.1264046482096182e-06
5	block2x2	mask_16b6	1,2,4,5,7,9,10,12	283	32449139	8.7213408035264044e-06
5	block2x2	mask_16b9	0,3,4,5,7,9,10,12	8	32449139	2.465396693576369e-07
5	block2x2	mask_16ba	1,3,4,5,7,9,10,12	14	32449139	4.3144442137586457e-07
5	block2x2	mask_16bc	2,3,4,5,7,9,10,12	12	32449139	3.6980950403645535e-07
5	block2x2	mask_16c7	0,1,2,6,7,9,10,12	81	32449139	2.4962141522460737e-06
5	block2x2	mask_16cb	0,1,3,6,7,9,10,12	25	32449139	7.7043646674261528e-07
5	block2x2	mask_16cd	0,2,3,6,7,9,10,12	330	32449139	1.0169761361002522e-05
5	block2x2	mask_16ce	1,2,3,6,7,9,10,12	2114	32449139	6.5148107627755551e-05
5	block2x2	mask_16d3	0,1,4,6,7,9,10,12	153	32449139	4.7150711764648055e-06
5	block2x2	mask_16d5	0,2,4,6,7,9,10,12	12	32449139	3.6980950403645535e-07
5	block2x2	mask_16d6	1,2,4,6,7,9,10,12	88	32449139	2.7119363629340057e-06
5	block2x2	mask_16d9	0,3,4,6,7,9,10,12	5	32449139	1.5408729334852306e-07
5	block2x2	mask_16da	1,3,4,6,7,9,10,12	52	32449139	1.6025078508246397e-06
5	block2x2	mask_16dc	2,3,4,6,7,9,10,12	207	32449139	6.3792139446288546e-06
5	block2x2	mask_16e3	0,1,5,6,7,9,10,12	685	32449139	2.1109959188747659e-05
5	block2x2	mask_16e5	0,2,5,6,7,9,10,12	430	32449139	1.3251507227972983e-05
5	block2x2	mask_16e6	1,2,5,6,7,9,10,12	4200	32449139	0.00012943332641275938
5	block2x2	mask_16e9	0,3,5,6,7,9,10,12	62	32449139	1.9106824375216858e-06
5	block2x2	mask_16ea	1,3,5,6,7,9,10,12	591	32449139	1.8213118073795424e-05
5	block2x2	mask_16ec	2,3,5,6,7,9,10,12	2621	32449139	8.0772559173295779e-05
5	block2x2	mask_16f1	0,4,5,6,7,9,10,12	478	32449139	1.4730745244118804e-05
5	block2x2	mask_16f2	1,4,5,6,7,9,10,12	2028	32449139	6.2497806182160954e-05
5	block2x2	mask_16f4	2,4,5,6,7,9,10,12	763	32449139	2.3513720964984619e-05
5	block2x2	mask_16f8	3,4,5,6,7,9,10,12	166	32449139	5.1156981391709653e-06
5	block2x2	mask_174e	1,2,3,6,8,9,10,12	11	32449139	3.3899204536675071e-07
5	block2x2	mask_176c	2,3,5,6,8,9,10,12	110	32449139	3.3899204536675072e-06
5	block2x2	mask_1787	0,1,2,7,8,9,10,12	1	32449139	3.0817458669704612e-08
5	block2x2	mask_178e	1,2,3,7,8,9,10,12	1	32449139	3.0817458669704612e-08
5	block2x2	mask_1793	0,1,4,7,8,9,10,12	201	32449139	6.1943091926106265e-06
5	block2x2	mask_1795	0,2,4,7,8,9,10,12	8	32449139	2.465396693576369e-07
5	block2x2	mask_1796	1,2,4,7,8,9,10,12	16	32449139	4.930793387152738e-07
5	block2x2	mask_1799	0,3,4,7,8,9,10,12	2	32449139	6.1634917339409224e-08
5	block2x2	mask_179a	1,3,4,7,8,9,10,12	1	32449139	3.0817458669704612e-08
5	block2x2	mask_17a3	0,1,5,7,8,9,10,12	144	32449139	4.4377140484374637e-06
5	block2x2	mask_17a5	0,2,5,7,8,9,10,12	25	32449139	7.7043646674261528e-07
5	block2x2	mask_17a6	1,2,5,7,8,9,10,12	56	32449139	1.7257776855034583e-06
5	block2x2	mask_17a9	0,3,5,7,8,9,10,12	5	32449139	1.5408729334852306e-07
5	block2x2	mask_17aa	1,3,5,7,8,9,10,12	17	32449139	5.2389679738497838e-07
5	block2x2	mask_17ac	2,3,5,7,8,9,10,12	10	32449139	3.0817458669704612e-07
5	block2x2	mask_17b1	0,4,5,7,8,9,10,12	1960	32449139	6.0402218992621036e-05
5	block2x2	mask_17b2	1,4,5,7,8,9,10,12	2091	32449139	6.4439306078352345e-05
5	block2x2	mask_17b4	2,4,5,7,8,9,10,12	166	32449139	5.1156981391709653e-06
5	block2x2	mask_17b8	3,4,5,7,8,9,10,12	32	32449139	9.8615867743054759e-07
5	block2x2	mask_17c3	0,1,6,7,8,9,10,12	20	32449139	6.1634917339409224e-07
5	block2x2	mask_17c5	0,2,6,7,8,9,10,12	10	32449139	3.0817458669704612e-07
5	block2x2	mask_17c6	1,2,6,7,8,9,10,12	50	32449139	1.5408729334852306e-06
5	block2x2	mask_17ca	1,3,6,7,8,9,10,12	21	32449139	6.4716663206379683e-07
5	block2x2	mask_17cc	2,3,6,7,8,9,10,12	297	32449139	9.1527852249022693e-06
5	block2x2	mask_17d1	0,4,6,7,8,9,10,12	107	32449139	3.2974680776583935e-06
5	block2x2	mask_17d2	1,4,6,7,8,9,10,12	160	32449139	4.930793387152738e-06
5	block2x2	mask_17d4	2,4,6,7,8,9,10,12	21	32449139	6.4716663206379683e-07
5	block2x2	mask_17d8	3,4,6,7,8,9,10,12	7	32449139	2.1572221068793229e-07
5	block2x2	mask_17e1	0,5,6,7,8,9,10,12	516	32449139	1.5901808673567579e-05
5	block2x2	mask_17e2	1,5,6,7,8,9,10,12	1638	32449139	5.047899730097615e-05
5	block2x2	mask_17e4	2,5,6,7,8,9,10,12	1255	32449139	3.8675910630479285e-05
5	block2x2	mask_17e8	3,5,6,7,8,9,10,12	112	32449139	3.4515553710069166e-06
5	block2x2	mask_183f	0,1,2,3,4,5,11,12	526	32449139	1.6209983260264625e-05
5	block2x2	mask_185f	0,1,2,3,4,6,11,12	42	32449139	1.2943332641275937e-06
5	block2x2	mask_186f	0,1,2,3,5,6,11,12	60	32449139	1.8490475201822766e-06
5	block2x2	mask_1877	0,1,2,4,5,6,11,12	1851	32449139	5.7043115997623232e-05
5	block2x2	mask_187b	0,1,3,4,5,6,11,12	172	32449139	5.3006028911891934e-06
5	block2x2	mask_187d	0,2,3,4,5,6,11,12	21	32449139	6.4716663206379683e-07
5	block2x2	mask_187e	1,2,3,4,5,6,11,12	124	32449139	3.8213648750433716e-06
5	block2x2	mask_189f	0,1,2,3,4,7,11,12	33	32449139	1.0169761361002521e-06
5	block2x2	mask_18af	0,1,2,3,5,7,11,12	22	32449139	6.7798409073350142e-07
5	block2x2	mask_18b7	0,1,2,4,5,7,11,12	171	32449139	5.2697854325194883e-06
5	block2x2	mask_18bb	0,1,3,4,5,7,11,12	5	32449139	1.5408729334852306e-07
5	block2x2	mask_18bd	0,2,3,4,5,7,11,12	25	32449139	7.7043646674261528e-07
5	block2x2	mask_18be	1,2,3,4,5,7,11,12	145	32449139	4.4685315071071689e-06
5	block2x2	mask_18cf	0,1,2,3,6,7,11,12	1041	32449139	3.2080974475162501e-05
5	block2x2	mask_18d7	0,1,2,4,6,7,11,12	38	32449139	1.1710634294487751e-06
5	block2x2	mask_18db	0,1,3,4,6,7,11,12	7	32449139	2.1572221068793229e-07
5	block2x2	mask_18dd	0,2,3,4,6,7,11,12	20	32449139	6.1634917339409224e-07
5	block2x2	mask_18de	1,2,3,4,6,7,11,12	3043	32449139	9.3777526731911133e-05
5	block2x2	mask_18e7	0,1,2,5,6,7,11,12	109	32449139	3.3591029949978025e-06
5	block2x2	mask_18eb	0,1,3,5,6,7,11,12	8	32449139	2.465396693576369e-07
5	block2x2	mask_18ed	0,2,3,5,6,7,11,12	280	32449139	8.6288884275172916e-06
5	block2x2	mask_18ee	1,2,3,5,6,7,11,12	7452	32449139	0.00022965170200663876
5	block2x2	mask_18f3	0,1,4,5,6,7,11,12	177	32449139	5.4546901845377164e-06
5	block2x2	mask_18f5	0,2,4,5,6,7,11,12	10	32449139	3.0817458669704612e-07
5	block2x2	mask_18f6	1,2,4,5,6,7,11,12	341	32449139	1.0508753406369272e-05
5	block2x2	mask_18f9	0,3,4,5,6,7,11,12	2	32449139	6.1634917339409224e-08
5	block2x2	mask_18fa	1,3,4,5,6,7,11,12	23	32449139	7.08801549403206e-07
5	block2x2	mask_18fc	2,3,4,5,6,7,11,12	281	32449139	8.6597058861869959e-06
5	block2x2	mask_191f	0,1,2,3,4,8,11,12	59	32449139	1.8182300615125719e-06
5	block2x2	mask_192f	0,1,2,3,5,8,11,12	5	32449139	1.5408729334852306e-07
5	block2x2	mask_1937	0,1,2,4,5,8,11,12	497	32449139	1.5316276958843192e-05
5	block2x2	mask_193b	0,1,3,4,5,8,11,12	17	32449139	5.2389679738497838e-07
5	block2x2	mask_193d	0,2,3,4,5,8,11,12	20	32449139	6.1634917339409224e-07
5	block2x2	mask_193e	1,2,3,4,5,8,11,12	17	32449139	5.2389679738497838e-07
5	block2x2	mask_194f	0,1,2,3,6,8,11,12	2	32449139	6.1634917339409224e-08
5	block2x2	mask_1957	0,1,2,4,6,8,11,12	84	32449139	2.5886665282551873e-06
5	block2x2	mask_195b	0,1,3,4,6,8,11,12	86	32449139	2.6503014455945967e-06
5	block2x2	mask_195e	1,2,3,4,6,8,11,12	8	32449139	2.465396693576369e-07
5	block2x2	mask_1967	0,1,2,5,6,8,11,12	52	32449139	1.6025078508246397e-06
5	block2x2	mask_196b	0,1,3,5,6,8,11,12	1	32449139	3.0817458669704612e-08
5	block2x2	mask_196d	0,2,3,5,6,8,11,12	6	32449139	1.8490475201822767e-07
5	block2x2	mask_196e	1,2,3,5,6,8,11,12	42	32449139	1.2943332641275937e-06
5	block2x2	mask_1973	0,1,4,5,6,8,11,12	3238	32449139	9.9786931172503535e-05
5	block2x2	mask_1975	0,2,4,5,6,8,11,12	55	32449139	1.6949602268337536e-06
5	block2x2	mask_1976	1,2,4,5,6,8,11,12	333	32449139	1.0262213737011635e-05
5	block2x2	mask_1979	0,3,4,5,6,8,11,12	25	32449139	7.7043646674261528e-07
5	block2x2	mask_197a	1,3,4,5,6,8,11,12	27	32449139	8.3207138408202445e-07
5	block2x2	mask_197c	2,3,4,5,6,8,11,12	5	32449139	1.5408729334852306e-07
5	block2x2	mask_198f	0,1,2,3,7,8,11,12	9	32449139	2.7735712802734148e-07
5	block2x2	mask_1997	0,1,2,4,7,8,11,12	138	32449139	4.2528092964192364e-06
5	block2x2	mask_199e	1,2,3,4,7,8,11,12	12	32449139	3.6980950403645535e-07
5	block2x2	mask_19a7	0,1,2,5,7,8,11,12	9	32449139	2.7735712802734148e-07
5	block2x2	mask_19ad	0,2,3,5,7,8,11,12	35	32449139	1.0786110534396615e-06
5	block2x2	mask_19ae	1,2,3,5,7,8,11,12	2	32449139	6.1634917339409224e-08
5	block2x2	mask_19b3	0,1,4,5,7,8,11,12	17	32449139	5.2389679738497838e-07
5	block2x2	mask_19b5	0,2,4,5,7,8,11,12	18	32449139	5.5471425605468297e-07
5	block2x2	mask_19b6	1,2,4,5,7,8,11,12	13	32449139	4.0062696270615993e-07
5	block2x2	mask_19bc	2,3,4,5,7,8,11,12	3	32449139	9.2452376009113837e-08
5	block2x2	mask_19c7	0,1,2,6,7,8,11,12	9	32449139	2.7735712802734148e-07
5	block2x2	mask_19cb	0,1,3,6,7,8,11,12	3	32449139	9.2452376009113837e-08
5	block2x2	mask_19cd	0,2,3,6,7,8,11,12	1	32449139	3.0817458669704612e-08
5	block2x2	mask_19ce	1,2,3,6,7,8,11,12	52	32449139	1.6025078508246397e-06
5	block2x2	mask_19d3	0,1,4,6,7,8,11,12	83	32449139	2.5578490695854826e-06
5	block2x2	mask_19d6	1,2,4,6,7,8,11,12	9	32449139	2.7735712802734148e-07
5	block2x2	mask_19da	1,3,4,6,7,8,11,12	2	32449139	6.1634917339409224e-08
5	block2x2	mask_19e3	0,1,5,6,7,8,11,12	31	32449139	9.553412187608429e-07
5	block2x2	mask_19e5	0,2,5,6,7,8,11,12	6	32449139	1.8490475201822767e-07
5	block2x2	mask_19e6	1,2,5,6,7,8,11,12	322	32449139	9.9232216916448844e-06
5	block2x2	mask_19e9	0,3,5,6,7,8,11,12	2	32449139	6.1634917339409224e-08
5	block2x2	mask_19ea	1,3,5,6,7,8,11,12	6	32449139	1.8490475201822767e-07
5	block2x2	mask_19ec	2,3,5,6,7,8,11,12	110	32449139	3.3899204536675072e-06
5	block2x2	mask_19f1	0,4,5,6,7,8,11,12	37	32449139	1.1402459707790706e-06
5	block2x2	mask_19f2	1,4,5,6,7,8,11,12	41	32449139	1.263515805457889e-06
5	block2x2	mask_19f4	2,4,5,6,7,8,11,12	11	32449139	3.3899204536675071e-07
5	block2x2	mask_19f8	3,4,5,6,7,8,11,12	1	32449139	3.0817458669704612e-08
5	block2x2	mask_1a1f	0,1,2,3,4,9,11,12	125	32449139	3.8521823337130767e-06
5	block2x2	mask_1a2f	0,1,2,3,5,9,11,12	40	32449139	1.2326983467881845e-06
5	block2x2	mask_1a37	0,1,2,4,5,9,11,12	1372	32449139	4.2281553294834723e-05
5	block2x2	mask_1a3b	0,1,3,4,5,9,11,12	159	32449139	4.8999759284830328e-06
5	block2x2	mask_1a3d	0,2,3,4,5,9,11,12	31	32449139	9.553412187608429e-07
5	block2x2	mask_1a3e	1,2,3,4,5,9,11,12	86	32449139	2.6503014455945967e-06
5	block2x2	mask_1a57	0,1,2,4,6,9,11,12	58	32449139	1.7874126028428675e-06
5	block2x2	mask_1a5b	0,1,3,4,6,9,11,12	12	32449139	3.6980950403645535e-07
5	block2x2	mask_1a5e	1,2,3,4,6,9,11,12	11	32449139	3.3899204536675071e-07
5	block2x2	mask_1a67	0,1,2,5,6,9,11,12	159	32449139	4.8999759284830328e-06
5	block2x2	mask_1a6b	0,1,3,5,6,9,11,12	11	32449139	3.3899204536675071e-07
5	block2x2	mask_1a6d	0,2,3,5,6,9,11,12	14	32449139	4.3144442137586457e-07
5	block2x2	mask_1a6e	1,2,3,5,6,9,11,12	76	32449139	2.3421268588975502e-06
5	block2x2	mask_1a73	0,1,4,5,6,9,11,12	3082	32449139	9.4979407620029608e-05
5	block2x2	mask_1a75	0,2,4,5,6,9,11,12	109	32449139	3.3591029949978025e-06
5	block2x2	mask_1a76	1,2,4,5,6,9,11,12	636	32449139	1.9599903713932131e-05
5	block2x2	mask_1a79	0,3,4,5,6,9,11,12	3	32449139	9.2452376009113837e-08
5	block2x2	mask_1a7a	1,3,4,5,6,9,11,12	20	32449139	6.1634917339409224e-07
5	block2x2	mask_1a7c	2,3,4,5,6,9,11,12	27	32449139	8.3207138408202445e-07
5	block2x2	mask_1a8f	0,1,2,3,7,9,11,12	2	32449139	6.1634917339409224e-08
5	block2x2	mask_1a97	0,1,2,4,7,9,11,12	5	32449139	1.5408729334852306e-07
5	block2x2	mask_1a9e	1,2,3,4,7,9,11,12	125	32449139	3.8521823337130767e-06
5	block2x2	mask_1aa7	0,1,2,5,7,9,11,12	5	32449139	1.5408729334852306e-07
5	block2x2	mask_1aad	0,2,3,5,7,9,11,12	19	32449139	5.8553171472438755e-07
5	block2x2	mask_1aae	1,2,3,5,7,9,11,12	21	32449139	6.4716663206379683e-07
5	block2x2	mask_1ab3	0,1,4,5,7,9,11,12	27	32449139	8.3207138408202445e-07
5	block2x2	mask_1ab5	0,2,4,5,7,9,11,12	9	32449139	2.7735712802734148e-07
5	block2x2	mask_1ab6	1,2,4,5,7,9,11,12	18	32449139	5.5471425605468297e-07
5	block2x2	mask_1aba	1,3,4,5,7,9,11,12	1	32449139	3.0817458669704612e-08
5	block2x2	mask_1abc	2,3,4,5,7,9,11,12	11	32449139	3.3899204536675071e-07
5	block2x2	mask_1ac7	0,1,2,6,7,9,11,12	7	32449139	2.1572221068793229e-07
5	block2x2	mask_1acb	0,1,3,6,7,9,11,12	2	32449139	6.1634917339409224e-08
5	block2x2	mask_1acd	0,2,3,6,7,9,11,12	17	32449139	5.2389679738497838e-07
5	block2x2	mask_1ace	1,2,3,6,7,9,11,12	121	32449139	3.7289124990342579e-06
5	block2x2	mask_1ad3	0,1,4,6,7,9,11,12	10	32449139	3.0817458669704612e-07
5	block2x2	mask_1ad5	0,2,4,6,7,9,11,12	4	32449139	1.2326983467881845e-07
5	block2x2	mask_1ad6	1,2,4,6,7,9,11,12	30	32449139	9.2452376009113831e-07
5	block2x2	mask_1ada	1,3,4,6,7,9,11,12	5	32449139	1.5408729334852306e-07
5	block2x2	mask_1adc	2,3,4,6,7,9,11,12	40	32449139	1.2326983467881845e-06
5	block2x2	mask_1ae3	0,1,5,6,7,9,11,12	84	32449139	2.5886665282551873e-06
5	block2x2	mask_1ae5	0,2,5,6,7,9,11,12	62	32449139	1.9106824375216858e-06
5	block2x2	mask_1ae6	1,2,5,6,7,9,11,12	901	32449139	2.7766530261403856e-05
5	block2x2	mask_1ae9	0,3,5,6,7,9,11,12	2	32449139	6.1634917339409224e-08
5	block2x2	mask_1aea	1,3,5,6,7,9,11,12	21	32449139	6.4716663206379683e-07
5	block2x2	mask_1af1	0,4,5,6,7,9,11,12	40	32449139	1.2326983467881845e-06
5	block2x2	mask_1af2	1,4,5,6,7,9,11,12	74	32449139	2.2804919415581413e-06
5	block2x2	mask_1af4	2,4,5,6,7,9,11,12	78	32449139	2.4037617762369596e-06
5	block2x2	mask_1af8	3,4,5,6,7,9,11,12	8	32449139	2.465396693576369e-07
5	block2x2	mask_1b0f	0,1,2,3,8,9,11,12	1	32449139	3.0817458669704612e-08
5	block2x2	mask_1b17	0,1,2,4,8,9,11,12	153	32449139	4.7150711764648055e-06
5	block2x2	mask_1b1b	0,1,3,4,8,9,11,12	26	32449139	8.0125392541231986e-07
5	block2x2	mask_1b1d	0,2,3,4,8,9,11,12	3	32449139	9.2452376009113837e-08
5	block2x2	mask_1b1e	1,2,3,4,8,9,11,12	5	32449139	1.5408729334852306e-07
5	block2x2	mask_1b27	0,1,2,5,8,9,11,12	26	32449139	8.0125392541231986e-07
5	block2x2	mask_1b2b	0,1,3,5,8,9,11,12	1	32449139	3.0817458669704612e-08
5	block2x2	mask_1b2d	0,2,3,5,8,9,11,12	2	32449139	6.1634917339409224e-08
5	block2x2	mask_1b2e	1,2,3,5,8,9,11,12	6	32449139	1.8490475201822767e-07
5	block2x2	mask_1b33	0,1,4,5,8,9,11,12	38360	32449139	0.0011821577145698689
5	block2x2	mask_1b35	0,2,4,5,8,9,11,12	261	32449139	8.0433567127929038e-06
5	block2x2	mask_1b36	1,2,4,5,8,9,11,12	557	32449139	1.7165324479025469e-05
5	block2x2	mask_1b39	0,3,4,5,8,9,11,12	2	32449139	6.1634917339409224e-08
5	block2x2	mask_1b3a	1,3,4,5,8,9,11,12	47	32449139	1.4484205574761167e-06
5	block2x2	mask_1b3c	2,3,4,5,8,9,11,12	9	32449139	2.7735712802734148e-07
5	block2x2	mask_1b47	0,1,2,6,8,9,11,12	2	32449139	6.1634917339409224e-08
5	block2x2	mask_1b4e	1,2,3,6,8,9,11,12	2	32449139	6.1634917339409224e-08
5	block2x2	mask_1b53	0,1,4,6,8,9,11,12	117	32449139	3.6056426643554396e-06
5	block2x2	mask_1b55	0,2,4,6,8,9,11,12	14	32449139	4.3144442137586457e-07
5	block2x2	mask_1b56	1,2,4,6,8,9,11,12	29	32449139	8.9370630142143373e-07
5	block2x2	mask_1b59	0,3,4,6,8,9,11,12	1	32449139	3.0817458669704612e-08
5	block2x2	mask_1b5a	1,3,4,6,8,9,11,12	1	32449139	3.0817458669704612e-08
5	block2x2	mask_1b63	0,1,5,6,8,9,11,12	389	32449139	1.1987991422515094e-05
5	block2x2	mask_1b65	0,2,5,6,8,9,11,12	82	32449139	2.5270316109157779e-06
5	block2x2	mask_1b66	1,2,5,6,8,9,11,12	1814	32449139	5.5902870026844162e-05
5	block2x2	mask_1b6a	1,3,5,6,8,9,11,12	3	32449139	9.2452376009113837e-08
5	block2x2	mask_1b6c	2,3,5,6,8,9,11,12	123	32449139	3.7905474163736669e-06
5	block2x2	mask_1b72	1,4,5,6,8,9,11,12	1980	32449139	6.1018568166015128e-05
5	block2x2	mask_1b74	2,4,5,6,8,9,11,12	431	32449139	1.3282324686642687e-05
5	block2x2	mask_1b78	3,4,5,6,8,9,11,12	21	32449139	6.4716663206379683e-07
5	block2x2	mask_1b93	0,1,4,7,8,9,11,12	1	32449139	3.0817458669704612e-08
5	block2x2	mask_1b96	1,2,4,7,8,9,11,12	1	32449139	3.0817458669704612e-08
5	block2x2	mask_1ba3	0,1,5,7,8,9,11,12	4	32449139	1.2326983467881845e-07
5	block2x2	mask_1ba5	0,2,5,7,8,9,11,12	1	32449139	3.0817458669704612e-08
5	block2x2	mask_1bac	2,3,5,7,8,9,11,12	3	32449139	9.2452376009113837e-08
5	block2x2	mask_1bb1	0,4,5,7,8,9,11,12	7	32449139	2.1572221068793229e-07
5	block2x2	mask_1bb2	1,4,5,7,8,9,11,12	15	32449139	4.6226188004556916e-07
5	block2x2	mask_1bb4	2,4,5,7,8,9,11,12	9	32449139	2.7735712802734148e-07
5	block2x2	mask_1bc3	0,1,6,7,8,9,11,12	3	32449139	9.2452376009113837e-08
5	block2x2	mask_1bc6	1,2,6,7,8,9,11,12	6	32449139	1.8490475201822767e-07
5	block2x2	mask_1bcc	2,3,6,7,8,9,11,12	216	32449139	6.6565710726561956e-06
5	block2x2	mask_1bd1	0,4,6,7,8,9,11,12	7	32449139	2.1572221068793229e-07
5	block2x2	mask_1bd2	1,4,6,7,8,9,11,12	7	32449139	2.1572221068793229e-07
5	block2x2	mask_1bd4	2,4,6,7,8,9,11,12	4	32449139	1.2326983467881845e-07
5	block2x2	mask_1be1	0,5,6,7,8,9,11,12	18	32449139	5.5471425605468297e-07
5	block2x2	mask_1be2	1,5,6,7,8,9,11,12	66	32449139	2.0339522722005041e-06
5	block2x2	mask_1be4	2,5,6,7,8,9,11,12	246	32449139	7.5810948327473338e-06
5	block2x2	mask_1c1f	0,1,2,3,4,10,11,12	23	32449139	7.08801549403206e-07
5	block2x2	mask_1c2f	0,1,2,3,5,10,11,12	12	32449139	3.6980950403645535e-07
5	block2x2	mask_1c37	0,1,2,4,5,10,11,12	147	32449139	4.5301664244465774e-06
5	block2x2	mask_1c3b	0,1,3,4,5,10,11,12	22	32449139	6.7798409073350142e-07
5	block2x2	mask_1c3d	0,2,3,4,5,10,11,12	6	32449139	1.8490475201822767e-07
5	block2x2	mask_1c3e	1,2,3,4,5,10,11,12	24	32449139	7.3961900807291069e-07
5	block2x2	mask_1c4f	0,1,2,3,6,10,11,12	7	32449139	2.1572221068793229e-07
5	block2x2	mask_1c57	0,1,2,4,6,10,11,12	10	32449139	3.0817458669704612e-07
5	block2x2	mask_1c5b	0,1,3,4,6,10,11,12	8	32449139	2.465396693576369e-07
5	block2x2	mask_1c5e	1,2,3,4,6,10,11,12	4	32449139	1.2326983467881845e-07
5	block2x2	mask_1c67	0,1,2,5,6,10,11,12	87	32449139	2.681118904264301e-06
5	block2x2	mask_1c6b	0,1,3,5,6,10,11,12	11	32449139	3.3899204536675071e-07
5	block2x2	mask_1c6d	0,2,3,5,6,10,11,12	18	32449139	5.5471425605468297e-07
5	block2x2	mask_1c6e	1,2,3,5,6,10,11,12	554	32449139	1.7072872103016354e-05
5	block2x2	mask_1c73	0,1,4,5,6,10,11,12	732	32449139	2.2558379746223775e-05
5	block2x2	mask_1c75	0,2,4,5,6,10,11,12	31	32449139	9.553412187608429e-07
5	block2x2	mask_1c76	1,2,4,5,6,10,11,12	300	32449139	9.2452376009113838e-06
5	block2x2	mask_1c79	0,3,4,5,6,10,11,12	3	32449139	9.2452376009113837e-08
5	block2x2	mask_1c7a	1,3,4,5,6,10,11,12	29	32449139	8.9370630142143373e-07
5	block2x2	mask_1c7c	2,3,4,5,6,10,11,12	41	32449139	1.263515805457889e-06
5	block2x2	mask_1c8f	0,1,2,3,7,10,11,12	6	32449139	1.8490475201822767e-07
5	block2x2	mask_1c97	0,1,2,4,7,10,11,12	21	32449139	6.4716663206379683e-07
5	block2x2	mask_1c9e	1,2,3,4,7,10,11,12	1	32449139	3.0817458669704612e-08
5	block2x2	mask_1ca7	0,1,2,5,7,10,11,12	7	32449139	2.1572221068793229e-07
5	block2x2	mask_1cab	0,1,3,5,7,10,11,12	3	32449139	9.2452376009113837e-08
5	block2x2	mask_1cad	0,2,3,5,7,10,11,12	12	32449139	3.6980950403645535e-07
5	block2x2	mask_1cae	1,2,3,5,7,10,11,12	13	32449139	4.0062696270615993e-07
5	block2x2	mask_1cb3	0,1,4,5,7,10,11,12	17	32449139	5.2389679738497838e-07
5	block2x2	mask_1cb5	0,2,4,5,7,10,11,12	2	32449139	6.1634917339409224e-08
5	block2x2	mask_1cb6	1,2,4,5,7,10,11,12	10	32449139	3.0817458669704612e-07
5	block2x2	mask_1cba	1,3,4,5,7,10,11,12	1	32449139	3.0817458669704612e-08
5	block2x2	mask_1cbc	2,3,4,5,7,10,11,12	12	32449139	3.6980950403645535e-07
5	block2x2	mask_1cc7	0,1,2,6,7,10,11,12	124	32449139	3.8213648750433716e-06
5	block2x2	mask_1ccb	0,1,3,6,7,10,11,12	25	32449139	7.7043646674261528e-07
5	block2x2	mask_1ccd	0,2,3,6,7,10,11,12	180	32449139	5.5471425605468301e-06
5	block2x2	mask_1cd3	0,1,4,6,7,10,11,12	13	32449139	4.0062696270615993e-07
5	block2x2	mask_1cd5	0,2,4,6,7,10,11,12	3	32449139	9.2452376009113837e-08
5	block2x2	mask_1cd6	1,2,4,6,7,10,11,12	107	32449139	3.2974680776583935e-06
5	block2x2	mask_1cda	1,3,4,6,7,10,11,12	28	32449139	8.6288884275172914e-07
5	block2x2	mask_1cdc	2,3,4,6,7,10,11,12	473	32449139	1.4576657950770281e-05
5	block2x2	mask_1ce3	0,1,5,6,7,10,11,12	938	32449139	2.8906776232182925e-05
5	block2x2	mask_1ce5	0,2,5,6,7,10,11,12	326	32449139	1.0046491526323703e-05
5	block2x2	mask_1ce6	1,2,5,6,7,10,11,12	2595	32449139	7.9971305247883458e-05
5	block2x2	mask_1ce9	0,3,5,6,7,10,11,12	15	32449139	4.6226188004556916e-07
5	block2x2	mask_1cf1	0,4,5,6,7,10,11,12	72	32449139	2.2188570242187319e-06
5	block2x2	mask_1cf2	1,4,5,6,7,10,11,12	156	32449139	4.8075235524739192e-06
5	block2x2	mask_1cf4	2,4,5,6,7,10,11,12	131	32449139	4.037087085731304e-06
5	block2x2	mask_1cf8	3,4,5,6,7,10,11,12	24	32449139	7.3961900807291069e-07
5	block2x2	mask_1d17	0,1,2,4,8,10,11,12	56	32449139	1.7257776855034583e-06
5	block2x2	mask_1d1b	0,1,3,4,8,10,11,12	2	32449139	6.1634917339409224e-08
5	block2x2	mask_1d1e	1,2,3,4,8,10,11,12	6	32449139	1.8490475201822767e-07
5	block2x2	mask_1d27	0,1,2,5,8,10,11,12	5	32449139	1.5408729334852306e-07
5	block2x2	mask_1d2b	0,1,3,5,8,10,11,12	1	32449139	3.0817458669704612e-08
5	block2x2	mask_1d2e	1,2,3,5,8,10,11,12	1	32449139	3.0817458669704612e-08
5	block2x2	mask_1d33	0,1,4,5,8,10,11,12	4973	32449139	0.00015325522196444103
5	block2x2	mask_1d35	0,2,4,5,8,10,11,12	19	32449139	5.8553171472438755e-07
5	block2x2	mask_1d36	1,2,4,5,8,10,11,12	94	32449139	2.8968411149522334e-06
5	block2x2	mask_1d3a	1,3,4,5,8,10,11,12	15	32449139	4.6226188004556916e-07
5	block2x2	mask_1d3c	2,3,4,5,8,10,11,12	2	32449139	6.1634917339409224e-08
5	block2x2	mask_1d53	0,1,4,6,8,10,11,12	57	32449139	1.7565951441731628e-06
5	block2x2	mask_1d55	0,2,4,6,8,10,11,12	1	32449139	3.0817458669704612e-08
5	block2x2	mask_1d56	1,2,4,6,8,10,11,12	10	32449139	3.0817458669704612e-07
5	block2x2	mask_1d5a	1,3,4,6,8,10,11,12	2	32449139	6.1634917339409224e-08
5	block2x2	mask_1d63	0,1,5,6,8,10,11,12	105	32449139	3.2358331603189842e-06
5	block2x2	mask_1d65	0,2,5,6,8,10,11,12	6	32449139	1.8490475201822767e-07
5	block2x2	mask_1d66	1,2,5,6,8,10,11,12	690	32449139	2.1264046482096182e-05
5	block2x2	mask_1d6a	1,3,5,6,8,10,11,12	10	32449139	3.0817458669704612e-07
5	block2x2	mask_1d6c	2,3,5,6,8,10,11,12	46	32449139	1.417603098806412e-06
5	block2x2	mask_1d72	1,4,5,6,8,10,11,12	292	32449139	8.9986979315537462e-06
5	block2x2	mask_1d74	2,4,5,6,8,10,11,12	37	32449139	1.1402459707790706e-06
5	block2x2	mask_1d78	3,4,5,6,8,10,11,12	3	32449139	9.2452376009113837e-08
5	block2x2	mask_1d96	1,2,4,7,8,10,11,12	4	32449139	1.2326983467881845e-07
5	block2x2	mask_1da3	0,1,5,7,8,10,11,12	6	32449139	1.8490475201822767e-07
5	block2x2	mask_1da5	0,2,5,7,8,10,11,12	2	32449139	6.1634917339409224e-08
5	block2x2	mask_1da6	1,2,5,7,8,10,11,12	7	32449139	2.1572221068793229e-07
5	block2x2	mask_1daa	1,3,5,7,8,10,11,12	3	32449139	9.2452376009113837e-08
5	block2x2	mask_1db2	1,4,5,7,8,10,11,12	13	32449139	4.0062696270615993e-07
5	block2x2	mask_1db4	2,4,5,7,8,10,11,12	3	32449139	9.2452376009113837e-08
5	block2x2	mask_1dc3	0,1,6,7,8,10,11,12	11	32449139	3.3899204536675071e-07
5	block2x2	mask_1dc5	0,2,6,7,8,10,11,12	2	32449139	6.1634917339409224e-08
5	block2x2	mask_1dc6	1,2,6,7,8,10,11,12	35	32449139	1.0786110534396615e-06
5	block2x2	mask_1dca	1,3,6,7,8,10,11,12	11	32449139	3.3899204536675071e-07
5	block2x2	mask_1dcc	2,3,6,7,8,10,11,12	82	32449139	2.5270316109157779e-06
5	block2x2	mask_1dd2	1,4,6,7,8,10,11,12	9	32449139	2.7735712802734148e-07
5	block2x2	mask_1dd4	2,4,6,7,8,10,11,12	1	32449139	3.0817458669704612e-08
5	block2x2	mask_1de1	0,5,6,7,8,10,11,12	147	32449139	4.5301664244465774e-06
5	block2x2	mask_1de2	1,5,6,7,8,10,11,12	264	32449139	8.1358090888020166e-06
5	block2x2	mask_1de4	2,5,6,7,8,10,11,12	125	32449139	3.8521823337130767e-06
5	block2x2	mask_1e17	0,1,2,4,9,10,11,12	150	32449139	4.6226188004556919e-06
5	block2x2	mask_1e1b	0,1,3,4,9,10,11,12	15	32449139	4.6226188004556916e-07
5	block2x2	mask_1e1d	0,2,3,4,9,10,11,12	2	32449139	6.1634917339409224e-08
5	block2x2	mask_1e1e	1,2,3,4,9,10,11,12	9	32449139	2.7735712802734148e-07
5	block2x2	mask_1e27	0,1,2,5,9,10,11,12	37	32449139	1.1402459707790706e-06
5	block2x2	mask_1e2b	0,1,3,5,9,10,11,12	2	32449139	6.1634917339409224e-08
5	block2x2	mask_1e2d	0,2,3,5,9,10,11,12	3	32449139	9.2452376009113837e-08
5	block2x2	mask_1e2e	1,2,3,5,9,10,11,12	17	32449139	5.2389679738497838e-07
5	block2x2	mask_1e33	0,1,4,5,9,10,11,12	7861	32449139	0.00024225604260254795
5	block2x2	mask_1e35	0,2,4,5,9,10,11,12	66	32449139	2.0339522722005041e-06
5	block2x2	mask_1e36	1,2,4,5,9,10,11,12	365	32449139	1.1248372414442183e-05
5	block2x2	mask_1e39	0,3,4,5,9,10,11,12	2	32449139	6.1634917339409224e-08
5	block2x2	mask_1e3a	1,3,4,5,9,10,11,12	16	32449139	4.930793387152738e-07
5	block2x2	mask_1e3c	2,3,4,5,9,10,11,12	11	32449139	3.3899204536675071e-07
5	block2x2	mask_1e47	0,1,2,6,9,10,11,12	4	32449139	1.2326983467881845e-07
5	block2x2	mask_1e4b	0,1,3,6,9,10,11,12	1	32449139	3.0817458669704612e-08
5	block2x2	mask_1e4d	0,2,3,6,9,10,11,12	1	32449139	3.0817458669704612e-08
5	block2x2	mask_1e53	0,1,4,6,9,10,11,12	95	32449139	2.9276585736219381e-06
5	block2x2	mask_1e55	0,2,4,6,9,10,11,12	21	32449139	6.4716663206379683e-07
5	block2x2	mask_1e56	1,2,4,6,9,10,11,12	24	32449139	7.3961900807291069e-07
5	block2x2	mask_1e5a	1,3,4,6,9,10,11,12	5	32449139	1.5408729334852306e-07
5	block2x2	mask_1e5c	2,3,4,6,9,10,11,12	4	32449139	1.2326983467881845e-07
5	block2x2	mask_1e63	0,1,5,6,9,10,11,12	422	32449139	1.3004967558615345e-05
5	block2x2	mask_1e65	0,2,5,6,9,10,11,12	80	32449139	2.465396693576369e-06
5	block2x2	mask_1e66	1,2,5,6,9,10,11,12	4210	32449139	0.00012974150099945642
5	block2x2	mask_1e69	0,3,5,6,9,10,11,12	5	32449139	1.5408729334852306e-07
5	block2x2	mask_1e6a	1,3,5,6,9,10,11,12	88	32449139	2.7119363629340057e-06
5	block2x2	mask_1e72	1,4,5,6,9,10,11,12	1977	32449139	6.0926115790006014e-05
5	block2x2	mask_1e74	2,4,5,6,9,10,11,12	539	32449139	1.6610610222970785e-05
5	block2x2	mask_1e78	3,4,5,6,9,10,11,12	17	32449139	5.2389679738497838e-07
5	block2x2	mask_1e8d	0,2,3,7,9,10,11,12	2	32449139	6.1634917339409224e-08
5	block2x2	mask_1e93	0,1,4,7,9,10,11,12	6	32449139	1.8490475201822767e-07
5	block2x2	mask_1e96	1,2,4,7,9,10,11,12	1	32449139	3.0817458669704612e-08
5	block2x2	mask_1e9c	2,3,4,7,9,10,11,12	2	32449139	6.1634917339409224e-08
5	block2x2	mask_1ea3	0,1,5,7,9,10,11,12	33	32449139	1.0169761361002521e-06
5	block2x2	mask_1ea5	0,2,5,7,9,10,11,12	4	32449139	1.2326983467881845e-07
5	block2x2	mask_1ea6	1,2,5,7,9,10,11,12	19	32449139	5.8553171472438755e-07
5	block2x2	mask_1eb2	1,4,5,7,9,10,11,12	55	32449139	1.6949602268337536e-06
5	block2x2	mask_1eb4	2,4,5,7,9,10,11,12	16	32449139	4.930793387152738e-07
5	block2x2	mask_1ec3	0,1,6,7,9,10,11,12	472	32449139	1.4545840492100575e-05
5	block2x2	mask_1ec5	0,2,6,7,9,10,11,12	57	32449139	1.7565951441731628e-06
5	block2x2	mask_1ec9	0,3,6,7,9,10,11,12	5	32449139	1.5408729334852306e-07
5	block2x2	mask_1ed2	1,4,6,7,9,10,11,12	127	32449139	3.9138172510524852e-06
5	block2x2	mask_1ed4	2,4,6,7,9,10,11,12	91	32449139	2.8043887389431197e-06
5	block2x2	mask_1ee1	0,5,6,7,9,10,11,12	1080	32449139	3.3282855363280982e-05
5	block2x2	mask_1f07	0,1,2,8,9,10,11,12	1	32449139	3.0817458669704612e-08
5	block2x2	mask_1f13	0,1,4,8,9,10,11,12	1598	32449139	4.9246298954187966e-05
5	block2x2	mask_1f15	0,2,4,8,9,10,11,12	36	32449139	1.1094285121093659e-06
5	block2x2	mask_1f16	1,2,4,8,9,10,11,12	35	32449139	1.0786110534396615e-06
5	block2x2	mask_1f19	0,3,4,8,9,10,11,12	5	32449139	1.5408729334852306e-07
5	block2x2	mask_1f23	0,1,5,8,9,10,11,12	425	32449139	1.309741993462446e-05
5	block2x2	mask_1f25	0,2,5,8,9,10,11,12	28	32449139	8.6288884275172914e-07
5	block2x2	mask_1f26	1,2,5,8,9,10,11,12	144	32449139	4.4377140484374637e-06
5	block2x2	mask_1f2a	1,3,5,8,9,10,11,12	14	32449139	4.3144442137586457e-07
5	block2x2	mask_1f2c	2,3,5,8,9,10,11,12	11	32449139	3.3899204536675071e-07
5	block2x2	mask_1f32	1,4,5,8,9,10,11,12	5258	32449139	0.00016203819768530685
5	block2x2	mask_1f34	2,4,5,8,9,10,11,12	175	32449139	5.3930552671983071e-06
5	block2x2	mask_1f43	0,1,6,8,9,10,11,12	16	32449139	4.930793387152738e-07
5	block2x2	mask_1f45	0,2,6,8,9,10,11,12	7	32449139	2.1572221068793229e-07
5	block2x2	mask_1f46	1,2,6,8,9,10,11,12	32	32449139	9.8615867743054759e-07
5	block2x2	mask_1f4a	1,3,6,8,9,10,11,12	3	32449139	9.2452376009113837e-08
5	block2x2	mask_1f4c	2,3,6,8,9,10,11,12	42	32449139	1.2943332641275937e-06
5	block2x2	mask_1f52	1,4,6,8,9,10,11,12	131	32449139	4.037087085731304e-06
5	block2x2	mask_1f54	2,4,6,8,9,10,11,12	46	32449139	1.417603098806412e-06
5	block2x2	mask_1f62	1,5,6,8,9,10,11,12	2377	32449139	7.3253099257887864e-05
5	block2x2	mask_1f64	2,5,6,8,9,10,11,12	1061	32449139	3.2697323648556593e-05
5	block2x2	mask_1f83	0,1,7,8,9,10,11,12	1	32449139	3.0817458669704612e-08
5	block2x2	mask_1f86	1,2,7,8,9,10,11,12	4	32449139	1.2326983467881845e-07
5	block2x2	mask_1f8c	2,3,7,8,9,10,11,12	54	32449139	1.6641427681640489e-06
5	block2x2	mask_1f92	1,4,7,8,9,10,11,12	10	32449139	3.0817458669704612e-07
5	block2x2	mask_1f94	2,4,7,8,9,10,11,12	2	32449139	6.1634917339409224e-08
5	block2x2	mask_1fa2	1,5,7,8,9,10,11,12	109	32449139	3.3591029949978025e-06
5	block2x2	mask_1fa4	2,5,7,8,9,10,11,12	32	32449139	9.8615867743054759e-07
5	block2x2	mask_1fc2	1,6,7,8,9,10,11,12	100	32449139	3.0817458669704611e-06
5	block2x2	mask_1fc4	2,6,7,8,9,10,11,12	215	32449139	6.6257536139864913e-06
5	block2x2	mask_20bf	0,1,2,3,4,5,7,13	4632	32449139	0.00014274646855807176
5	block2x2	mask_20df	0,1,2,3,4,6,7,13	1039	32449139	3.2019339557823089e-05
5	block2x2	mask_20f7	0,1,2,4,5,6,7,13	25673	32449139	0.00079117661642732649
5	block2x2	mask_20fb	0,1,3,4,5,6,7,13	866	32449139	2.6687919207964194e-05
5	block2x2	mask_20fd	0,2,3,4,5,6,7,13	1125	32449139	3.4669641003417686e-05
5	block2x2	mask_20fe	1,2,3,4,5,6,7,13	14572	32449139	0.00044907200773493559
5	block2x2	mask_219f	0,1,2,3,4,7,8,13	28	32449139	8.6288884275172914e-07
5	block2x2	mask_21af	0,1,2,3,5,7,8,13	840	32449139	2.5886665282551873e-05
5	block2x2	mask_21b7	0,1,2,4,5,7,8,13	16874	32449139	0.00052001379759259564
5	block2x2	mask_21bb	0,1,3,4,5,7,8,13	543	32449139	1.6733880057649602e-05
5	block2x2	mask_21bd	0,2,3,4,5,7,8,13	70	32449139	2.1572221068793229e-06
5	block2x2	mask_21be	1,2,3,4,5,7,8,13	210	32449139	6.4716663206379683e-06
5	block2x2	mask_21cf	0,1,2,3,6,7,8,13	2234	32449139	6.8846202668120104e-05
5	block2x2	mask_21d7	0,1,2,4,6,7,8,13	308	32449139	9.4917772702690196e-06
5	block2x2	mask_21db	0,1,3,4,6,7,8,13	48	32449139	1.4792380161458214e-06
5	block2x2	mask_21dd	0,2,3,4,6,7,8,13	13	32449139	4.0062696270615993e-07
5	block2x2	mask_21de	1,2,3,4,6,7,8,13	1172	32449139	3.6118061560893802e-05
5	block2x2	mask_21e7	0,1,2,5,6,7,8,13	2242	32449139	6.9092742337477738e-05
5	block2x2	mask_21eb	0,1,3,5,6,7,8,13	192	32449139	5.9169520645832855e-06
5	block2x2	mask_21ed	0,2,3,5,6,7,8,13	2115	32449139	6.5178925086425247e-05
5	block2x2	mask_21ee	1,2,3,5,6,7,8,13	12509	32449139	0.000385495590499335
5	block2x2	mask_21f3	0,1,4,5,6,7,8,13	13285	32449139	0.00040940993842702577
5	block2x2	mask_21f5	0,2,4,5,6,7,8,13	390	32449139	1.2018808881184798e-05
5	block2x2	mask_21f6	1,2,4,5,6,7,8,13	7266	32449139	0.00022391965469407369
5	block2x2	mask_21f9	0,3,4,5,6,7,8,13	38	32449139	1.1710634294487751e-06
5	block2x2	mask_21fa	1,3,4,5,6,7,8,13	150	32449139	4.6226188004556919e-06
5	block2x2	mask_21fc	2,3,4,5,6,7,8,13	1108	32449139	3.4145744206032709e-05
5	block2x2	mask_229f	0,1,2,3,4,7,9,13	196	32449139	6.0402218992621035e-06
5	block2x2	mask_22bb	0,1,3,4,5,7,9,13	111	32449139	3.4207379123372119e-06
5	block2x2	mask_22bd	0,2,3,4,5,7,9,13	333	32449139	1.0262213737011635e-05
5	block2x2	mask_22be	1,2,3,4,5,7,9,13	615	32449139	1.8952737081868337e-05
5	block2x2	mask_22d7	0,1,2,4,6,7,9,13	418	32449139	1.2881697723936528e-05
5	block2x2	mask_22db	0,1,3,4,6,7,9,13	57	32449139	1.7565951441731628e-06
5	block2x2	mask_22dd	0,2,3,4,6,7,9,13	94	32449139	2.8968411149522334e-06
5	block2x2	mask_22de	1,2,3,4,6,7,9,13	3514	32449139	0.000108292549765342
5	block2x2	mask_22f3	0,1,4,5,6,7,9,13	5466	32449139	0.0001684482290886054
5	block2x2	mask_22f5	0,2,4,5,6,7,9,13	1501	32449139	4.625700546322662e-05
5	block2x2	mask_22f6	1,2,4,5,6,7,9,13	6834	32449139	0.00021060651254876131
5	block2x2	mask_22f9	0,3,4,5,6,7,9,13	132	32449139	4.0679045444010083e-06
5	block2x2	mask_22fa	1,3,4,5,6,7,9,13	397	32449139	1.223453109187273e-05
5	block2x2	mask_22fc	2,3,4,5,6,7,9,13	4153	32449139	0.00012798490585528324
5	block2x2	mask_238f	0,1,2,3,7,8,9,13	49	32449139	1.5100554748155259e-06
5	block2x2	mask_239b	0,1,3,4,7,8,9,13	5	32449139	1.5408729334852306e-07
5	block2x2	mask_239d	0,2,3,4,7,8,9,13	4	32449139	1.2326983467881845e-07
5	block2x2	mask_239e	1,2,3,4,7,8,9,13	69	32449139	2.1264046482096182e-06
5	block2x2	mask_23ab	0,1,3,5,7,8,9,13	4	32449139	1.2326983467881845e-07
5	block2x2	mask_23ad	0,2,3,5,7,8,9,13	248	32449139	7.6427297500867432e-06
5	block2x2	mask_23ae	1,2,3,5,7,8,9,13	196	32449139	6.0402218992621035e-06
5	block2x2	mask_23b9	0,3,4,5,7,8,9,13	15	32449139	4.6226188004556916e-07
5	block2x2	mask_23ba	1,3,4,5,7,8,9,13	31	32449139	9.553412187608429e-07
5	block2x2	mask_23bc	2,3,4,5,7,8,9,13	153	32449139	4.7150711764648055e-06
5	block2x2	mask_23c7	0,1,2,6,7,8,9,13	55	32449139	1.6949602268337536e-06
5	block2x2	mask_23cb	0,1,3,6,7,8,9,13	13	32449139	4.0062696270615993e-07
5	block2x2	mask_23cd	0,2,3,6,7,8,9,13	270	32449139	8.3207138408202456e-06
5	block2x2	mask_23ce	1,2,3,6,7,8,9,13	983	32449139	3.0293561872319633e-05
5	block2x2	mask_23d6	1,2,4,6,7,8,9,13	100	32449139	3.0817458669704611e-06
5	block2x2	mask_23d9	0,3,4,6,7,8,9,13	8	32449139	2.465396693576369e-07
5	block2x2	mask_23da	1,3,4,6,7,8,9,13	47	32449139	1.4484205574761167e-06
5	block2x2	mask_23dc	2,3,4,6,7,8,9,13	87	32449139	2.681118904264301e-06
5	block2x2	mask_23e5	0,2,5,6,7,8,9,13	328	32449139	1.0108126443663112e-05
5	block2x2	mask_23e6	1,2,5,6,7,8,9,13	2275	32449139	7.0109718473577984e-05
5	block2x2	mask_23e9	0,3,5,6,7,8,9,13	62	32449139	1.9106824375216858e-06
5	block2x2	mask_23ea	1,3,5,6,7,8,9,13	183	32449139	5.6395949365559437e-06
5	block2x2	mask_23ec	2,3,5,6,7,8,9,13	2366	32449139	7.2914107212521115e-05
5	block2x2	mask_249f	0,1,2,3,4,7,10,13	4	32449139	1.2326983467881845e-07
5	block2x2	mask_24b7	0,1,2,4,5,7,10,13	634	32449139	1.9538268796592723e-05
5	block2x2	mask_24bb	0,1,3,4,5,7,10,13	30	32449139	9.2452376009113831e-07
5	block2x2	mask_24bd	0,2,3,4,5,7,10,13	15	32449139	4.6226188004556916e-07
5	block2x2	mask_24be	1,2,3,4,5,7,10,13	73	32449139	2.2496744828884366e-06
5	block2x2	mask_24d7	0,1,2,4,6,7,10,13	60	32449139	1.8490475201822766e-06
5	block2x2	mask_24db	0,1,3,4,6,7,10,13	16	32449139	4.930793387152738e-07
5	block2x2	mask_24dd	0,2,3,4,6,7,10,13	68	32449139	2.0955871895399135e-06
5	block2x2	mask_24de	1,2,3,4,6,7,10,13	3215	32449139	9.9078129623100328e-05
5	block2x2	mask_24f3	0,1,4,5,6,7,10,13	1938	32449139	5.9724234901887532e-05
5	block2x2	mask_24f5	0,2,4,5,6,7,10,13	199	32449139	6.1326742752712171e-06
5	block2x2	mask_24f6	1,2,4,5,6,7,10,13	3483	32449139	0.00010733720854658116
5	block2x2	mask_24f9	0,3,4,5,6,7,10,13	36	32449139	1.1094285121093659e-06
5	block2x2	mask_24fa	1,3,4,5,6,7,10,13	365	32449139	1.1248372414442183e-05
5	block2x2	mask_24fc	2,3,4,5,6,7,10,13	3203	32449139	9.870832011906387e-05
5	block2x2	mask_258f	0,1,2,3,7,8,10,13	1	32449139	3.0817458669704612e-08
5	block2x2	mask_2597	0,1,2,4,7,8,10,13	5	32449139	1.5408729334852306e-07
5	block2x2	mask_259b	0,1,3,4,7,8,10,13	1	32449139	3.0817458669704612e-08
5	block2x2	mask_259e	1,2,3,4,7,8,10,13	2	32449139	6.1634917339409224e-08
5	block2x2	mask_25a7	0,1,2,5,7,8,10,13	10	32449139	3.0817458669704612e-07
5	block2x2	mask_25ad	0,2,3,5,7,8,10,13	8	32449139	2.465396693576369e-07
5	block2x2	mask_25ae	1,2,3,5,7,8,10,13	7	32449139	2.1572221068793229e-07
5	block2x2	mask_25b6	1,2,4,5,7,8,10,13	27	32449139	8.3207138408202445e-07
5	block2x2	mask_25b9	0,3,4,5,7,8,10,13	1	32449139	3.0817458669704612e-08
5	block2x2	mask_25ba	1,3,4,5,7,8,10,13	1	32449139	3.0817458669704612e-08
5	block2x2	mask_25bc	2,3,4,5,7,8,10,13	6	32449139	1.8490475201822767e-07
5	block2x2	mask_25c7	0,1,2,6,7,8,10,13	24	32449139	7.3961900807291069e-07
5	block2x2	mask_25cb	0,1,3,6,7,8,10,13	4	32449139	1.2326983467881845e-07
5	block2x2	mask_25cd	0,2,3,6,7,8,10,13	63	32449139	1.9414998961913905e-06
5	block2x2	mask_25ce	1,2,3,6,7,8,10,13	229	32449139	7.0571980353623562e-06
5	block2x2	mask_25d3	0,1,4,6,7,8,10,13	21	32449139	6.4716663206379683e-07
5	block2x2	mask_25d5	0,2,4,6,7,8,10,13	3	32449139	9.2452376009113837e-08
5	block2x2	mask_25d6	1,2,4,6,7,8,10,13	23	32449139	7.08801549403206e-07
5	block2x2	mask_25d9	0,3,4,6,7,8,10,13	1	32449139	3.0817458669704612e-08
5	block2x2	mask_25da	1,3,4,6,7,8,10,13	7	32449139	2.1572221068793229e-07
5	block2x2	mask_25dc	2,3,4,6,7,8,10,13	31	32449139	9.553412187608429e-07
5	block2x2	mask_25e3	0,1,5,6,7,8,10,13	160	32449139	4.930793387152738e-06
5	block2x2	mask_25e5	0,2,5,6,7,8,10,13	84	32449139	2.5886665282551873e-06
5	block2x2	mask_25e6	1,2,5,6,7,8,10,13	477	32449139	1.4699927785449099e-05
5	block2x2	mask_25e9	0,3,5,6,7,8,10,13	13	32449139	4.0062696270615993e-07
5	block2x2	mask_25ea	1,3,5,6,7,8,10,13	126	32449139	3.882999792382781e-06
5	block2x2	mask_25ec	2,3,5,6,7,8,10,13	211	32449139	6.5024837793076726e-06
5	block2x2	mask_25f2	1,4,5,6,7,8,10,13	394	32449139	1.2142078715863617e-05
5	block2x2	mask_25f4	2,4,5,6,7,8,10,13	159	32449139	4.8999759284830328e-06
5	block2x2	mask_269d	0,2,3,4,7,9,10,13	2	32449139	6.1634917339409224e-08
5	block2x2	mask_269e	1,2,3,4,7,9,10,13	12	32449139	3.6980950403645535e-07
5	block2x2	mask_26b9	0,3,4,5,7,9,10,13	21	32449139	6.4716663206379683e-07
5	block2x2	mask_26ba	1,3,4,5,7,9,10,13	38	32449139	1.1710634294487751e-06
5	block2x2	mask_26bc	2,3,4,5,7,9,10,13	87	32449139	2.681118904264301e-06
5	block2x2	mask_26d3	0,1,4,6,7,9,10,13	77	32449139	2.3729443175672549e-06
5	block2x2	mask_26d5	0,2,4,6,7,9,10,13	75	32449139	2.3113094002278459e-06
5	block2x2	mask_26d6	1,2,4,6,7,9,10,13	524	32449139	1.6148348342925216e-05
5	block2x2	mask_26d9	0,3,4,6,7,9,10,13	41	32449139	1.263515805457889e-06
5	block2x2	mask_26da	1,3,4,6,7,9,10,13	157	32449139	4.8383410111436235e-06
5	block2x2	mask_26dc	2,3,4,6,7,9,10,13	854	32449139	2.6318109703927736e-05
5	block2x2	mask_26f2	1,4,5,6,7,9,10,13	3503	32449139	0.00010795355771997525
5	block2x2	mask_26f4	2,4,5,6,7,9,10,13	6249	32449139	0.00019257829922698412
5	block2x2	mask_278b	0,1,3,7,8,9,10,13	1	32449139	3.0817458669704612e-08
5	block2x2	mask_278d	0,2,3,7,8,9,10,13	3	32449139	9.2452376009113837e-08
5	block2x2	mask_278e	1,2,3,7,8,9,10,13	7	32449139	2.1572221068793229e-07
5	block2x2	mask_2799	0,3,4,7,8,9,10,13	5	32449139	1.5408729334852306e-07
5	block2x2	mask_279a	1,3,4,7,8,9,10,13	4	32449139	1.2326983467881845e-07
5	block2x2	mask_279c	2,3,4,7,8,9,10,13	3	32449139	9.2452376009113837e-08
5	block2x2	mask_27a9	0,3,5,7,8,9,10,13	20	32449139	6.1634917339409224e-07
5	block2x2	mask_27aa	1,3,5,7,8,9,10,13	53	32449139	1.6333253094943444e-06
5	block2x2	mask_27ac	2,3,5,7,8,9,10,13	34	32449139	1.0477935947699568e-06
5	block2x2	mask_27c5	0,2,6,7,8,9,10,13	22	32449139	6.7798409073350142e-07
5	block2x2	mask_27c6	1,2,6,7,8,9,10,13	413	32449139	1.2727610430588005e-05
5	block2x2	mask_27c9	0,3,6,7,8,9,10,13	22	32449139	6.7798409073350142e-07
5	block2x2	mask_27ca	1,3,6,7,8,9,10,13	71	32449139	2.1880395655490272e-06
5	block2x2	mask_27e4	2,5,6,7,8,9,10,13	1562	32449139	4.8136870442078599e-05
5	block2x2	mask_283f	0,1,2,3,4,5,11,13	1172	32449139	3.6118061560893802e-05
5	block2x2	mask_285f	0,1,2,3,4,6,11,13	9	32449139	2.7735712802734148e-07
5	block2x2	mask_2877	0,1,2,4,5,6,11,13	5752	32449139	0.00017726202226814092
5	block2x2	mask_287b	0,1,3,4,5,6,11,13	286	32449139	8.8137931795355189e-06
5	block2x2	mask_287d	0,2,3,4,5,6,11,13	45	32449139	1.3867856401367075e-06
5	block2x2	mask_287e	1,2,3,4,5,6,11,13	305	32449139	9.3993248942599068e-06
5	block2x2	mask_289f	0,1,2,3,4,7,11,13	5	32449139	1.5408729334852306e-07
5	block2x2	mask_28b7	0,1,2,4,5,7,11,13	529	32449139	1.6302435636273739e-05
5	block2x2	mask_28bb	0,1,3,4,5,7,11,13	2	32449139	6.1634917339409224e-08
5	block2x2	mask_28bd	0,2,3,4,5,7,11,13	27	32449139	8.3207138408202445e-07
5	block2x2	mask_28be	1,2,3,4,5,7,11,13	79	32449139	2.4345792349066643e-06
5	block2x2	mask_28d7	0,1,2,4,6,7,11,13	13	32449139	4.0062696270615993e-07
5	block2x2	mask_28db	0,1,3,4,6,7,11,13	1	32449139	3.0817458669704612e-08
5	block2x2	mask_28dd	0,2,3,4,6,7,11,13	123	32449139	3.7905474163736669e-06
5	block2x2	mask_28de	1,2,3,4,6,7,11,13	1195	32449139	3.6826863110297009e-05
5	block2x2	mask_28f3	0,1,4,5,6,7,11,13	412	32449139	1.2696792971918299e-05
5	block2x2	mask_28f5	0,2,4,5,6,7,11,13	55	32449139	1.6949602268337536e-06
5	block2x2	mask_28f6	1,2,4,5,6,7,11,13	1145	32449139	3.5285990176811778e-05
5	block2x2	mask_28f9	0,3,4,5,6,7,11,13	3	32449139	9.2452376009113837e-08
5	block2x2	mask_28fa	1,3,4,5,6,7,11,13	39	32449139	1.2018808881184798e-06
5	block2x2	mask_28fc	2,3,4,5,6,7,11,13	1060	32449139	3.266650618988689e-05
5	block2x2	mask_291f	0,1,2,3,4,8,11,13	1	32449139	3.0817458669704612e-08
5	block2x2	mask_292f	0,1,2,3,5,8,11,13	3	32449139	9.2452376009113837e-08
5	block2x2	mask_293b	0,1,3,4,5,8,11,13	12	32449139	3.6980950403645535e-07
5	block2x2	mask_293d	0,2,3,4,5,8,11,13	2	32449139	6.1634917339409224e-08
5	block2x2	mask_293e	1,2,3,4,5,8,11,13	5	32449139	1.5408729334852306e-07
5	block2x2	mask_2957	0,1,2,4,6,8,11,13	2	32449139	6.1634917339409224e-08
5	block2x2	mask_295b	0,1,3,4,6,8,11,13	2	32449139	6.1634917339409224e-08
5	block2x2	mask_295d	0,2,3,4,6,8,11,13	1	32449139	3.0817458669704612e-08
5	block2x2	mask_2967	0,1,2,5,6,8,11,13	86	32449139	2.6503014455945967e-06
5	block2x2	mask_296b	0,1,3,5,6,8,11,13	4	32449139	1.2326983467881845e-07
5	block2x2	mask_296d	0,2,3,5,6,8,11,13	1	32449139	3.0817458669704612e-08
5	block2x2	mask_296e	1,2,3,5,6,8,11,13	16	32449139	4.930793387152738e-07
5	block2x2	mask_2975	0,2,4,5,6,8,11,13	36	32449139	1.1094285121093659e-06
5	block2x2	mask_2976	1,2,4,5,6,8,11,13	583	32449139	1.7966578404437787e-05
5	block2x2	mask_2979	0,3,4,5,6,8,11,13	1	32449139	3.0817458669704612e-08
5	block2x2	mask_297a	1,3,4,5,6,8,11,13	4	32449139	1.2326983467881845e-07
5	block2x2	mask_297c	2,3,4,5,6,8,11,13	10	32449139	3.0817458669704612e-07
5	block2x2	mask_299d	0,2,3,4,7,8,11,13	1	32449139	3.0817458669704612e-08
5	block2x2	mask_299e	1,2,3,4,7,8,11,13	1	32449139	3.0817458669704612e-08
5	block2x2	mask_29a7	0,1,2,5,7,8,11,13	4	32449139	1.2326983467881845e-07
5	block2x2	mask_29ad	0,2,3,5,7,8,11,13	33	32449139	1.0169761361002521e-06
5	block2x2	mask_29ae	1,2,3,5,7,8,11,13	4	32449139	1.2326983467881845e-07
5	block2x2	mask_29b3	0,1,4,5,7,8,11,13	49	32449139	1.5100554748155259e-06
5	block2x2	mask_29b5	0,2,4,5,7,8,11,13	1	32449139	3.0817458669704612e-08
5	block2x2	mask_29b6	1,2,4,5,7,8,11,13	9	32449139	2.7735712802734148e-07
5	block2x2	mask_29bc	2,3,4,5,7,8,11,13	2	32449139	6.1634917339409224e-08
5	block2x2	mask_29c7	0,1,2,6,7,8,11,13	6	32449139	1.8490475201822767e-07
5	block2x2	mask_29cd	0,2,3,6,7,8,11,13	4	32449139	1.2326983467881845e-07
5	block2x2	mask_29ce	1,2,3,6,7,8,11,13	19	32449139	5.8553171472438755e-07
5	block2x2	mask_29d3	0,1,4,6,7,8,11,13	2	32449139	6.1634917339409224e-08
5	block2x2	mask_29d5	0,2,4,6,7,8,11,13	1	32449139	3.0817458669704612e-08
5	block2x2	mask_29d6	1,2,4,6,7,8,11,13	2	32449139	6.1634917339409224e-08
5	block2x2	mask_29dc	2,3,4,6,7,8,11,13	37	32449139	1.1402459707790706e-06
5	block2x2	mask_29e3	0,1,5,6,7,8,11,13	18	32449139	5.5471425605468297e-07
5	block2x2	mask_29e5	0,2,5,6,7,8,11,13	16	32449139	4.930793387152738e-07
5	block2x2	mask_29e6	1,2,5,6,7,8,11,13	101	32449139	3.1125633256401658e-06
5	block2x2	mask_29e9	0,3,5,6,7,8,11,13	4	32449139	1.2326983467881845e-07
5	block2x2	mask_29ea	1,3,5,6,7,8,11,13	4	32449139	1.2326983467881845e-07
5	block2x2	mask_29f2	1,4,5,6,7,8,11,13	10	32449139	3.0817458669704612e-07
5	block2x2	mask_29f4	2,4,5,6,7,8,11,13	11	32449139	3.3899204536675071e-07
5	block2x2	mask_2a1f	0,1,2,3,4,9,11,13	58	32449139	1.7874126028428675e-06
5	block2x2	mask_2a3b	0,1,3,4,5,9,11,13	49	32449139	1.5100554748155259e-06
5	block2x2	mask_2a3d	0,2,3,4,5,9,11,13	19	32449139	5.8553171472438755e-07
5	block2x2	mask_2a3e	1,2,3,4,5,9,11,13	32	32449139	9.8615867743054759e-07
5	block2x2	mask_2a57	0,1,2,4,6,9,11,13	33	32449139	1.0169761361002521e-06
5	block2x2	mask_2a5b	0,1,3,4,6,9,11,13	4	32449139	1.2326983467881845e-07
5	block2x2	mask_2a5d	0,2,3,4,6,9,11,13	3	32449139	9.2452376009113837e-08
5	block2x2	mask_2a5e	1,2,3,4,6,9,11,13	6	32449139	1.8490475201822767e-07
5	block2x2	mask_2a75	0,2,4,5,6,9,11,13	406	32449139	1.2511888219900072e-05
5	block2x2	mask_2a76	1,2,4,5,6,9,11,13	902	32449139	2.7797347720073558e-05
5	block2x2	mask_2a79	0,3,4,5,6,9,11,13	32	32449139	9.8615867743054759e-07
5	block2x2	mask_2a7a	1,3,4,5,6,9,11,13	45	32449139	1.3867856401367075e-06
5	block2x2	mask_2a7c	2,3,4,5,6,9,11,13	132	32449139	4.0679045444010083e-06
5	block2x2	mask_2a97	0,1,2,4,7,9,11,13	4	32449139	1.2326983467881845e-07
5	block2x2	mask_2a9d	0,2,3,4,7,9,11,13	3	32449139	9.2452376009113837e-08
5	block2x2	mask_2a9e	1,2,3,4,7,9,11,13	95	32449139	2.9276585736219381e-06
5	block2x2	mask_2ab3	0,1,4,5,7,9,11,13	25	32449139	7.7043646674261528e-07
5	block2x2	mask_2ab5	0,2,4,5,7,9,11,13	29	32449139	8.9370630142143373e-07
5	block2x2	mask_2ab6	1,2,4,5,7,9,11,13	39	32449139	1.2018808881184798e-06
5	block2x2	mask_2abc	2,3,4,5,7,9,11,13	38	32449139	1.1710634294487751e-06
5	block2x2	mask_2ad3	0,1,4,6,7,9,11,13	5	32449139	1.5408729334852306e-07
5	block2x2	mask_2ad5	0,2,4,6,7,9,11,13	5	32449139	1.5408729334852306e-07
5	block2x2	mask_2ad6	1,2,4,6,7,9,11,13	64	32449139	1.9723173548610952e-06
5	block2x2	mask_2ad9	0,3,4,6,7,9,11,13	1	32449139	3.0817458669704612e-08
5	block2x2	mask_2ada	1,3,4,6,7,9,11,13	4	32449139	1.2326983467881845e-07
5	block2x2	mask_2adc	2,3,4,6,7,9,11,13	144	32449139	4.4377140484374637e-06
5	block2x2	mask_2af2	1,4,5,6,7,9,11,13	290	32449139	8.9370630142143377e-06
5	block2x2	mask_2af4	2,4,5,6,7,9,11,13	696	32449139	2.1448951234114408e-05
5	block2x2	mask_2b1b	0,1,3,4,8,9,11,13	3	32449139	9.2452376009113837e-08
5	block2x2	mask_2b1d	0,2,3,4,8,9,11,13	2	32449139	6.1634917339409224e-08
5	block2x2	mask_2b1e	1,2,3,4,8,9,11,13	3	32449139	9.2452376009113837e-08
5	block2x2	mask_2b2b	0,1,3,5,8,9,11,13	1	32449139	3.0817458669704612e-08
5	block2x2	mask_2b2d	0,2,3,5,8,9,11,13	7	32449139	2.1572221068793229e-07
5	block2x2	mask_2b2e	1,2,3,5,8,9,11,13	2	32449139	6.1634917339409224e-08
5	block2x2	mask_2b39	0,3,4,5,8,9,11,13	3	32449139	9.2452376009113837e-08
5	block2x2	mask_2b3a	1,3,4,5,8,9,11,13	37	32449139	1.1402459707790706e-06
5	block2x2	mask_2b3c	2,3,4,5,8,9,11,13	33	32449139	1.0169761361002521e-06
5	block2x2	mask_2b47	0,1,2,6,8,9,11,13	8	32449139	2.465396693576369e-07
5	block2x2	mask_2b4d	0,2,3,6,8,9,11,13	1	32449139	3.0817458669704612e-08
5	block2x2	mask_2b4e	1,2,3,6,8,9,11,13	3	32449139	9.2452376009113837e-08
5	block2x2	mask_2b55	0,2,4,6,8,9,11,13	17	32449139	5.2389679738497838e-07
5	block2x2	mask_2b56	1,2,4,6,8,9,11,13	38	32449139	1.1710634294487751e-06
5	block2x2	mask_2b59	0,3,4,6,8,9,11,13	1	32449139	3.0817458669704612e-08
5	block2x2	mask_2b5a	1,3,4,6,8,9,11,13	2	32449139	6.1634917339409224e-08
5	block2x2	mask_2b5c	2,3,4,6,8,9,11,13	4	32449139	1.2326983467881845e-07
5	block2x2	mask_2b65	0,2,5,6,8,9,11,13	183	32449139	5.6395949365559437e-06
5	block2x2	mask_2b66	1,2,5,6,8,9,11,13	456	32449139	1.4052761153385302e-05
5	block2x2	mask_2b69	0,3,5,6,8,9,11,13	3	32449139	9.2452376009113837e-08
5	block2x2	mask_2b6a	1,3,5,6,8,9,11,13	16	32449139	4.930793387152738e-07
5	block2x2	mask_2b74	2,4,5,6,8,9,11,13	1292	32449139	3.9816156601258355e-05
5	block2x2	mask_2b87	0,1,2,7,8,9,11,13	3	32449139	9.2452376009113837e-08
5	block2x2	mask_2b8e	1,2,3,7,8,9,11,13	2	32449139	6.1634917339409224e-08
5	block2x2	mask_2b93	0,1,4,7,8,9,11,13	2	32449139	6.1634917339409224e-08
5	block2x2	mask_2b95	0,2,4,7,8,9,11,13	1	32449139	3.0817458669704612e-08
5	block2x2	mask_2b96	1,2,4,7,8,9,11,13	6	32449139	1.8490475201822767e-07
5	block2x2	mask_2ba3	0,1,5,7,8,9,11,13	1	32449139	3.0817458669704612e-08
5	block2x2	mask_2ba5	0,2,5,7,8,9,11,13	14	32449139	4.3144442137586457e-07
5	block2x2	mask_2ba6	1,2,5,7,8,9,11,13	7	32449139	2.1572221068793229e-07
5	block2x2	mask_2baa	1,3,5,7,8,9,11,13	1	32449139	3.0817458669704612e-08
5	block2x2	mask_2bb2	1,4,5,7,8,9,11,13	11	32449139	3.3899204536675071e-07
5	block2x2	mask_2bb4	2,4,5,7,8,9,11,13	34	32449139	1.0477935947699568e-06
5	block2x2	mask_2bc5	0,2,6,7,8,9,11,13	6	32449139	1.8490475201822767e-07
5	block2x2	mask_2bc6	1,2,6,7,8,9,11,13	27	32449139	8.3207138408202445e-07
5	block2x2	mask_2bd2	1,4,6,7,8,9,11,13	18	32449139	5.5471425605468297e-07
5	block2x2	mask_2bd4	2,4,6,7,8,9,11,13	11	32449139	3.3899204536675071e-07
5	block2x2	mask_2be2	1,5,6,7,8,9,11,13	172	32449139	5.3006028911891934e-06
5	block2x2	mask_2c1f	0,1,2,3,4,10,11,13	7	32449139	2.1572221068793229e-07
5	block2x2	mask_2c3b	0,1,3,4,5,10,11,13	20	32449139	6.1634917339409224e-07
5	block2x2	mask_2c3d	0,2,3,4,5,10,11,13	6	32449139	1.8490475201822767e-07
5	block2x2	mask_2c57	0,1,2,4,6,10,11,13	21	32449139	6.4716663206379683e-07
5	block2x2	mask_2c5b	0,1,3,4,6,10,11,13	3	32449139	9.2452376009113837e-08
5	block2x2	mask_2c5d	0,2,3,4,6,10,11,13	1	32449139	3.0817458669704612e-08
5	block2x2	mask_2c75	0,2,4,5,6,10,11,13	82	32449139	2.5270316109157779e-06
5	block2x2	mask_2c79	0,3,4,5,6,10,11,13	15	32449139	4.6226188004556916e-07
5	block2x2	mask_2c97	0,1,2,4,7,10,11,13	1	32449139	3.0817458669704612e-08
5	block2x2	mask_2cb3	0,1,4,5,7,10,11,13	15	32449139	4.6226188004556916e-07
5	block2x2	mask_2cb5	0,2,4,5,7,10,11,13	5	32449139	1.5408729334852306e-07
5	block2x2	mask_2cd3	0,1,4,6,7,10,11,13	13	32449139	4.0062696270615993e-07
5	block2x2	mask_2cd5	0,2,4,6,7,10,11,13	13	32449139	4.0062696270615993e-07
5	block2x2	mask_2d1b	0,1,3,4,8,10,11,13	4	32449139	1.2326983467881845e-07
5	block2x2	mask_2d1e	1,2,3,4,8,10,11,13	1	32449139	3.0817458669704612e-08
5	block2x2	mask_2d2d	0,2,3,5,8,10,11,13	1	32449139	3.0817458669704612e-08
5	block2x2	mask_2d2e	1,2,3,5,8,10,11,13	4	32449139	1.2326983467881845e-07
5	block2x2	mask_2d3a	1,3,4,5,8,10,11,13	9	32449139	2.7735712802734148e-07
5	block2x2	mask_2d3c	2,3,4,5,8,10,11,13	4	32449139	1.2326983467881845e-07
5	block2x2	mask_2d4d	0,2,3,6,8,10,11,13	4	32449139	1.2326983467881845e-07
5	block2x2	mask_2d55	0,2,4,6,8,10,11,13	12	32449139	3.6980950403645535e-07
5	block2x2	mask_2d56	1,2,4,6,8,10,11,13	2	32449139	6.1634917339409224e-08
5	block2x2	mask_2d59	0,3,4,6,8,10,11,13	1	32449139	3.0817458669704612e-08
5	block2x2	mask_2d5a	1,3,4,6,8,10,11,13	2	32449139	6.1634917339409224e-08
5	block2x2	mask_2d5c	2,3,4,6,8,10,11,13	6	32449139	1.8490475201822767e-07
5	block2x2	mask_2d65	0,2,5,6,8,10,11,13	16	32449139	4.930793387152738e-07
5	block2x2	mask_2d66	1,2,5,6,8,10,11,13	427	32449139	1.3159054851963868e-05
5	block2x2	mask_2d69	0,3,5,6,8,10,11,13	5	32449139	1.5408729334852306e-07
5	block2x2	mask_2d6a	1,3,5,6,8,10,11,13	22	32449139	6.7798409073350142e-07
5	block2x2	mask_2d74	2,4,5,6,8,10,11,13	122	32449139	3.7597299577039626e-06
5	block2x2	mask_2d87	0,1,2,7,8,10,11,13	1	32449139	3.0817458669704612e-08
5	block2x2	mask_2d8d	0,2,3,7,8,10,11,13	1	32449139	3.0817458669704612e-08
5	block2x2	mask_2d95	0,2,4,7,8,10,11,13	1	32449139	3.0817458669704612e-08
5	block2x2	mask_2d99	0,3,4,7,8,10,11,13	1	32449139	3.0817458669704612e-08
5	block2x2	mask_2d9c	2,3,4,7,8,10,11,13	1	32449139	3.0817458669704612e-08
5	block2x2	mask_2da3	0,1,5,7,8,10,11,13	5	32449139	1.5408729334852306e-07
5	block2x2	mask_2da6	1,2,5,7,8,10,11,13	3	32449139	9.2452376009113837e-08
5	block2x2	mask_2db4	2,4,5,7,8,10,11,13	4	32449139	1.2326983467881845e-07
5	block2x2	mask_2dc3	0,1,6,7,8,10,11,13	12	32449139	3.6980950403645535e-07
5	block2x2	mask_2dc5	0,2,6,7,8,10,11,13	13	32449139	4.0062696270615993e-07
5	block2x2	mask_2dc9	0,3,6,7,8,10,11,13	3	32449139	9.2452376009113837e-08
5	block2x2	mask_2dd2	1,4,6,7,8,10,11,13	3	32449139	9.2452376009113837e-08
5	block2x2	mask_2e1d	0,2,3,4,9,10,11,13	3	32449139	9.2452376009113837e-08
5	block2x2	mask_2e39	0,3,4,5,9,10,11,13	10	32449139	3.0817458669704612e-07
5	block2x2	mask_2e3a	1,3,4,5,9,10,11,13	59	32449139	1.8182300615125719e-06
5	block2x2	mask_2e3c	2,3,4,5,9,10,11,13	93	32449139	2.8660236562825287e-06
5	block2x2	mask_2e59	0,3,4,6,9,10,11,13	10	32449139	3.0817458669704612e-07
5	block2x2	mask_2e74	2,4,5,6,9,10,11,13	1017	32449139	3.1341355467089591e-05
5	block2x2	mask_2e93	0,1,4,7,9,10,11,13	1	32449139	3.0817458669704612e-08
5	block2x2	mask_2e95	0,2,4,7,9,10,11,13	1	32449139	3.0817458669704612e-08
5	block2x2	mask_2e99	0,3,4,7,9,10,11,13	1	32449139	3.0817458669704612e-08
5	block2x2	mask_2f19	0,3,4,8,9,10,11,13	2	32449139	6.1634917339409224e-08
5	block2x2	mask_2f1c	2,3,4,8,9,10,11,13	4	32449139	1.2326983467881845e-07
5	block2x2	mask_2f29	0,3,5,8,9,10,11,13	2	32449139	6.1634917339409224e-08
5	block2x2	mask_2f2a	1,3,5,8,9,10,11,13	11	32449139	3.3899204536675071e-07
5	block2x2	mask_2f49	0,3,6,8,9,10,11,13	1	32449139	3.0817458669704612e-08
5	block2x2	mask_2f83	0,1,7,8,9,10,11,13	2	32449139	6.1634917339409224e-08
5	block2x2	mask_2f85	0,2,7,8,9,10,11,13	1	32449139	3.0817458669704612e-08
5	block2x2	mask_309f	0,1,2,3,4,7,12,13	2	32449139	6.1634917339409224e-08
5	block2x2	mask_30af	0,1,2,3,5,7,12,13	3	32449139	9.2452376009113837e-08
5	block2x2	mask_30bd	0,2,3,4,5,7,12,13	1	32449139	3.0817458669704612e-08
5	block2x2	mask_30be	1,2,3,4,5,7,12,13	3	32449139	9.2452376009113837e-08
5	block2x2	mask_30cf	0,1,2,3,6,7,12,13	21	32449139	6.4716663206379683e-07
5	block2x2	mask_30de	1,2,3,4,6,7,12,13	51	32449139	1.571690392154935e-06
5	block2x2	mask_30ed	0,2,3,5,6,7,12,13	43	32449139	1.3251507227972984e-06
5	block2x2	mask_30fa	1,3,4,5,6,7,12,13	2	32449139	6.1634917339409224e-08
5	block2x2	mask_30fc	2,3,4,5,6,7,12,13	13	32449139	4.0062696270615993e-07
5	block2x2	mask_318f	0,1,2,3,7,8,12,13	1	32449139	3.0817458669704612e-08
5	block2x2	mask_319e	1,2,3,4,7,8,12,13	1	32449139	3.0817458669704612e-08
5	block2x2	mask_31ad	0,2,3,5,7,8,12,13	23	32449139	7.08801549403206e-07
5	block2x2	mask_31ae	1,2,3,5,7,8,12,13	9	32449139	2.7735712802734148e-07
5	block2x2	mask_31cd	0,2,3,6,7,8,12,13	4	32449139	1.2326983467881845e-07
5	block2x2	mask_31ce	1,2,3,6,7,8,12,13	36	32449139	1.1094285121093659e-06
5	block2x2	mask_31d9	0,3,4,6,7,8,12,13	7	32449139	2.1572221068793229e-07
5	block2x2	mask_31da	1,3,4,6,7,8,12,13	44	32449139	1.3559681814670028e-06
5	block2x2	mask_31dc	2,3,4,6,7,8,12,13	2	32449139	6.1634917339409224e-08
5	block2x2	mask_31e9	0,3,5,6,7,8,12,13	11	32449139	3.3899204536675071e-07
5	block2x2	mask_31ea	1,3,5,6,7,8,12,13	20	32449139	6.1634917339409224e-07
5	block2x2	mask_31ec	2,3,5,6,7,8,12,13	26	32449139	8.0125392541231986e-07
5	block2x2	mask_32cb	0,1,3,6,7,9,12,13	5	32449139	1.5408729334852306e-07
5	block2x2	mask_32cd	0,2,3,6,7,9,12,13	77	32449139	2.3729443175672549e-06
5	block2x2	mask_32da	1,3,4,6,7,9,12,13	10	32449139	3.0817458669704612e-07
5	block2x2	mask_32dc	2,3,4,6,7,9,12,13	27	32449139	8.3207138408202445e-07
5	block2x2	mask_32e9	0,3,5,6,7,9,12,13	2	32449139	6.1634917339409224e-08
5	block2x2	mask_33cc	2,3,6,7,8,9,12,13	11	32449139	3.3899204536675071e-07
5	block2x2	mask_348f	0,1,2,3,7,10,12,13	1	32449139	3.0817458669704612e-08
5	block2x2	mask_349e	1,2,3,4,7,10,12,13	1	32449139	3.0817458669704612e-08
5	block2x2	mask_34ad	0,2,3,5,7,10,12,13	1	32449139	3.0817458669704612e-08
5	block2x2	mask_34bc	2,3,4,5,7,10,12,13	1	32449139	3.0817458669704612e-08
5	block2x2	mask_34cb	0,1,3,6,7,10,12,13	3	32449139	9.2452376009113837e-08
5	block2x2	mask_34cd	0,2,3,6,7,10,12,13	8	32449139	2.465396693576369e-07
5	block2x2	mask_34da	1,3,4,6,7,10,12,13	4	32449139	1.2326983467881845e-07
5	block2x2	mask_34dc	2,3,4,6,7,10,12,13	28	32449139	8.6288884275172914e-07
5	block2x2	mask_34e9	0,3,5,6,7,10,12,13	1	32449139	3.0817458669704612e-08
5	block2x2	mask_35c9	0,3,6,7,8,10,12,13	1	32449139	3.0817458669704612e-08
5	block2x2	mask_35ca	1,3,6,7,8,10,12,13	3	32449139	9.2452376009113837e-08
5	block2x2	mask_36c9	0,3,6,7,9,10,12,13	2	32449139	6.1634917339409224e-08
5	block2x2	mask_385b	0,1,3,4,6,11,12,13	1	32449139	3.0817458669704612e-08
5	block2x2	mask_3879	0,3,4,5,6,11,12,13	1	32449139	3.0817458669704612e-08
5	block2x2	mask_387c	2,3,4,5,6,11,12,13	2	32449139	6.1634917339409224e-08
5	block2x2	mask_389e	1,2,3,4,7,11,12,13	1	32449139	3.0817458669704612e-08
5	block2x2	mask_38a7	0,1,2,5,7,11,12,13	1	32449139	3.0817458669704612e-08
5	block2x2	mask_38ad	0,2,3,5,7,11,12,13	1	32449139	3.0817458669704612e-08
5	block2x2	mask_38b5	0,2,4,5,7,11,12,13	2	32449139	6.1634917339409224e-08
5	block2x2	mask_38b6	1,2,4,5,7,11,12,13	1	32449139	3.0817458669704612e-08
5	block2x2	mask_38cd	0,2,3,6,7,11,12,13	2	32449139	6.1634917339409224e-08
5	block2x2	mask_38dc	2,3,4,6,7,11,12,13	12	32449139	3.6980950403645535e-07
5	block2x2	mask_391e	1,2,3,4,8,11,12,13	1	32449139	3.0817458669704612e-08
5	block2x2	mask_392d	0,2,3,5,8,11,12,13	5	32449139	1.5408729334852306e-07
5	block2x2	mask_393a	1,3,4,5,8,11,12,13	1	32449139	3.0817458669704612e-08
5	block2x2	mask_3959	0,3,4,6,8,11,12,13	1	32449139	3.0817458669704612e-08
5	block2x2	mask_3969	0,3,5,6,8,11,12,13	5	32449139	1.5408729334852306e-07
5	block2x2	mask_396a	1,3,5,6,8,11,12,13	1	32449139	3.0817458669704612e-08
5	block2x2	mask_39a6	1,2,5,7,8,11,12,13	1	32449139	3.0817458669704612e-08
5	block2x2	mask_39c3	0,1,6,7,8,11,12,13	1	32449139	3.0817458669704612e-08
5	block2x2	mask_3a1b	0,1,3,4,9,11,12,13	2	32449139	6.1634917339409224e-08
5	block2x2	mask_3a1e	1,2,3,4,9,11,12,13	2	32449139	6.1634917339409224e-08
5	block2x2	mask_3a39	0,3,4,5,9,11,12,13	1	32449139	3.0817458669704612e-08
5	block2x2	mask_3a3a	1,3,4,5,9,11,12,13	3	32449139	9.2452376009113837e-08
5	block2x2	mask_3a3c	2,3,4,5,9,11,12,13	1	32449139	3.0817458669704612e-08
5	block2x2	mask_3a95	0,2,4,7,9,11,12,13	1	32449139	3.0817458669704612e-08
5	block2x2	mask_3a96	1,2,4,7,9,11,12,13	4	32449139	1.2326983467881845e-07
5	block2x2	mask_3aa5	0,2,5,7,9,11,12,13	1	32449139	3.0817458669704612e-08
5	block2x2	mask_3ac3	0,1,6,7,9,11,12,13	2	32449139	6.1634917339409224e-08
5	block2x2	mask_3ac5	0,2,6,7,9,11,12,13	1	32449139	3.0817458669704612e-08
5	block2x2	mask_3b19	0,3,4,8,9,11,12,13	78	32449139	2.4037617762369596e-06
5	block2x2	mask_3b1a	1,3,4,8,9,11,12,13	242	32449139	7.4578249980685159e-06
5	block2x2	mask_3b29	0,3,5,8,9,11,12,13	3	32449139	9.2452376009113837e-08
5	block2x2	mask_3b2a	1,3,5,8,9,11,12,13	16	32449139	4.930793387152738e-07
5	block2x2	mask_3b49	0,3,6,8,9,11,12,13	1	32449139	3.0817458669704612e-08
5	block2x2	mask_3b4a	1,3,6,8,9,11,12,13	1	32449139	3.0817458669704612e-08
5	block2x2	mask_3b86	1,2,7,8,9,11,12,13	1	32449139	3.0817458669704612e-08
5	block2x2	mask_3c1b	0,1,3,4,10,11,12,13	1	32449139	3.0817458669704612e-08
5	block2x2	mask_3c3a	1,3,4,5,10,11,12,13	1	32449139	3.0817458669704612e-08
5	block2x2	mask_3c3c	2,3,4,5,10,11,12,13	1	32449139	3.0817458669704612e-08
5	block2x2	mask_3c59	0,3,4,6,10,11,12,13	1	32449139	3.0817458669704612e-08
5	block2x2	mask_3c5a	1,3,4,6,10,11,12,13	1	32449139	3.0817458669704612e-08
5	block2x2	mask_3ca5	0,2,5,7,10,11,12,13	4	32449139	1.2326983467881845e-07
5	block2x2	mask_3cc3	0,1,6,7,10,11,12,13	46	32449139	1.417603098806412e-06
5	block2x2	mask_3cc5	0,2,6,7,10,11,12,13	5	32449139	1.5408729334852306e-07
5	block2x2	mask_3d19	0,3,4,8,10,11,12,13	5	32449139	1.5408729334852306e-07
5	block2x2	mask_3d29	0,3,5,8,10,11,12,13	1	32449139	3.0817458669704612e-08
5	block2x2	mask_3d49	0,3,6,8,10,11,12,13	1	32449139	3.0817458669704612e-08
5	block2x2	mask_3d85	0,2,7,8,10,11,12,13	1	32449139	3.0817458669704612e-08
5	block2x2	mask_3e1a	1,3,4,9,10,11,12,13	2	32449139	6.1634917339409224e-08
5	block2x2	mask_3e29	0,3,5,9,10,11,12,13	5	32449139	1.5408729334852306e-07
5	block2x2	mask_3e49	0,3,6,9,10,11,12,13	3	32449139	9.2452376009113837e-08
5	block2x2	mask_3e85	0,2,7,9,10,11,12,13	1	32449139	3.0817458669704612e-08
5	block2x2	mask_3e89	0,3,7,9,10,11,12,13	3	32449139	9.2452376009113837e-08
5	block2x2	mask_3f09	0,3,8,9,10,11,12,13	2	32449139	6.1634917339409224e-08
5	block2x2	mask_583b	0,1,3,4,5,11,12,14	2	32449139	6.1634917339409224e-08
5	block2x2	mask_583e	1,2,3,4,5,11,12,14	1	32449139	3.0817458669704612e-08
5	block2x2	mask_584f	0,1,2,3,6,11,12,14	1	32449139	3.0817458669704612e-08
5	block2x2	mask_585e	1,2,3,4,6,11,12,14	1	32449139	3.0817458669704612e-08
5	block2x2	mask_588f	0,1,2,3,7,11,12,14	9	32449139	2.7735712802734148e-07
5	block2x2	mask_58b6	1,2,4,5,7,11,12,14	2	32449139	6.1634917339409224e-08
5	block2x2	mask_58c7	0,1,2,6,7,11,12,14	1	32449139	3.0817458669704612e-08
5	block2x2	mask_58cd	0,2,3,6,7,11,12,14	99	32449139	3.0509284083007564e-06
5	block2x2	mask_58d6	1,2,4,6,7,11,12,14	1	32449139	3.0817458669704612e-08
5	block2x2	mask_58e5	0,2,5,6,7,11,12,14	2	32449139	6.1634917339409224e-08
5	block2x2	mask_595a	1,3,4,6,8,11,12,14	1	32449139	3.0817458669704612e-08
5	block2x2	mask_5a8d	0,2,3,7,9,11,12,14	4	32449139	1.2326983467881845e-07
5	block2x2	mask_5a99	0,3,4,7,9,11,12,14	1	32449139	3.0817458669704612e-08
5	block2x2	mask_5c4b	0,1,3,6,10,11,12,14	1	32449139	3.0817458669704612e-08
5	block2x2	mask_5c8d	0,2,3,7,10,11,12,14	3	32449139	9.2452376009113837e-08
5	block2x2	mask_5ca9	0,3,5,7,10,11,12,14	1	32449139	3.0817458669704612e-08
5	block2x2	mask_5cc5	0,2,6,7,10,11,12,14	2	32449139	6.1634917339409224e-08
5	block2x2	mask_5cc9	0,3,6,7,10,11,12,14	2	32449139	6.1634917339409224e-08
5	block2x2	mask_5e49	0,3,6,9,10,11,12,14	1	32449139	3.0817458669704612e-08
5	block2x2	mask_903f	0,1,2,3,4,5,12,15	56	32449139	1.7257776855034583e-06
5	block2x2	mask_905f	0,1,2,3,4,6,12,15	1	32449139	3.0817458669704612e-08
5	block2x2	mask_909f	0,1,2,3,4,7,12,15	3	32449139	9.2452376009113837e-08
6	block2x2	mask_00ff	0,1,2,3,4,5,6,7	7296048	21811051	0.33451152812397716
6	block2x2	mask_017f	0,1,2,3,4,5,6,8	1709482	21811051	0.078376874181808109
6	block2x2	mask_01bf	0,1,2,3,4,5,7,8	72628	21811051	0.0033298716325040915
6	block2x2	mask_01df	0,1,2,3,4,6,7,8	37971	21811051	0.0017409064790137806
6	block2x2	mask_01ef	0,1,2,3,5,6,7,8	1240713	21811051	0.056884604047737083
6	block2x2	mask_01f7	0,1,2,4,5,6,7,8	445767	21811051	0.020437667125715309
6	block2x2	mask_01fb	0,1,3,4,5,6,7,8	22998	21811051	0.001054419615084115
6	block2x2	mask_01fd	0,2,3,4,5,6,7,8	10043	21811051	0.00046045465667839667
6	block2x2	mask_01fe	1,2,3,4,5,6,7,8	354182	21811051	0.016238648930764502
6	block2x2	mask_027f	0,1,2,3,4,5,6,9	2680508	21811051	0.12289678291981436
6	block2x2	mask_02bf	0,1,2,3,4,5,7,9	88603	21811051	0.0040622985109704255
6	block2x2	mask_02df	0,1,2,3,4,6,7,9	66080	21811051	0.0030296568468892214
6	block2x2	mask_02ef	0,1,2,3,5,6,7,9	2357883	21811051	0.10810496935704748
6	block2x2	mask_02f7	0,1,2,4,5,6,7,9	483072	21811051	0.022148038625007114
6	block2x2	mask_02fb	0,1,3,4,5,6,7,9	31562	21811051	0.0014470646095871308
6	block2x2	mask_02fd	0,2,3,4,5,6,7,9	32981	21811051	0.0015121233726884597
6	block2x2	mask_02fe	1,2,3,4,5,6,7,9	448739	21811051	0.020573928326516683
6	block2x2	mask_033f	0,1,2,3,4,5,8,9	351548	21811051	0.016117884461413622
6	block2x2	mask_035f	0,1,2,3,4,6,8,9	24807	21811051	0.0011373592221667814
6	block2x2	mask_036f	0,1,2,3,5,6,8,9	69970	21811051	0.0032080068035235899
6	block2x2	mask_0377	0,1,2,4,5,6,8,9	1146545	21811051	0.05256715964764834
6	block2x2	mask_037b	0,1,3,4,5,6,8,9	121728	21811051	0.0055810240414366098
6	block2x2	mask_037d	0,2,3,4,5,6,8,9	9087	21811051	0.00041662366476516883
6	block2x2	mask_037e	1,2,3,4,5,6,8,9	113594	21811051	0.005208093823630966
6	block2x2	mask_039f	0,1,2,3,4,7,8,9	2495	21811051	0.00011439155316266053
6	block2x2	mask_03af	0,1,2,3,5,7,8,9	19100	21811051	0.00087570287190653949
6	block2x2	mask_03b7	0,1,2,4,5,7,8,9	88119	21811051	0.0040401079251064058
6	block2x2	mask_03bb	0,1,3,4,5,7,8,9	941	21811051	4.3143267144714854e-05
6	block2x2	mask_03bd	0,2,3,4,5,7,8,9	594	21811051	2.723390083311437e-05
6	block2x2	mask_03be	1,2,3,4,5,7,8,9	2275	21811051	0.00010430492322447001
6	block2x2	mask_03cf	0,1,2,3,6,7,8,9	18170	21811051	0.00083306393625873416
6	block2x2	mask_03d7	0,1,2,4,6,7,8,9	2135	21811051	9.7886158718348785e-05
6	block2x2	mask_03db	0,1,3,4,6,7,8,9	755	21811051	3.4615480015153785e-05
6	block2x2	mask_03dd	0,2,3,4,6,7,8,9	100	21811051	4.5848317900865939e-06
6	block2x2	mask_03de	1,2,3,4,6,7,8,9	8120	21811051	0.00037228834135503145
6	block2x2	mask_03e7	0,1,2,5,6,7,8,9	29812	21811051	0.0013668300532606154
6	block2x2	mask_03eb	0,1,3,5,6,7,8,9	2090	21811051	9.5822984412809818e-05
6	block2x2	mask_03ed	0,2,3,5,6,7,8,9	18929	21811051	0.00086786280954549136
6	block2x2	mask_03ee	1,2,3,5,6,7,8,9	61855	21811051	0.0028359477037580628
6	block2x2	mask_03f3	0,1,4,5,6,7,8,9	83885	21811051	0.0038459861471141395
6	block2x2	mask_03f5	0,2,4,5,6,7,8,9	5281	21811051	0.00024212496683447305
6	block2x2	mask_03f6	1,2,4,5,6,7,8,9	91486	21811051	0.0041944792114786212
6	block2x2	mask_03f9	0,3,4,5,6,7,8,9	690	21811051	3.16353393515975e-05
6	block2x2	mask_03fa	1,3,4,5,6,7,8,9	2714	21811051	0.00012443233478295017
6	block2x2	mask_03fc	2,3,4,5,6,7,8,9	18932	21811051	0.00086800035449919406
6	block2x2	mask_053f	0,1,2,3,4,5,8,10	25248	21811051	0.0011575783303610632
6	block2x2	mask_055f	0,1,2,3,4,6,8,10	3203	21811051	0.0001468521622364736
6	block2x2	mask_056f	0,1,2,3,5,6,8,10	11816	21811051	0.00054174372431663198
6	block2x2	mask_0577	0,1,2,4,5,6,8,10	52436	21811051	0.0024041023974498065
6	block2x2	mask_057b	0,1,3,4,5,6,8,10	13982	21811051	0.00064105118088990756
6	block2x2	mask_057d	0,2,3,4,5,6,8,10	706	21811051	3.2368912438011356e-05
6	block2x2	mask_057e	1,2,3,4,5,6,8,10	14840	21811051	0.00068038903764885061
6	block2x2	mask_059f	0,1,2,3,4,7,8,10	242	21811051	1.1095292932009558e-05
6	block2x2	mask_05af	0,1,2,3,5,7,8,10	2754	21811051	0.00012626626749898481
6	block2x2	mask_05b7	0,1,2,4,5,7,8,10	3421	21811051	0.00015684709553886238
6	block2x2	mask_05bb	0,1,3,4,5,7,8,10	118	21811051	5.4101015123021812e-06
6	block2x2	mask_05bd	0,2,3,4,5,7,8,10	49	21811051	2.246567577142431e-06
6	block2x2	mask_05be	1,2,3,4,5,7,8,10	498	21811051	2.283246231463124e-05
6	block2x2	mask_05cf	0,1,2,3,6,7,8,10	10639	21811051	0.00048778025414731273
6	block2x2	mask_05d7	0,1,2,4,6,7,8,10	526	21811051	2.4116215215855487e-05
6	block2x2	mask_05db	0,1,3,4,6,7,8,10	311	21811051	1.4258826867169308e-05
6	block2x2	mask_05dd	0,2,3,4,6,7,8,10	19	21811051	8.7111804011645286e-07
6	block2x2	mask_05de	1,2,3,4,6,7,8,10	5697	21811051	0.00026119786708123327
6	block2x2	mask_05e7	0,1,2,5,6,7,8,10	6963	21811051	0.00031924183754372958
6	block2x2	mask_05eb	0,1,3,5,6,7,8,10	862	21811051	3.9521250030546441e-05
6	block2x2	mask_05ed	0,2,3,5,6,7,8,10	6024	21811051	0.00027619026703481646
6	block2x2	mask_05ee	1,2,3,5,6,7,8,10	27923	21811051	0.0012802225807458797
6	block2x2	mask_05f3	0,1,4,5,6,7,8,10	7501	21811051	0.00034390823257439543
6	block2x2	mask_05f5	0,2,4,5,6,7,8,10	477	21811051	2.1869647638713054e-05
6	block2x2	mask_05f6	1,2,4,5,6,7,8,10	14892	21811051	0.00068277315017969563
6	block2x2	mask_05f9	0,3,4,5,6,7,8,10	88	21811051	4.0346519752762027e-06
6	block2x2	mask_05fa	1,3,4,5,6,7,8,10	1569	21811051	7.1936010786458664e-05
6	block2x2	mask_05fc	2,3,4,5,6,7,8,10	7307	21811051	0.00033501365890162743
6	block2x2	mask_063f	0,1,2,3,4,5,9,10	71858	21811051	0.0032945684277204249
6	block2x2	mask_065f	0,1,2,3,4,6,9,10	15257	21811051	0.00069950778621351165
6	block2x2	mask_066f	0,1,2,3,5,6,9,10	37833	21811051	0.0017345794111434613
6	block2x2	mask_0677	0,1,2,4,5,6,9,10	218266	21811051	0.010007128954950406
6	block2x2	mask_067b	0,1,3,4,5,6,9,10	49452	21811051	0.0022672910168336224
6	block2x2	mask_067d	0,2,3,4,5,6,9,10	5154	21811051	0.00023630223046106308
6	block2x2	mask_067e	1,2,3,4,5,6,9,10	76509	21811051	0.0035078089542773523
6	block2x2	mask_069f	0,1,2,3,4,7,9,10	392	21811051	1.7972540617139448e-05
6	block2x2	mask_06b7	0,1,2,4,5,7,9,10	10694	21811051	0.00049030191163186034
6	block2x2	mask_06bb	0,1,3,4,5,7,9,10	376	21811051	1.7238967530725595e-05
6	block2x2	mask_06bd	0,2,3,4,5,7,9,10	409	21811051	1.8751962021454171e-05
6	block2x2	mask_06be	1,2,3,4,5,7,9,10	1325	21811051	6.0749021218647374e-05
6	block2x2	mask_06f3	0,1,4,5,6,7,9,10	45426	21811051	0.0020827056889647362
6	block2x2	mask_06f5	0,2,4,5,6,7,9,10	4737	21811051	0.00021718348189640196
6	block2x2	mask_06f6	1,2,4,5,6,7,9,10	35885	21811051	0.0016452668878725743
6	block2x2	mask_06f9	0,3,4,5,6,7,9,10	457	21811051	2.0952681280695736e-05
6	block2x2	mask_071f	0,1,2,3,4,8,9,10	6562	21811051	0.00030085666206548231
6	block2x2	mask_072f	0,1,2,3,5,8,9,10	2707	21811051	0.00012411139655764411
6	block2x2	mask_073b	0,1,3,4,5,8,9,10	8783	21811051	0.00040268577612330555
6	block2x2	mask_073d	0,2,3,4,5,8,9,10	906	21811051	4.153857601818454e-05
6	block2x2	mask_073e	1,2,3,4,5,8,9,10	3793	21811051	0.00017390266979798452
6	block2x2	mask_074f	0,1,2,3,6,8,9,10	930	21811051	4.2638935647805328e-05
6	block2x2	mask_0757	0,1,2,4,6,8,9,10	796	21811051	3.6495261049089289e-05
6	block2x2	mask_075b	0,1,3,4,6,8,9,10	886	21811051	4.0621609660167222e-05
6	block2x2	mask_075d	0,2,3,4,6,8,9,10	34	21811051	1.5588428086294421e-06
6	block2x2	mask_075e	1,2,3,4,6,8,9,10	631	21811051	2.8930288595446408e-05
6	block2x2	mask_0767	0,1,2,5,6,8,9,10	7403	21811051	0.00033941509742011058
6	block2x2	mask_076b	0,1,3,5,6,8,9,10	1262	21811051	5.7860577190892817e-05
6	block2x2	mask_076d	0,2,3,5,6,8,9,10	756	21811051	3.4661328333054652e-05
6	block2x2	mask_076e	1,2,3,5,6,8,9,10	4984	21811051	0.00022850801641791584
6	block2x2	mask_0776	1,2,4,5,6,8,9,10	65320	21811051	0.0029948121252845634
6	block2x2	mask_0779	0,3,4,5,6,8,9,10	2038	21811051	9.3438871881964787e-05
6	block2x2	mask_077a	1,3,4,5,6,8,9,10	6310	21811051	0.0002893028859544641
6	block2x2	mask_077c	2,3,4,5,6,8,9,10	3696	21811051	0.00016945538296160052
6	block2x2	mask_078f	0,1,2,3,7,8,9,10	997	21811051	4.5710772947163341e-05
6	block2x2	mask_0797	0,1,2,4,7,8,9,10	68	21811051	3.1176856172588842e-06
6	block2x2	mask_079b	0,1,3,4,7,8,9,10	6	21811051	2.7508990740519567e-07
6	block2x2	mask_079e	1,2,3,4,7,8,9,10	20	21811051	9.1696635801731887e-07
6	block2x2	mask_07a7	0,1,2,5,7,8,9,10	395	21811051	1.8110085570842046e-05
6	block2x2	mask_07ab	0,1,3,5,7,8,9,10	21	21811051	9.6281467591818487e-07
6	block2x2	mask_07ad	0,2,3,5,7,8,9,10	127	21811051	5.8227363734099748e-06
6	block2x2	mask_07ae	1,2,3,5,7,8,9,10	164	21811051	7.5191241357420141e-06
6	block2x2	mask_07b3	0,1,4,5,7,8,9,10	9699	21811051	0.00044468283532049876
6	block2x2	mask_07b5	0,2,4,5,7,8,9,10	460	21811051	2.1090226234398334e-05
6	block2x2	mask_07b6	1,2,4,5,7,8,9,10	1713	21811051	7.8538168564183363e-05
6	block2x2	mask_07b9	0,3,4,5,7,8,9,10	18	21811051	8.2526972221558696e-07
6	block2x2	mask_07ba	1,3,4,5,7,8,9,10	101	21811051	4.6306801079874603e-06
6	block2x2	mask_07bc	2,3,4,5,7,8,9,10	162	21811051	7.427427499940283e-06
6	block2x2	mask_07c7	0,1,2,6,7,8,9,10	391	21811051	1.7926692299238584e-05
6	block2x2	mask_07cb	0,1,3,6,7,8,9,10	110	21811051	5.043314969095254e-06
6	block2x2	mask_07cd	0,2,3,6,7,8,9,10	435	21811051	1.9944018286876686e-05
6	block2x2	mask_07ce	1,2,3,6,7,8,9,10	1636	21811051	7.5007848085816684e-05
6	block2x2	mask_07d3	0,1,4,6,7,8,9,10	488	21811051	2.2373979135622581e-05
6	block2x2	mask_07d5	0,2,4,6,7,8,9,10	36	21811051	1.6505394444311739e-06
6	block2x2	mask_07d6	1,2,4,6,7,8,9,10	553	21811051	2.5354119799178866e-05
6	block2x2	mask_07d9	0,3,4,6,7,8,9,10	8	21811051	3.6678654320692753e-07
6	block2x2	mask_07da	1,3,4,6,7,8,9,10	152	21811051	6.9689443209316229e-06
6	block2x2	mask_07dc	2,3,4,6,7,8,9,10	469	21811051	2.1502861095506126e-05
6	block2x2	mask_07e3	0,1,5,6,7,8,9,10	2000	21811051	9.1696635801731885e-05
6	block2x2	mask_07e5	0,2,5,6,7,8,9,10	887	21811051	4.0667457978068089e-05
6	block2x2	mask_07e6	1,2,5,6,7,8,9,10	11800	21811051	0.0005410101512302181
6	block2x2	mask_07e9	0,3,5,6,7,8,9,10	287	21811051	1.3158467237548526e-05
6	block2x2	mask_07ea	1,3,5,6,7,8,9,10	1097	21811051	5.029560473724994e-05
6	block2x2	mask_07ec	2,3,5,6,7,8,9,10	10776	21811051	0.00049406147369973142
6	block2x2	mask_07f1	0,4,5,6,7,8,9,10	2941	21811051	0.00013483990294644674
6	block2x2	mask_07f2	1,4,5,6,7,8,9,10	8170	21811051	0.00037458075725007472
6	block2x2	mask_07f4	2,4,5,6,7,8,9,10	4694	21811051	0.00021521200422666473
6	block2x2	mask_07f8	3,4,5,6,7,8,9,10	1580	21811051	7.2440342283368184e-05
6	block2x2	mask_093f	0,1,2,3,4,5,8,11	1411	21811051	6.4691976558121838e-05
6	block2x2	mask_095f	0,1,2,3,4,6,8,11	434	21811051	1.9898169968975819e-05
6	block2x2	mask_096f	0,1,2,3,5,6,8,11	408	21811051	1.8706113703553304e-05
6	block2x2	mask_0977	0,1,2,4,5,6,8,11	20423	21811051	0.00093636019648938511
6	block2x2	mask_097b	0,1,3,4,5,6,8,11	1189	21811051	5.4513649984129607e-05
6	block2x2	mask_097d	0,2,3,4,5,6,8,11	99	21811051	4.5389834721857283e-06
6	block2x2	mask_097e	1,2,3,4,5,6,8,11	1291	21811051	5.9190178410017934e-05
6	block2x2	mask_099f	0,1,2,3,4,7,8,11	52	21811051	2.384112530845029e-06
6	block2x2	mask_09b7	0,1,2,4,5,7,8,11	923	21811051	4.2317997422499264e-05
6	block2x2	mask_09bb	0,1,3,4,5,7,8,11	2	21811051	9.1696635801731881e-08
6	block2x2	mask_09bd	0,2,3,4,5,7,8,11	42	21811051	1.9256293518363697e-06
6	block2x2	mask_09be	1,2,3,4,5,7,8,11	168	21811051	7.702517407345479e-06
6	block2x2	mask_09f3	0,1,4,5,6,7,8,11	1148	21811051	5.2633868950194103e-05
6	block2x2	mask_09f5	0,2,4,5,6,7,8,11	112	21811051	5.1350116048969852e-06
6	block2x2	mask_09f6	1,2,4,5,6,7,8,11	4397	21811051	0.00020159505381010754
6	block2x2	mask_09f9	0,3,4,5,6,7,8,11	5	21811051	2.2924158950432972e-07
6	block2x2	mask_0b1f	0,1,2,3,4,8,9,11	366	21811051	1.6780484351716936e-05
6	block2x2	mask_0b2f	0,1,2,3,5,8,9,11	165	21811051	7.5649724536428806e-06
6	block2x2	mask_0b37	0,1,2,4,5,8,9,11	3933	21811051	0.00018032143430410575
6	block2x2	mask_0b3b	0,1,3,4,5,8,9,11	174	21811051	7.9776073147506742e-06
6	block2x2	mask_0b3d	0,2,3,4,5,8,9,11	68	21811051	3.1176856172588842e-06
6	block2x2	mask_0b3e	1,2,3,4,5,8,9,11	316	21811051	1.4488068456673638e-05
6	block2x2	mask_0b4f	0,1,2,3,6,8,9,11	137	21811051	6.2812195524186341e-06
6	block2x2	mask_0b57	0,1,2,4,6,8,9,11	82	21811051	3.7595620678710071e-06
6	block2x2	mask_0b5b	0,1,3,4,6,8,9,11	59	21811051	2.7050507561510906e-06
6	block2x2	mask_0b5d	0,2,3,4,6,8,9,11	1	21811051	4.5848317900865941e-08
6	block2x2	mask_0b5e	1,2,3,4,6,8,9,11	87	21811051	3.9888036573753371e-06
6	block2x2	mask_0b67	0,1,2,5,6,8,9,11	775	21811051	3.5532446373171103e-05
6	block2x2	mask_0b6b	0,1,3,5,6,8,9,11	43	21811051	1.9714776697372353e-06
6	block2x2	mask_0b6d	0,2,3,5,6,8,9,11	51	21811051	2.338264212944163e-06
6	block2x2	mask_0b6e	1,2,3,5,6,8,9,11	289	21811051	1.3250163873350257e-05
6	block2x2	mask_0b73	0,1,4,5,6,8,9,11	11801	21811051	0.000541055999548119
6	block2x2	mask_0b75	0,2,4,5,6,8,9,11	708	21811051	3.2460609073813084e-05
6	block2x2	mask_0b76	1,2,4,5,6,8,9,11	10929	21811051	0.00050107626633856387
6	block2x2	mask_0b79	0,3,4,5,6,8,9,11	444	21811051	2.0356653147984478e-05
6	block2x2	mask_0b7a	1,3,4,5,6,8,9,11	475	21811051	2.1777951002911323e-05
6	block2x2	mask_0b7c	2,3,4,5,6,8,9,11	695	21811051	3.1864580941101829e-05
6	block2x2	mask_0b8f	0,1,2,3,7,8,9,11	338	21811051	1.5496731450492689e-05
6	block2x2	mask_0b97	0,1,2,4,7,8,9,11	11	21811051	5.0433149690952533e-07
6	block2x2	mask_0b9e	1,2,3,4,7,8,9,11	66	21811051	3.0259889814571522e-06
6	block2x2	mask_0ba7	0,1,2,5,7,8,9,11	79	21811051	3.6220171141684095e-06
6	block2x2	mask_0bab	0,1,3,5,7,8,9,11	2	21811051	9.1696635801731881e-08
6	block2x2	mask_0bad	0,2,3,5,7,8,9,11	121	21811051	5.5476464660047788e-06
6	block2x2	mask_0bae	1,2,3,5,7,8,9,11	35	21811051	1.6046911265303079e-06
6	block2x2	mask_0bb3	0,1,4,5,7,8,9,11	105	21811051	4.8140733795909235e-06
6	block2x2	mask_0bb5	0,2,4,5,7,8,9,11	47	21811051	2.1548709413406994e-06
6	block2x2	mask_0bb6	1,2,4,5,7,8,9,11	222	21811051	1.0178326573992239e-05
6	block2x2	mask_0bba	1,3,4,5,7,8,9,11	3	21811051	1.3754495370259784e-07
6	block2x2	mask_0bbc	2,3,4,5,7,8,9,11	31	21811051	1.4212978549268441e-06
6	block2x2	mask_0bc7	0,1,2,6,7,8,9,11	170	21811051	7.7942140431472102e-06
6	block2x2	mask_0bcb	0,1,3,6,7,8,9,11	15	21811051	6.8772476851298915e-07
6	block2x2	mask_0bcd	0,2,3,6,7,8,9,11	88	21811051	4.0346519752762027e-06
6	block2x2	mask_0bce	1,2,3,6,7,8,9,11	302	21811051	1.3846192006061515e-05
6	block2x2	mask_0bd3	0,1,4,6,7,8,9,11	58	21811051	2.6592024382502246e-06
6	block2x2	mask_0bd5	0,2,4,6,7,8,9,11	5	21811051	2.2924158950432972e-07
6	block2x2	mask_0bd6	1,2,4,6,7,8,9,11	124	21811051	5.6851914197073764e-06
6	block2x2	mask_0bda	1,3,4,6,7,8,9,11	22	21811051	1.0086629938190507e-06
6	block2x2	mask_0bdc	2,3,4,6,7,8,9,11	77	21811051	3.5303204783666774e-06
6	block2x2	mask_0be3	0,1,5,6,7,8,9,11	193	21811051	8.8487253548671271e-06
6	block2x2	mask_0be5	0,2,5,6,7,8,9,11	272	21811051	1.2470742469035537e-05
6	block2x2	mask_0be6	1,2,5,6,7,8,9,11	2098	21811051	9.6189770956016743e-05
6	block2x2	mask_0be9	0,3,5,6,7,8,9,11	22	21811051	1.0086629938190507e-06
6	block2x2	mask_0bea	1,3,5,6,7,8,9,11	44	21811051	2.0173259876381013e-06
6	block2x2	mask_0bec	2,3,5,6,7,8,9,11	2452	21811051	0.00011242007549292328
6	block2x2	mask_0bf1	0,4,5,6,7,8,9,11	228	21811051	1.0453416481397434e-05
6	block2x2	mask_0bf2	1,4,5,6,7,8,9,11	639	21811051	2.9297075138653336e-05
6	block2x2	mask_0bf4	2,4,5,6,7,8,9,11	1231	21811051	5.6439279335965972e-05
6	block2x2	mask_0bf8	3,4,5,6,7,8,9,11	120	21811051	5.5017981481039132e-06
6	block2x2	mask_0f0f	0,1,2,3,8,9,10,11	1	21811051	4.5848317900865941e-08
6	block2x2	mask_0f17	0,1,2,4,8,9,10,11	21	21811051	9.6281467591818487e-07
6	block2x2	mask_0f1b	0,1,3,4,8,9,10,11	9	21811051	4.1263486110779348e-07
6	block2x2	mask_0f1d	0,2,3,4,8,9,10,11	1	21811051	4.5848317900865941e-08
6	block2x2	mask_0f1e	1,2,3,4,8,9,10,11	6	21811051	2.7508990740519567e-07
6	block2x2	mask_0f27	0,1,2,5,8,9,10,11	48	21811051	2.2007192592415654e-06
6	block2x2	mask_0f2b	0,1,3,5,8,9,10,11	5	21811051	2.2924158950432972e-07
6	block2x2	mask_0f2d	0,2,3,5,8,9,10,11	8	21811051	3.6678654320692753e-07
6	block2x2	mask_0f2e	1,2,3,5,8,9,10,11	33	21811051	1.5129944907285761e-06
6	block2x2	mask_0f33	0,1,4,5,8,9,10,11	24279	21811051	0.0011131513103151242
6	block2x2	mask_0f35	0,2,4,5,8,9,10,11	114	21811051	5.2267082406987172e-06
6	block2x2	mask_0f36	1,2,4,5,8,9,10,11	571	21811051	2.6179389521394453e-05
6	block2x2	mask_0f39	0,3,4,5,8,9,10,11	17	21811051	7.7942140431472106e-07
6	block2x2	mask_0f3a	1,3,4,5,8,9,10,11	81	21811051	3.7137137499701415e-06
6	block2x2	mask_0f3c	2,3,4,5,8,9,10,11	54	21811051	2.475809166646761e-06
6	block2x2	mask_0f53	0,1,4,6,8,9,10,11	180	21811051	8.2526972221558694e-06
6	block2x2	mask_0f55	0,2,4,6,8,9,10,11	32	21811051	1.4671461728277101e-06
6	block2x2	mask_0f56	1,2,4,6,8,9,10,11	123	21811051	5.6393431018065108e-06
6	block2x2	mask_0f59	0,3,4,6,8,9,10,11	1	21811051	4.5848317900865941e-08
6	block2x2	mask_0f5a	1,3,4,6,8,9,10,11	26	21811051	1.1920562654225145e-06
6	block2x2	mask_0f5c	2,3,4,6,8,9,10,11	37	21811051	1.6963877623320399e-06
6	block2x2	mask_0f63	0,1,5,6,8,9,10,11	1240	21811051	5.6851914197073771e-05
6	block2x2	mask_0f65	0,2,5,6,8,9,10,11	238	21811051	1.0911899660406094e-05
6	block2x2	mask_0f66	1,2,5,6,8,9,10,11	3712	21811051	0.00017018895604801437
6	block2x2	mask_0f69	0,3,5,6,8,9,10,11	9	21811051	4.1263486110779348e-07
6	block2x2	mask_0f71	0,4,5,6,8,9,10,11	1788	21811051	8.1976792406748307e-05
6	block2x2	mask_0f72	1,4,5,6,8,9,10,11	5623	21811051	0.00025780509155656919
6	block2x2	mask_0f74	2,4,5,6,8,9,10,11	3013	21811051	0.00013814098183530908
6	block2x2	mask_0f78	3,4,5,6,8,9,10,11	633	21811051	2.902198523124814e-05
6	block2x2	mask_0f93	0,1,4,7,8,9,10,11	13	21811051	5.9602813271125724e-07
6	block2x2	mask_0f95	0,2,4,7,8,9,10,11	2	21811051	9.1696635801731881e-08
6	block2x2	mask_0f96	1,2,4,7,8,9,10,11	7	21811051	3.2093822530606157e-07
6	block2x2	mask_0fb1	0,4,5,7,8,9,10,11	100	21811051	4.5848317900865939e-06
6	block2x2	mask_0fb2	1,4,5,7,8,9,10,11	209	21811051	9.5822984412809815e-06
6	block2x2	mask_0fb4	2,4,5,7,8,9,10,11	117	21811051	5.3642531944013156e-06
6	block2x2	mask_0fb8	3,4,5,7,8,9,10,11	44	21811051	2.0173259876381013e-06
6	block2x2	mask_0ff0	4,5,6,7,8,9,10,11	1253	21811051	5.7447942329785025e-05
6	block2x2	mask_107f	0,1,2,3,4,5,6,12	94379	21811051	0.0043271183951658267
6	block2x2	mask_10bf	0,1,2,3,4,5,7,12	7052	21811051	0.00032332233783690664
6	block2x2	mask_10df	0,1,2,3,4,6,7,12	3396	21811051	0.00015570088759134075
6	block2x2	mask_10ef	0,1,2,3,5,6,7,12	36309	21811051	0.0016647065746625415
6	block2x2	mask_10f7	0,1,2,4,5,6,7,12	12204	21811051	0.00055953287166216796
6	block2x2	mask_10fb	0,1,3,4,5,6,7,12	1474	21811051	6.7580420585876402e-05
6	block2x2	mask_10fd	0,2,3,4,5,6,7,12	815	21811051	3.736637908920574e-05
6	block2x2	mask_10fe	1,2,3,4,5,6,7,12	19749	21811051	0.00090545843022420147
6	block2x2	mask_113f	0,1,2,3,4,5,8,12	76455	21811051	0.0035053331451107054
6	block2x2	mask_115f	0,1,2,3,4,6,8,12	23083	21811051	0.0010583167221056885
6	block2x2	mask_116f	0,1,2,3,5,6,8,12	16159	21811051	0.00074086296896009273
6	block2x2	mask_117b	0,1,3,4,5,6,8,12	90571	21811051	0.0041525280005993296
6	block2x2	mask_117d	0,2,3,4,5,6,8,12	5949	21811051	0.00027275164319225147
6	block2x2	mask_117e	1,2,3,4,5,6,8,12	15826	21811051	0.00072559547909910435
6	block2x2	mask_119f	0,1,2,3,4,7,8,12	2129	21811051	9.7611068810943594e-05
6	block2x2	mask_11af	0,1,2,3,5,7,8,12	2798	21811051	0.00012828359348662292
6	block2x2	mask_11b7	0,1,2,4,5,7,8,12	41877	21811051	0.0019199900087345631
6	block2x2	mask_11bb	0,1,3,4,5,7,8,12	290	21811051	1.3296012191251123e-05
6	block2x2	mask_11bd	0,2,3,4,5,7,8,12	336	21811051	1.5405034814690958e-05
6	block2x2	mask_11be	1,2,3,4,5,7,8,12	679	21811051	3.1131007854687973e-05
6	block2x2	mask_11cf	0,1,2,3,6,7,8,12	3337	21811051	0.00015299583683518964
6	block2x2	mask_11d7	0,1,2,4,6,7,8,12	7842	21811051	0.00035954250897859074
6	block2x2	mask_11db	0,1,3,4,6,7,8,12	1754	21811051	8.041794959811886e-05
6	block2x2	mask_11dd	0,2,3,4,6,7,8,12	51	21811051	2.338264212944163e-06
6	block2x2	mask_11de	1,2,3,4,6,7,8,12	2284	21811051	0.00010471755808557781
6	block2x2	mask_11e7	0,1,2,5,6,7,8,12	4122	21811051	0.0001889867663873694
6	block2x2	mask_11eb	0,1,3,5,6,7,8,12	400	21811051	1.8339327160346376e-05
6	block2x2	mask_11ed	0,2,3,5,6,7,8,12	2392	21811051	0.00010966917641887133
6	block2x2	mask_11ee	1,2,3,5,6,7,8,12	5874	21811051	0.00026931301934968654
6	block2x2	mask_11f3	0,1,4,5,6,7,8,12	32303	21811051	0.0014810382131516726
6	block2x2	mask_11f5	0,2,4,5,6,7,8,12	3415	21811051	0.00015657200563145719
6	block2x2	mask_11f6	1,2,4,5,6,7,8,12	7873	21811051	0.00036096380683351754
6	block2x2	mask_11f9	0,3,4,5,6,7,8,12	302	21811051	1.3846192006061515e-05
6	block2x2	mask_11fa	1,3,4,5,6,7,8,12	704	21811051	3.2277215802209621e-05
6	block2x2	mask_11fc	2,3,4,5,6,7,8,12	2396	21811051	0.0001098525696904748
6	block2x2	mask_125f	0,1,2,3,4,6,9,12	9941	21811051	0.00045577812825250833
6	block2x2	mask_126f	0,1,2,3,5,6,9,12	14978	21811051	0.00068671610551917009
6	block2x2	mask_127b	0,1,3,4,5,6,9,12	8785	21811051	0.0004027774727591073
6	block2x2	mask_127d	0,2,3,4,5,6,9,12	1321	21811051	6.0565627947043912e-05
6	block2x2	mask_127e	1,2,3,4,5,6,9,12	13368	21811051	0.00061290031369877593
6	block2x2	mask_129f	0,1,2,3,4,7,9,12	1378	21811051	6.3178982067393265e-05
6	block2x2	mask_12af	0,1,2,3,5,7,9,12	3584	21811051	0.00016432037135670352
6	block2x2	mask_12b7	0,1,2,4,5,7,9,12	11761	21811051	0.00053922206683208436
6	block2x2	mask_12bb	0,1,3,4,5,7,9,12	139	21811051	6.3729161882203661e-06
6	block2x2	mask_12bd	0,2,3,4,5,7,9,12	171	21811051	7.8400623610480757e-06
6	block2x2	mask_12be	1,2,3,4,5,7,9,12	664	21811051	3.0443283086174985e-05
6	block2x2	mask_12cf	0,1,2,3,6,7,9,12	5225	21811051	0.00023955746103202454
6	block2x2	mask_12d7	0,1,2,4,6,7,9,12	604	21811051	2.7692384012123029e-05
6	block2x2	mask_12db	0,1,3,4,6,7,9,12	113	21811051	5.1808599227978516e-06
6	block2x2	mask_12dd	0,2,3,4,6,7,9,12	35	21811051	1.6046911265303079e-06
6	block2x2	mask_12de	1,2,3,4,6,7,9,12	2423	21811051	0.00011109047427379818
6	block2x2	mask_12e7	0,1,2,5,6,7,9,12	7102	21811051	0.0003256147537319499
6	block2x2	mask_12eb	0,1,3,5,6,7,9,12	414	21811051	1.8981203610958501e-05
6	block2x2	mask_12ed	0,2,3,5,6,7,9,12	4717	21811051	0.00021626651553838464
6	block2x2	mask_12ee	1,2,3,5,6,7,9,12	14288	21811051	0.00065508076616757258
6	block2x2	mask_12f3	0,1,4,5,6,7,9,12	9917	21811051	0.00045467776862288757
6	block2x2	mask_12f5	0,2,4,5,6,7,9,12	582	21811051	2.668372101830398e-05
6	block2x2	mask_12f6	1,2,4,5,6,7,9,12	4699	21811051	0.00021544124581616907
6	block2x2	mask_12f9	0,3,4,5,6,7,9,12	52	21811051	2.384112530845029e-06
6	block2x2	mask_12fa	1,3,4,5,6,7,9,12	253	21811051	1.1599624428919084e-05
6	block2x2	mask_12fc	2,3,4,5,6,7,9,12	1196	21811051	5.4834588209435665e-05
6	block2x2	mask_134f	0,1,2,3,6,8,9,12	304	21811051	1.3937888641863246e-05
6	block2x2	mask_135e	1,2,3,4,6,8,9,12	511	21811051	2.3428490447342498e-05
6	block2x2	mask_136d	0,2,3,5,6,8,9,12	575	21811051	2.6362782792997915e-05
6	block2x2	mask_136e	1,2,3,5,6,8,9,12	2167	21811051	9.9353304891176497e-05
6	block2x2	mask_138f	0,1,2,3,7,8,9,12	69	21811051	3.1635339351597498e-06
6	block2x2	mask_1397	0,1,2,4,7,8,9,12	2255	21811051	0.0001033879568664527
6	block2x2	mask_139b	0,1,3,4,7,8,9,12	17	21811051	7.7942140431472106e-07
6	block2x2	mask_139d	0,2,3,4,7,8,9,12	11	21811051	5.0433149690952533e-07
6	block2x2	mask_139e	1,2,3,4,7,8,9,12	50	21811051	2.292415895043297e-06
6	block2x2	mask_13a7	0,1,2,5,7,8,9,12	767	21811051	3.5165659829964179e-05
6	block2x2	mask_13ab	0,1,3,5,7,8,9,12	9	21811051	4.1263486110779348e-07
6	block2x2	mask_13ad	0,2,3,5,7,8,9,12	259	21811051	1.1874714336324279e-05
6	block2x2	mask_13ae	1,2,3,5,7,8,9,12	130	21811051	5.9602813271125724e-06
6	block2x2	mask_13b3	0,1,4,5,7,8,9,12	53900	21811051	0.0024712243348566742
6	block2x2	mask_13b5	0,2,4,5,7,8,9,12	6300	21811051	0.00028884440277545542
6	block2x2	mask_13b6	1,2,4,5,7,8,9,12	5992	21811051	0.0002747231208619887
6	block2x2	mask_13b9	0,3,4,5,7,8,9,12	21	21811051	9.6281467591818487e-07
6	block2x2	mask_13ba	1,3,4,5,7,8,9,12	35	21811051	1.6046911265303079e-06
6	block2x2	mask_13bc	2,3,4,5,7,8,9,12	90	21811051	4.1263486110779347e-06
6	block2x2	mask_13c7	0,1,2,6,7,8,9,12	84	21811051	3.8512587036727395e-06
6	block2x2	mask_13cb	0,1,3,6,7,8,9,12	11	21811051	5.0433149690952533e-07
6	block2x2	mask_13cd	0,2,3,6,7,8,9,12	97	21811051	4.4472868363839963e-06
6	block2x2	mask_13ce	1,2,3,6,7,8,9,12	452	21811051	2.0723439691191406e-05
6	block2x2	mask_13d3	0,1,4,6,7,8,9,12	3821	21811051	0.00017518642269920875
6	block2x2	mask_13d5	0,2,4,6,7,8,9,12	383	21811051	1.7559905756031656e-05
6	block2x2	mask_13d6	1,2,4,6,7,8,9,12	570	21811051	2.6133541203493586e-05
6	block2x2	mask_13d9	0,3,4,6,7,8,9,12	66	21811051	3.0259889814571522e-06
6	block2x2	mask_13da	1,3,4,6,7,8,9,12	170	21811051	7.7942140431472102e-06
6	block2x2	mask_13dc	2,3,4,6,7,8,9,12	34	21811051	1.5588428086294421e-06
6	block2x2	mask_13e3	0,1,5,6,7,8,9,12	1606	21811051	7.3632398548790706e-05
6	block2x2	mask_13e5	0,2,5,6,7,8,9,12	631	21811051	2.8930288595446408e-05
6	block2x2	mask_13e6	1,2,5,6,7,8,9,12	2297	21811051	0.00010531358621828907
6	block2x2	mask_13e9	0,3,5,6,7,8,9,12	46	21811051	2.1090226234398334e-06
6	block2x2	mask_13ea	1,3,5,6,7,8,9,12	112	21811051	5.1350116048969852e-06
6	block2x2	mask_13ec	2,3,5,6,7,8,9,12	993	21811051	4.5527379675559878e-05
6	block2x2	mask_13f1	0,4,5,6,7,8,9,12	9127	21811051	0.00041845759748120346
6	block2x2	mask_13f2	1,4,5,6,7,8,9,12	8453	21811051	0.00038755583121601983
6	block2x2	mask_13f4	2,4,5,6,7,8,9,12	1419	21811051	6.5058763101328776e-05
6	block2x2	mask_13f8	3,4,5,6,7,8,9,12	147	21811051	6.7397027314272933e-06
6	block2x2	mask_143f	0,1,2,3,4,5,10,12	8217	21811051	0.00037673562819141545
6	block2x2	mask_145f	0,1,2,3,4,6,10,12	1224	21811051	5.6118341110659915e-05
6	block2x2	mask_146f	0,1,2,3,5,6,10,12	1737	21811051	7.9638528193804137e-05
6	block2x2	mask_147b	0,1,3,4,5,6,10,12	3060	21811051	0.00014029585277664978
6	block2x2	mask_147d	0,2,3,4,5,6,10,12	117	21811051	5.3642531944013156e-06
6	block2x2	mask_147e	1,2,3,4,5,6,10,12	2250	21811051	0.00010315871527694837
6	block2x2	mask_149f	0,1,2,3,4,7,10,12	132	21811051	6.0519779629143044e-06
6	block2x2	mask_14af	0,1,2,3,5,7,10,12	435	21811051	1.9944018286876686e-05
6	block2x2	mask_14b7	0,1,2,4,5,7,10,12	886	21811051	4.0621609660167222e-05
6	block2x2	mask_14bb	0,1,3,4,5,7,10,12	29	21811051	1.3296012191251123e-06
6	block2x2	mask_14bd	0,2,3,4,5,7,10,12	20	21811051	9.1696635801731887e-07
6	block2x2	mask_14be	1,2,3,4,5,7,10,12	80	21811051	3.6678654320692755e-06
6	block2x2	mask_14cf	0,1,2,3,6,7,10,12	2650	21811051	0.00012149804243729475
6	block2x2	mask_14d7	0,1,2,4,6,7,10,12	130	21811051	5.9602813271125724e-06
6	block2x2	mask_14db	0,1,3,4,6,7,10,12	71	21811051	3.2552305709614818e-06
6	block2x2	mask_14dd	0,2,3,4,6,7,10,12	13	21811051	5.9602813271125724e-07
6	block2x2	mask_14de	1,2,3,4,6,7,10,12	1439	21811051	6.5975729459346095e-05
6	block2x2	mask_14e7	0,1,2,5,6,7,10,12	1178	21811051	5.4009318487220081e-05
6	block2x2	mask_14eb	0,1,3,5,6,7,10,12	96	21811051	4.4014385184831307e-06
6	block2x2	mask_14ed	0,2,3,5,6,7,10,12	1185	21811051	5.4330256712526138e-05
6	block2x2	mask_14ee	1,2,3,5,6,7,10,12	5102	21811051	0.00023391811793021803
6	block2x2	mask_14f3	0,1,4,5,6,7,10,12	1504	21811051	6.895587012290238e-05
6	block2x2	mask_14f5	0,2,4,5,6,7,10,12	61	21811051	2.7967473919528226e-06
6	block2x2	mask_14f6	1,2,4,5,6,7,10,12	1308	21811051	5.9969599814332651e-05
6	block2x2	mask_14f9	0,3,4,5,6,7,10,12	21	21811051	9.6281467591818487e-07
6	block2x2	mask_14fa	1,3,4,5,6,7,10,12	151	21811051	6.9230960030307573e-06
6	block2x2	mask_14fc	2,3,4,5,6,7,10,12	816	21811051	3.7412227407106607e-05
6	block2x2	mask_151f	0,1,2,3,4,8,10,12	1832	21811051	8.3994118394386399e-05
6	block2x2	mask_152f	0,1,2,3,5,8,10,12	729	21811051	3.3423423749731269e-05
6	block2x2	mask_153e	1,2,3,4,5,8,10,12	690	21811051	3.16353393515975e-05
6	block2x2	mask_154f	0,1,2,3,6,8,10,12	90	21811051	4.1263486110779347e-06
6	block2x2	mask_155b	0,1,3,4,6,8,10,12	12015	21811051	0.00055086753957890426
6	block2x2	mask_155d	0,2,3,4,6,8,10,12	52	21811051	2.384112530845029e-06
6	block2x2	mask_155e	1,2,3,4,6,8,10,12	169	21811051	7.7483657252463446e-06
6	block2x2	mask_156b	0,1,3,5,6,8,10,12	266	21811051	1.219565256163034e-05
6	block2x2	mask_156d	0,2,3,5,6,8,10,12	105	21811051	4.8140733795909235e-06
6	block2x2	mask_156e	1,2,3,5,6,8,10,12	233	21811051	1.0682658070901764e-05
6	block2x2	mask_1579	0,3,4,5,6,8,10,12	2101	21811051	9.6327315909719338e-05
6	block2x2	mask_157a	1,3,4,5,6,8,10,12	1699	21811051	7.7896292113571234e-05
6	block2x2	mask_157c	2,3,4,5,6,8,10,12	77	21811051	3.5303204783666774e-06
6	block2x2	mask_158f	0,1,2,3,7,8,10,12	12	21811051	5.5017981481039134e-07
6	block2x2	mask_1597	0,1,2,4,7,8,10,12	916	21811051	4.19970591971932e-05
6	block2x2	mask_159b	0,1,3,4,7,8,10,12	6	21811051	2.7508990740519567e-07
6	block2x2	mask_159d	0,2,3,4,7,8,10,12	2	21811051	9.1696635801731881e-08
6	block2x2	mask_159e	1,2,3,4,7,8,10,12	8	21811051	3.6678654320692753e-07
6	block2x2	mask_15a7	0,1,2,5,7,8,10,12	56	21811051	2.5675058024484926e-06
6	block2x2	mask_15ab	0,1,3,5,7,8,10,12	2	21811051	9.1696635801731881e-08
6	block2x2	mask_15ad	0,2,3,5,7,8,10,12	13	21811051	5.9602813271125724e-07
6	block2x2	mask_15ae	1,2,3,5,7,8,10,12	6	21811051	2.7508990740519567e-07
6	block2x2	mask_15b3	0,1,4,5,7,8,10,12	2532	21811051	0.00011608794092499256
6	block2x2	mask_15b5	0,2,4,5,7,8,10,12	223	21811051	1.0224174891893105e-05
6	block2x2	mask_15b6	1,2,4,5,7,8,10,12	306	21811051	1.4029585277664979e-05
6	block2x2	mask_15b9	0,3,4,5,7,8,10,12	4	21811051	1.8339327160346376e-07
6	block2x2	mask_15ba	1,3,4,5,7,8,10,12	8	21811051	3.6678654320692753e-07
6	block2x2	mask_15bc	2,3,4,5,7,8,10,12	4	21811051	1.8339327160346376e-07
6	block2x2	mask_15c7	0,1,2,6,7,8,10,12	33	21811051	1.5129944907285761e-06
6	block2x2	mask_15cb	0,1,3,6,7,8,10,12	3	21811051	1.3754495370259784e-07
6	block2x2	mask_15cd	0,2,3,6,7,8,10,12	43	21811051	1.9714776697372353e-06
6	block2x2	mask_15ce	1,2,3,6,7,8,10,12	159	21811051	7.2898825462376845e-06
6	block2x2	mask_15d3	0,1,4,6,7,8,10,12	4068	21811051	0.00018651095722072266
6	block2x2	mask_15d5	0,2,4,6,7,8,10,12	97	21811051	4.4472868363839963e-06
6	block2x2	mask_15d6	1,2,4,6,7,8,10,12	76	21811051	3.4844721604658114e-06
6	block2x2	mask_15d9	0,3,4,6,7,8,10,12	4	21811051	1.8339327160346376e-07
6	block2x2	mask_15da	1,3,4,6,7,8,10,12	30	21811051	1.3754495370259783e-06
6	block2x2	mask_15dc	2,3,4,6,7,8,10,12	10	21811051	4.5848317900865943e-07
6	block2x2	mask_15e3	0,1,5,6,7,8,10,12	218	21811051	9.9949333023887751e-06
6	block2x2	mask_15e5	0,2,5,6,7,8,10,12	69	21811051	3.1635339351597498e-06
6	block2x2	mask_15e6	1,2,5,6,7,8,10,12	605	21811051	2.7738232330023893e-05
6	block2x2	mask_15e9	0,3,5,6,7,8,10,12	16	21811051	7.3357308641385505e-07
6	block2x2	mask_15ea	1,3,5,6,7,8,10,12	48	21811051	2.2007192592415654e-06
6	block2x2	mask_15ec	2,3,5,6,7,8,10,12	183	21811051	8.3902421758584678e-06
6	block2x2	mask_15f1	0,4,5,6,7,8,10,12	1315	21811051	6.0290538039638715e-05
6	block2x2	mask_15f2	1,4,5,6,7,8,10,12	757	21811051	3.4707176650955519e-05
6	block2x2	mask_15f4	2,4,5,6,7,8,10,12	64	21811051	2.9342923456554202e-06
6	block2x2	mask_15f8	3,4,5,6,7,8,10,12	14	21811051	6.4187645061212314e-07
6	block2x2	mask_164f	0,1,2,3,6,9,10,12	124	21811051	5.6851914197073764e-06
6	block2x2	mask_165b	0,1,3,4,6,9,10,12	99	21811051	4.5389834721857283e-06
6	block2x2	mask_165d	0,2,3,4,6,9,10,12	15	21811051	6.8772476851298915e-07
6	block2x2	mask_165e	1,2,3,4,6,9,10,12	267	21811051	1.2241500879531206e-05
6	block2x2	mask_166b	0,1,3,5,6,9,10,12	268	21811051	1.2287349197432073e-05
6	block2x2	mask_166d	0,2,3,5,6,9,10,12	196	21811051	8.9862703085697238e-06
6	block2x2	mask_166e	1,2,3,5,6,9,10,12	1158	21811051	5.3092352129202762e-05
6	block2x2	mask_167a	1,3,4,5,6,9,10,12	337	21811051	1.5450883132591822e-05
6	block2x2	mask_167c	2,3,4,5,6,9,10,12	158	21811051	7.2440342283368189e-06
6	block2x2	mask_168f	0,1,2,3,7,9,10,12	39	21811051	1.7880843981337717e-06
6	block2x2	mask_1697	0,1,2,4,7,9,10,12	31	21811051	1.4212978549268441e-06
6	block2x2	mask_169b	0,1,3,4,7,9,10,12	3	21811051	1.3754495370259784e-07
6	block2x2	mask_169e	1,2,3,4,7,9,10,12	9	21811051	4.1263486110779348e-07
6	block2x2	mask_16a7	0,1,2,5,7,9,10,12	117	21811051	5.3642531944013156e-06
6	block2x2	mask_16ab	0,1,3,5,7,9,10,12	1	21811051	4.5848317900865941e-08
6	block2x2	mask_16ad	0,2,3,5,7,9,10,12	62	21811051	2.8425957098536882e-06
6	block2x2	mask_16ae	1,2,3,5,7,9,10,12	68	21811051	3.1176856172588842e-06
6	block2x2	mask_16b3	0,1,4,5,7,9,10,12	1600	21811051	7.3357308641385503e-05
6	block2x2	mask_16b5	0,2,4,5,7,9,10,12	78	21811051	3.5761687962675435e-06
6	block2x2	mask_16b6	1,2,4,5,7,9,10,12	235	21811051	1.0774354706703497e-05
6	block2x2	mask_16b9	0,3,4,5,7,9,10,12	3	21811051	1.3754495370259784e-07
6	block2x2	mask_16ba	1,3,4,5,7,9,10,12	6	21811051	2.7508990740519567e-07
6	block2x2	mask_16bc	2,3,4,5,7,9,10,12	10	21811051	4.5848317900865943e-07
6	block2x2	mask_16c7	0,1,2,6,7,9,10,12	65	21811051	2.9801406635562862e-06
6	block2x2	mask_16cb	0,1,3,6,7,9,10,12	23	21811051	1.0545113117199167e-06
6	block2x2	mask_16cd	0,2,3,6,7,9,10,12	170	21811051	7.7942140431472102e-06
6	block2x2	mask_16ce	1,2,3,6,7,9,10,12	1009	21811051	4.6260952761973734e-05
6	block2x2	mask_16d3	0,1,4,6,7,9,10,12	81	21811051	3.7137137499701415e-06
6	block2x2	mask_16d5	0,2,4,6,7,9,10,12	7	21811051	3.2093822530606157e-07
6	block2x2	mask_16d6	1,2,4,6,7,9,10,12	134	21811051	6.1436745987160365e-06
6	block2x2	mask_16d9	0,3,4,6,7,9,10,12	3	21811051	1.3754495370259784e-07
6	block2x2	mask_16da	1,3,4,6,7,9,10,12	55	21811051	2.521657484547627e-06
6	block2x2	mask_16dc	2,3,4,6,7,9,10,12	89	21811051	4.0805002931770691e-06
6	block2x2	mask_16e3	0,1,5,6,7,9,10,12	624	21811051	2.8609350370140348e-05
6	block2x2	mask_16e5	0,2,5,6,7,9,10,12	258	21811051	1.1828866018423414e-05
6	block2x2	mask_16e6	1,2,5,6,7,9,10,12	2804	21811051	0.00012855868339402811
6	block2x2	mask_16e9	0,3,5,6,7,9,10,12	62	21811051	2.8425957098536882e-06
6	block2x2	mask_16ea	1,3,5,6,7,9,10,12	399	21811051	1.8293478842445512e-05
6	block2x2	mask_16ec	2,3,5,6,7,9,10,12	1728	21811051	7.9225893332696352e-05
6	block2x2	mask_16f1	0,4,5,6,7,9,10,12	319	21811051	1.4625613410376235e-05
6	block2x2	mask_16f2	1,4,5,6,7,9,10,12	789	21811051	3.6174322823783225e-05
6	block2x2	mask_16f4	2,4,5,6,7,9,10,12	300	21811051	1.3754495370259782e-05
6	block2x2	mask_16f8	3,4,5,6,7,9,10,12	125	21811051	5.7310397376082428e-06
6	block2x2	mask_174d	0,2,3,6,8,9,10,12	1	21811051	4.5848317900865941e-08
6	block2x2	mask_174e	1,2,3,6,8,9,10,12	8	21811051	3.6678654320692753e-07
6	block2x2	mask_176c	2,3,5,6,8,9,10,12	72	21811051	3.3010788888623478e-06
6	block2x2	mask_1787	0,1,2,7,8,9,10,12	2	21811051	9.1696635801731881e-08
6	block2x2	mask_178e	1,2,3,7,8,9,10,12	2	21811051	9.1696635801731881e-08
6	block2x2	mask_1793	0,1,4,7,8,9,10,12	644	21811051	2.9526316728157666e-05
6	block2x2	mask_1795	0,2,4,7,8,9,10,12	29	21811051	1.3296012191251123e-06
6	block2x2	mask_1796	1,2,4,7,8,9,10,12	32	21811051	1.4671461728277101e-06
6	block2x2	mask_1799	0,3,4,7,8,9,10,12	4	21811051	1.8339327160346376e-07
6	block2x2	mask_179a	1,3,4,7,8,9,10,12	1	21811051	4.5848317900865941e-08
6	block2x2	mask_17a3	0,1,5,7,8,9,10,12	157	21811051	7.1981859104359525e-06
6	block2x2	mask_17a5	0,2,5,7,8,9,10,12	50	21811051	2.292415895043297e-06
6	block2x2	mask_17a6	1,2,5,7,8,9,10,12	52	21811051	2.384112530845029e-06
6	block2x2	mask_17a9	0,3,5,7,8,9,10,12	3	21811051	1.3754495370259784e-07
6	block2x2	mask_17aa	1,3,5,7,8,9,10,12	14	21811051	6.4187645061212314e-07
6	block2x2	mask_17ac	2,3,5,7,8,9,10,12	14	21811051	6.4187645061212314e-07
6	block2x2	mask_17b1	0,4,5,7,8,9,10,12	2297	21811051	0.00010531358621828907
6	block2x2	mask_17b2	1,4,5,7,8,9,10,12	2207	21811051	0.00010118723760721113
6	block2x2	mask_17b4	2,4,5,7,8,9,10,12	150	21811051	6.8772476851298909e-06
6	block2x2	mask_17b8	3,4,5,7,8,9,10,12	26	21811051	1.1920562654225145e-06
6	block2x2	mask_17c3	0,1,6,7,8,9,10,12	73	21811051	3.3469272067632138e-06
6	block2x2	mask_17c5	0,2,6,7,8,9,10,12	10	21811051	4.5848317900865943e-07
6	block2x2	mask_17c6	1,2,6,7,8,9,10,12	46	21811051	2.1090226234398334e-06
6	block2x2	mask_17c9	0,3,6,7,8,9,10,12	1	21811051	4.5848317900865941e-08
6	block2x2	mask_17ca	1,3,6,7,8,9,10,12	7	21811051	3.2093822530606157e-07
6	block2x2	mask_17cc	2,3,6,7,8,9,10,12	284	21811051	1.3020922283845927e-05
6	block2x2	mask_17d1	0,4,6,7,8,9,10,12	296	21811051	1.3571102098656319e-05
6	block2x2	mask_17d2	1,4,6,7,8,9,10,12	246	21811051	1.1278686203613022e-05
6	block2x2	mask_17d4	2,4,6,7,8,9,10,12	18	21811051	8.2526972221558696e-07
6	block2x2	mask_17d8	3,4,6,7,8,9,10,12	7	21811051	3.2093822530606157e-07
6	block2x2	mask_17e1	0,5,6,7,8,9,10,12	357	21811051	1.636784949060914e-05
6	block2x2	mask_17e2	1,5,6,7,8,9,10,12	826	21811051	3.7870710586115267e-05
6	block2x2	mask_17e4	2,5,6,7,8,9,10,12	484	21811051	2.2190585864019115e-05
6	block2x2	mask_17e8	3,5,6,7,8,9,10,12	69	21811051	3.1635339351597498e-06
6	block2x2	mask_183f	0,1,2,3,4,5,11,12	454	21811051	2.0815136326993137e-05
6	block2x2	mask_185f	0,1,2,3,4,6,11,12	90	21811051	4.1263486110779347e-06
6	block2x2	mask_186f	0,1,2,3,5,6,11,12	79	21811051	3.6220171141684095e-06
6	block2x2	mask_1877	0,1,2,4,5,6,11,12	749	21811051	3.4340390107748588e-05
6	block2x2	mask_187b	0,1,3,4,5,6,11,12	163	21811051	7.4732758178411485e-06
6	block2x2	mask_187d	0,2,3,4,5,6,11,12	8	21811051	3.6678654320692753e-07
6	block2x2	mask_187e	1,2,3,4,5,6,11,12	133	21811051	6.09782628081517e-06
6	block2x2	mask_189f	0,1,2,3,4,7,11,12	17	21811051	7.7942140431472106e-07
6	block2x2	mask_18af	0,1,2,3,5,7,11,12	27	21811051	1.2379045833233805e-06
6	block2x2	mask_18b7	0,1,2,4,5,7,11,12	132	21811051	6.0519779629143044e-06
6	block2x2	mask_18bb	0,1,3,4,5,7,11,12	1	21811051	4.5848317900865941e-08
6	block2x2	mask_18bd	0,2,3,4,5,7,11,12	18	21811051	8.2526972221558696e-07
6	block2x2	mask_18be	1,2,3,4,5,7,11,12	79	21811051	3.6220171141684095e-06
6	block2x2	mask_18cf	0,1,2,3,6,7,11,12	262	21811051	1.2012259290026876e-05
6	block2x2	mask_18d7	0,1,2,4,6,7,11,12	40	21811051	1.8339327160346377e-06
6	block2x2	mask_18db	0,1,3,4,6,7,11,12	2	21811051	9.1696635801731881e-08
6	block2x2	mask_18dd	0,2,3,4,6,7,11,12	1	21811051	4.5848317900865941e-08
6	block2x2	mask_18de	1,2,3,4,6,7,11,12	525	21811051	2.4070366897954619e-05
6	block2x2	mask_18e7	0,1,2,5,6,7,11,12	119	21811051	5.4559498302030468e-06
6	block2x2	mask_18eb	0,1,3,5,6,7,11,12	7	21811051	3.2093822530606157e-07
6	block2x2	mask_18ed	0,2,3,5,6,7,11,12	178	21811051	8.1610005863541382e-06
6	block2x2	mask_18ee	1,2,3,5,6,7,11,12	2450	21811051	0.00011232837885712156
6	block2x2	mask_18f3	0,1,4,5,6,7,11,12	147	21811051	6.7397027314272933e-06
6	block2x2	mask_18f5	0,2,4,5,6,7,11,12	20	21811051	9.1696635801731887e-07
6	block2x2	mask_18f6	1,2,4,5,6,7,11,12	235	21811051	1.0774354706703497e-05
6	block2x2	mask_18f9	0,3,4,5,6,7,11,12	2	21811051	9.1696635801731881e-08
6	block2x2	mask_18fa	1,3,4,5,6,7,11,12	10	21811051	4.5848317900865943e-07
6	block2x2	mask_18fc	2,3,4,5,6,7,11,12	135	21811051	6.189522916616902e-06
6	block2x2	mask_191f	0,1,2,3,4,8,11,12	133	21811051	6.09782628081517e-06
6	block2x2	mask_192f	0,1,2,3,5,8,11,12	8	21811051	3.6678654320692753e-07
6	block2x2	mask_1937	0,1,2,4,5,8,11,12	574	21811051	2.6316934475097052e-05
6	block2x2	mask_193b	0,1,3,4,5,8,11,12	11	21811051	5.0433149690952533e-07
6	block2x2	mask_193d	0,2,3,4,5,8,11,12	16	21811051	7.3357308641385505e-07
6	block2x2	mask_193e	1,2,3,4,5,8,11,12	22	21811051	1.0086629938190507e-06
6	block2x2	mask_194f	0,1,2,3,6,8,11,12	3	21811051	1.3754495370259784e-07
6	block2x2	mask_1957	0,1,2,4,6,8,11,12	288	21811051	1.3204315555449391e-05
6	block2x2	mask_195b	0,1,3,4,6,8,11,12	161	21811051	7.3815791820394165e-06
6	block2x2	mask_195e	1,2,3,4,6,8,11,12	9	21811051	4.1263486110779348e-07
6	block2x2	mask_1967	0,1,2,5,6,8,11,12	24	21811051	1.1003596296207827e-06
6	block2x2	mask_196b	0,1,3,5,6,8,11,12	5	21811051	2.2924158950432972e-07
6	block2x2	mask_196e	1,2,3,5,6,8,11,12	9	21811051	4.1263486110779348e-07
6	block2x2	mask_1973	0,1,4,5,6,8,11,12	4335	21811051	0.00019875245810025387
6	block2x2	mask_1975	0,2,4,5,6,8,11,12	129	21811051	5.9144330092117068e-06
6	block2x2	mask_1976	1,2,4,5,6,8,11,12	237	21811051	1.0866051342505228e-05
6	block2x2	mask_1979	0,3,4,5,6,8,11,12	45	21811051	2.0631743055389673e-06
6	block2x2	mask_197a	1,3,4,5,6,8,11,12	52	21811051	2.384112530845029e-06
6	block2x2	mask_197c	2,3,4,5,6,8,11,12	6	21811051	2.7508990740519567e-07
6	block2x2	mask_198f	0,1,2,3,7,8,11,12	8	21811051	3.6678654320692753e-07
6	block2x2	mask_1997	0,1,2,4,7,8,11,12	382	21811051	1.7514057438130788e-05
6	block2x2	mask_199e	1,2,3,4,7,8,11,12	3	21811051	1.3754495370259784e-07
6	block2x2	mask_19a7	0,1,2,5,7,8,11,12	2	21811051	9.1696635801731881e-08
6	block2x2	mask_19ad	0,2,3,5,7,8,11,12	22	21811051	1.0086629938190507e-06
6	block2x2	mask_19ae	1,2,3,5,7,8,11,12	3	21811051	1.3754495370259784e-07
6	block2x2	mask_19b3	0,1,4,5,7,8,11,12	21	21811051	9.6281467591818487e-07
6	block2x2	mask_19b5	0,2,4,5,7,8,11,12	32	21811051	1.4671461728277101e-06
6	block2x2	mask_19b6	1,2,4,5,7,8,11,12	34	21811051	1.5588428086294421e-06
6	block2x2	mask_19bc	2,3,4,5,7,8,11,12	2	21811051	9.1696635801731881e-08
6	block2x2	mask_19c7	0,1,2,6,7,8,11,12	6	21811051	2.7508990740519567e-07
6	block2x2	mask_19cb	0,1,3,6,7,8,11,12	1	21811051	4.5848317900865941e-08
6	block2x2	mask_19cd	0,2,3,6,7,8,11,12	1	21811051	4.5848317900865941e-08
6	block2x2	mask_19ce	1,2,3,6,7,8,11,12	18	21811051	8.2526972221558696e-07
6	block2x2	mask_19d3	0,1,4,6,7,8,11,12	224	21811051	1.027002320979397e-05
6	block2x2	mask_19d5	0,2,4,6,7,8,11,12	5	21811051	2.2924158950432972e-07
6	block2x2	mask_19d6	1,2,4,6,7,8,11,12	19	21811051	8.7111804011645286e-07
6	block2x2	mask_19da	1,3,4,6,7,8,11,12	1	21811051	4.5848317900865941e-08
6	block2x2	mask_19e3	0,1,5,6,7,8,11,12	17	21811051	7.7942140431472106e-07
6	block2x2	mask_19e5	0,2,5,6,7,8,11,12	21	21811051	9.6281467591818487e-07
6	block2x2	mask_19e6	1,2,5,6,7,8,11,12	243	21811051	1.1141141249910423e-05
6	block2x2	mask_19e9	0,3,5,6,7,8,11,12	3	21811051	1.3754495370259784e-07
6	block2x2	mask_19ea	1,3,5,6,7,8,11,12	4	21811051	1.8339327160346376e-07
6	block2x2	mask_19ec	2,3,5,6,7,8,11,12	73	21811051	3.3469272067632138e-06
6	block2x2	mask_19f1	0,4,5,6,7,8,11,12	78	21811051	3.5761687962675435e-06
6	block2x2	mask_19f2	1,4,5,6,7,8,11,12	26	21811051	1.1920562654225145e-06
6	block2x2	mask_19f4	2,4,5,6,7,8,11,12	7	21811051	3.2093822530606157e-07
6	block2x2	mask_1a1f	0,1,2,3,4,9,11,12	615	21811051	2.8196715509032556e-05
6	block2x2	mask_1a2f	0,1,2,3,5,9,11,12	122	21811051	5.5934947839056452e-06
6	block2x2	mask_1a37	0,1,2,4,5,9,11,12	863	21811051	3.9567098348447308e-05
6	block2x2	mask_1a3b	0,1,3,4,5,9,11,12	124	21811051	5.6851914197073764e-06
6	block2x2	mask_1a3d	0,2,3,4,5,9,11,12	12	21811051	5.5017981481039134e-07
6	block2x2	mask_1a3e	1,2,3,4,5,9,11,12	140	21811051	6.4187645061212316e-06
6	block2x2	mask_1a4f	0,1,2,3,6,9,11,12	11	21811051	5.0433149690952533e-07
6	block2x2	mask_1a57	0,1,2,4,6,9,11,12	38	21811051	1.7422360802329057e-06
6	block2x2	mask_1a5b	0,1,3,4,6,9,11,12	11	21811051	5.0433149690952533e-07
6	block2x2	mask_1a5d	0,2,3,4,6,9,11,12	1	21811051	4.5848317900865941e-08
6	block2x2	mask_1a5e	1,2,3,4,6,9,11,12	24	21811051	1.1003596296207827e-06
6	block2x2	mask_1a67	0,1,2,5,6,9,11,12	109	21811051	4.9974666511943876e-06
6	block2x2	mask_1a6b	0,1,3,5,6,9,11,12	14	21811051	6.4187645061212314e-07
6	block2x2	mask_1a6d	0,2,3,5,6,9,11,12	17	21811051	7.7942140431472106e-07
6	block2x2	mask_1a6e	1,2,3,5,6,9,11,12	60	21811051	2.7508990740519566e-06
6	block2x2	mask_1a73	0,1,4,5,6,9,11,12	2214	21811051	0.0001015081758325172
6	block2x2	mask_1a75	0,2,4,5,6,9,11,12	80	21811051	3.6678654320692755e-06
6	block2x2	mask_1a76	1,2,4,5,6,9,11,12	502	21811051	2.3015855586234702e-05
6	block2x2	mask_1a79	0,3,4,5,6,9,11,12	2	21811051	9.1696635801731881e-08
6	block2x2	mask_1a7a	1,3,4,5,6,9,11,12	14	21811051	6.4187645061212314e-07
6	block2x2	mask_1a7c	2,3,4,5,6,9,11,12	19	21811051	8.7111804011645286e-07
6	block2x2	mask_1a8f	0,1,2,3,7,9,11,12	9	21811051	4.1263486110779348e-07
6	block2x2	mask_1a9e	1,2,3,4,7,9,11,12	98	21811051	4.4931351542848619e-06
6	block2x2	mask_1aa7	0,1,2,5,7,9,11,12	8	21811051	3.6678654320692753e-07
6	block2x2	mask_1aad	0,2,3,5,7,9,11,12	11	21811051	5.0433149690952533e-07
6	block2x2	mask_1aae	1,2,3,5,7,9,11,12	12	21811051	5.5017981481039134e-07
6	block2x2	mask_1ab3	0,1,4,5,7,9,11,12	20	21811051	9.1696635801731887e-07
6	block2x2	mask_1ab5	0,2,4,5,7,9,11,12	4	21811051	1.8339327160346376e-07
6	block2x2	mask_1ab6	1,2,4,5,7,9,11,12	16	21811051	7.3357308641385505e-07
6	block2x2	mask_1abc	2,3,4,5,7,9,11,12	12	21811051	5.5017981481039134e-07
6	block2x2	mask_1ac7	0,1,2,6,7,9,11,12	21	21811051	9.6281467591818487e-07
6	block2x2	mask_1acb	0,1,3,6,7,9,11,12	2	21811051	9.1696635801731881e-08
6	block2x2	mask_1acd	0,2,3,6,7,9,11,12	9	21811051	4.1263486110779348e-07
6	block2x2	mask_1ace	1,2,3,6,7,9,11,12	50	21811051	2.292415895043297e-06
6	block2x2	mask_1ad3	0,1,4,6,7,9,11,12	4	21811051	1.8339327160346376e-07
6	block2x2	mask_1ad5	0,2,4,6,7,9,11,12	5	21811051	2.2924158950432972e-07
6	block2x2	mask_1ad6	1,2,4,6,7,9,11,12	38	21811051	1.7422360802329057e-06
6	block2x2	mask_1ad9	0,3,4,6,7,9,11,12	1	21811051	4.5848317900865941e-08
6	block2x2	mask_1ada	1,3,4,6,7,9,11,12	18	21811051	8.2526972221558696e-07
6	block2x2	mask_1adc	2,3,4,6,7,9,11,12	16	21811051	7.3357308641385505e-07
6	block2x2	mask_1ae3	0,1,5,6,7,9,11,12	68	21811051	3.1176856172588842e-06
6	block2x2	mask_1ae5	0,2,5,6,7,9,11,12	63	21811051	2.8884440277545542e-06
6	block2x2	mask_1ae6	1,2,5,6,7,9,11,12	567	21811051	2.5995996249790987e-05
6	block2x2	mask_1ae9	0,3,5,6,7,9,11,12	4	21811051	1.8339327160346376e-07
6	block2x2	mask_1aea	1,3,5,6,7,9,11,12	10	21811051	4.5848317900865943e-07
6	block2x2	mask_1af1	0,4,5,6,7,9,11,12	34	21811051	1.5588428086294421e-06
6	block2x2	mask_1af2	1,4,5,6,7,9,11,12	58	21811051	2.6592024382502246e-06
6	block2x2	mask_1af4	2,4,5,6,7,9,11,12	56	21811051	2.5675058024484926e-06
6	block2x2	mask_1af8	3,4,5,6,7,9,11,12	5	21811051	2.2924158950432972e-07
6	block2x2	mask_1b0f	0,1,2,3,8,9,11,12	1	21811051	4.5848317900865941e-08
6	block2x2	mask_1b17	0,1,2,4,8,9,11,12	137	21811051	6.2812195524186341e-06
6	block2x2	mask_1b1b	0,1,3,4,8,9,11,12	22	21811051	1.0086629938190507e-06
6	block2x2	mask_1b1d	0,2,3,4,8,9,11,12	4	21811051	1.8339327160346376e-07
6	block2x2	mask_1b1e	1,2,3,4,8,9,11,12	10	21811051	4.5848317900865943e-07
6	block2x2	mask_1b27	0,1,2,5,8,9,11,12	25	21811051	1.1462079475216485e-06
6	block2x2	mask_1b2b	0,1,3,5,8,9,11,12	2	21811051	9.1696635801731881e-08
6	block2x2	mask_1b2d	0,2,3,5,8,9,11,12	4	21811051	1.8339327160346376e-07
6	block2x2	mask_1b2e	1,2,3,5,8,9,11,12	3	21811051	1.3754495370259784e-07
6	block2x2	mask_1b33	0,1,4,5,8,9,11,12	25759	21811051	0.0011810068208084057
6	block2x2	mask_1b35	0,2,4,5,8,9,11,12	373	21811051	1.7101422577022996e-05
6	block2x2	mask_1b36	1,2,4,5,8,9,11,12	591	21811051	2.7096355879411772e-05
6	block2x2	mask_1b39	0,3,4,5,8,9,11,12	4	21811051	1.8339327160346376e-07
6	block2x2	mask_1b3a	1,3,4,5,8,9,11,12	29	21811051	1.3296012191251123e-06
6	block2x2	mask_1b3c	2,3,4,5,8,9,11,12	12	21811051	5.5017981481039134e-07
6	block2x2	mask_1b47	0,1,2,6,8,9,11,12	1	21811051	4.5848317900865941e-08
6	block2x2	mask_1b4d	0,2,3,6,8,9,11,12	1	21811051	4.5848317900865941e-08
6	block2x2	mask_1b53	0,1,4,6,8,9,11,12	602	21811051	2.7600687376321298e-05
6	block2x2	mask_1b55	0,2,4,6,8,9,11,12	74	21811051	3.3927755246640799e-06
6	block2x2	mask_1b56	1,2,4,6,8,9,11,12	44	21811051	2.0173259876381013e-06
6	block2x2	mask_1b5a	1,3,4,6,8,9,11,12	4	21811051	1.8339327160346376e-07
6	block2x2	mask_1b63	0,1,5,6,8,9,11,12	225	21811051	1.0315871527694838e-05
6	block2x2	mask_1b65	0,2,5,6,8,9,11,12	38	21811051	1.7422360802329057e-06
6	block2x2	mask_1b66	1,2,5,6,8,9,11,12	1314	21811051	6.0244689721737848e-05
6	block2x2	mask_1b69	0,3,5,6,8,9,11,12	1	21811051	4.5848317900865941e-08
6	block2x2	mask_1b6a	1,3,5,6,8,9,11,12	2	21811051	9.1696635801731881e-08
6	block2x2	mask_1b6c	2,3,5,6,8,9,11,12	39	21811051	1.7880843981337717e-06
6	block2x2	mask_1b72	1,4,5,6,8,9,11,12	2522	21811051	0.0001156294577459839
6	block2x2	mask_1b74	2,4,5,6,8,9,11,12	381	21811051	1.7468209120229924e-05
6	block2x2	mask_1b78	3,4,5,6,8,9,11,12	31	21811051	1.4212978549268441e-06
6	block2x2	mask_1b87	0,1,2,7,8,9,11,12	2	21811051	9.1696635801731881e-08
6	block2x2	mask_1b8e	1,2,3,7,8,9,11,12	1	21811051	4.5848317900865941e-08
6	block2x2	mask_1b93	0,1,4,7,8,9,11,12	1	21811051	4.5848317900865941e-08
6	block2x2	mask_1b95	0,2,4,7,8,9,11,12	2	21811051	9.1696635801731881e-08
6	block2x2	mask_1b96	1,2,4,7,8,9,11,12	3	21811051	1.3754495370259784e-07
6	block2x2	mask_1ba3	0,1,5,7,8,9,11,12	1	21811051	4.5848317900865941e-08
6	block2x2	mask_1ba5	0,2,5,7,8,9,11,12	3	21811051	1.3754495370259784e-07
6	block2x2	mask_1ba6	1,2,5,7,8,9,11,12	3	21811051	1.3754495370259784e-07
6	block2x2	mask_1baa	1,3,5,7,8,9,11,12	1	21811051	4.5848317900865941e-08
6	block2x2	mask_1bac	2,3,5,7,8,9,11,12	2	21811051	9.1696635801731881e-08
6	block2x2	mask_1bb1	0,4,5,7,8,9,11,12	8	21811051	3.6678654320692753e-07
6	block2x2	mask_1bb2	1,4,5,7,8,9,11,12	8	21811051	3.6678654320692753e-07
6	block2x2	mask_1bb4	2,4,5,7,8,9,11,12	14	21811051	6.4187645061212314e-07
6	block2x2	mask_1bc6	1,2,6,7,8,9,11,12	12	21811051	5.5017981481039134e-07
6	block2x2	mask_1bca	1,3,6,7,8,9,11,12	2	21811051	9.1696635801731881e-08
6	block2x2	mask_1bcc	2,3,6,7,8,9,11,12	170	21811051	7.7942140431472102e-06
6	block2x2	mask_1bd1	0,4,6,7,8,9,11,12	14	21811051	6.4187645061212314e-07
6	block2x2	mask_1bd2	1,4,6,7,8,9,11,12	13	21811051	5.9602813271125724e-07
6	block2x2	mask_1bd4	2,4,6,7,8,9,11,12	1	21811051	4.5848317900865941e-08
6	block2x2	mask_1be1	0,5,6,7,8,9,11,12	41	21811051	1.8797810339355035e-06
6	block2x2	mask_1be2	1,5,6,7,8,9,11,12	48	21811051	2.2007192592415654e-06
6	block2x2	mask_1be4	2,5,6,7,8,9,11,12	160	21811051	7.3357308641385509e-06
6	block2x2	mask_1c1f	0,1,2,3,4,10,11,12	95	21811051	4.3555902005822643e-06
6	block2x2	mask_1c2f	0,1,2,3,5,10,11,12	44	21811051	2.0173259876381013e-06
6	block2x2	mask_1c37	0,1,2,4,5,10,11,12	121	21811051	5.5476464660047788e-06
6	block2x2	mask_1c3b	0,1,3,4,5,10,11,12	13	21811051	5.9602813271125724e-07
6	block2x2	mask_1c3d	0,2,3,4,5,10,11,12	3	21811051	1.3754495370259784e-07
6	block2x2	mask_1c3e	1,2,3,4,5,10,11,12	25	21811051	1.1462079475216485e-06
6	block2x2	mask_1c4f	0,1,2,3,6,10,11,12	14	21811051	6.4187645061212314e-07
6	block2x2	mask_1c57	0,1,2,4,6,10,11,12	5	21811051	2.2924158950432972e-07
6	block2x2	mask_1c5b	0,1,3,4,6,10,11,12	7	21811051	3.2093822530606157e-07
6	block2x2	mask_1c5d	0,2,3,4,6,10,11,12	2	21811051	9.1696635801731881e-08
6	block2x2	mask_1c5e	1,2,3,4,6,10,11,12	16	21811051	7.3357308641385505e-07
6	block2x2	mask_1c67	0,1,2,5,6,10,11,12	67	21811051	3.0718372993580182e-06
6	block2x2	mask_1c6b	0,1,3,5,6,10,11,12	6	21811051	2.7508990740519567e-07
6	block2x2	mask_1c6d	0,2,3,5,6,10,11,12	8	21811051	3.6678654320692753e-07
6	block2x2	mask_1c6e	1,2,3,5,6,10,11,12	186	21811051	8.5277871295610646e-06
6	block2x2	mask_1c73	0,1,4,5,6,10,11,12	525	21811051	2.4070366897954619e-05
6	block2x2	mask_1c75	0,2,4,5,6,10,11,12	15	21811051	6.8772476851298915e-07
6	block2x2	mask_1c76	1,2,4,5,6,10,11,12	199	21811051	9.1238152622723222e-06
6	block2x2	mask_1c79	0,3,4,5,6,10,11,12	1	21811051	4.5848317900865941e-08
6	block2x2	mask_1c7a	1,3,4,5,6,10,11,12	23	21811051	1.0545113117199167e-06
6	block2x2	mask_1c7c	2,3,4,5,6,10,11,12	50	21811051	2.292415895043297e-06
6	block2x2	mask_1c8f	0,1,2,3,7,10,11,12	16	21811051	7.3357308641385505e-07
6	block2x2	mask_1c97	0,1,2,4,7,10,11,12	15	21811051	6.8772476851298915e-07
6	block2x2	mask_1ca7	0,1,2,5,7,10,11,12	8	21811051	3.6678654320692753e-07
6	block2x2	mask_1cad	0,2,3,5,7,10,11,12	6	21811051	2.7508990740519567e-07
6	block2x2	mask_1cae	1,2,3,5,7,10,11,12	14	21811051	6.4187645061212314e-07
6	block2x2	mask_1cb3	0,1,4,5,7,10,11,12	17	21811051	7.7942140431472106e-07
6	block2x2	mask_1cb6	1,2,4,5,7,10,11,12	11	21811051	5.0433149690952533e-07
6	block2x2	mask_1cba	1,3,4,5,7,10,11,12	2	21811051	9.1696635801731881e-08
6	block2x2	mask_1cbc	2,3,4,5,7,10,11,12	8	21811051	3.6678654320692753e-07
6	block2x2	mask_1cc7	0,1,2,6,7,10,11,12	67	21811051	3.0718372993580182e-06
6	block2x2	mask_1ccb	0,1,3,6,7,10,11,12	10	21811051	4.5848317900865943e-07
6	block2x2	mask_1ccd	0,2,3,6,7,10,11,12	59	21811051	2.7050507561510906e-06
6	block2x2	mask_1cd3	0,1,4,6,7,10,11,12	13	21811051	5.9602813271125724e-07
6	block2x2	mask_1cd5	0,2,4,6,7,10,11,12	2	21811051	9.1696635801731881e-08
6	block2x2	mask_1cd6	1,2,4,6,7,10,11,12	69	21811051	3.1635339351597498e-06
6	block2x2	mask_1cda	1,3,4,6,7,10,11,12	18	21811051	8.2526972221558696e-07
6	block2x2	mask_1cdc	2,3,4,6,7,10,11,12	91	21811051	4.1721969289788011e-06
6	block2x2	mask_1ce3	0,1,5,6,7,10,11,12	832	21811051	3.8145800493520464e-05
6	block2x2	mask_1ce5	0,2,5,6,7,10,11,12	289	21811051	1.3250163873350257e-05
6	block2x2	mask_1ce6	1,2,5,6,7,10,11,12	1993	21811051	9.1375697576425821e-05
6	block2x2	mask_1ce9	0,3,5,6,7,10,11,12	17	21811051	7.7942140431472106e-07
6	block2x2	mask_1cf1	0,4,5,6,7,10,11,12	142	21811051	6.5104611419229637e-06
6	block2x2	mask_1cf2	1,4,5,6,7,10,11,12	193	21811051	8.8487253548671271e-06
6	block2x2	mask_1cf4	2,4,5,6,7,10,11,12	107	21811051	4.9057700153926555e-06
6	block2x2	mask_1cf8	3,4,5,6,7,10,11,12	33	21811051	1.5129944907285761e-06
6	block2x2	mask_1d0f	0,1,2,3,8,10,11,12	4	21811051	1.8339327160346376e-07
6	block2x2	mask_1d17	0,1,2,4,8,10,11,12	88	21811051	4.0346519752762027e-06
6	block2x2	mask_1d1b	0,1,3,4,8,10,11,12	3	21811051	1.3754495370259784e-07
6	block2x2	mask_1d1e	1,2,3,4,8,10,11,12	12	21811051	5.5017981481039134e-07
6	block2x2	mask_1d27	0,1,2,5,8,10,11,12	16	21811051	7.3357308641385505e-07
6	block2x2	mask_1d2b	0,1,3,5,8,10,11,12	3	21811051	1.3754495370259784e-07
6	block2x2	mask_1d2d	0,2,3,5,8,10,11,12	3	21811051	1.3754495370259784e-07
6	block2x2	mask_1d2e	1,2,3,5,8,10,11,12	10	21811051	4.5848317900865943e-07
6	block2x2	mask_1d33	0,1,4,5,8,10,11,12	5817	21811051	0.00026669966522933718
6	block2x2	mask_1d35	0,2,4,5,8,10,11,12	34	21811051	1.5588428086294421e-06
6	block2x2	mask_1d36	1,2,4,5,8,10,11,12	141	21811051	6.4646128240220981e-06
6	block2x2	mask_1d3a	1,3,4,5,8,10,11,12	12	21811051	5.5017981481039134e-07
6	block2x2	mask_1d3c	2,3,4,5,8,10,11,12	1	21811051	4.5848317900865941e-08
6	block2x2	mask_1d47	0,1,2,6,8,10,11,12	2	21811051	9.1696635801731881e-08
6	block2x2	mask_1d53	0,1,4,6,8,10,11,12	375	21811051	1.7193119212824728e-05
6	block2x2	mask_1d55	0,2,4,6,8,10,11,12	12	21811051	5.5017981481039134e-07
6	block2x2	mask_1d56	1,2,4,6,8,10,11,12	9	21811051	4.1263486110779348e-07
6	block2x2	mask_1d5a	1,3,4,6,8,10,11,12	4	21811051	1.8339327160346376e-07
6	block2x2	mask_1d63	0,1,5,6,8,10,11,12	100	21811051	4.5848317900865939e-06
6	block2x2	mask_1d65	0,2,5,6,8,10,11,12	8	21811051	3.6678654320692753e-07
6	block2x2	mask_1d66	1,2,5,6,8,10,11,12	1036	21811051	4.7498857345297117e-05
6	block2x2	mask_1d69	0,3,5,6,8,10,11,12	1	21811051	4.5848317900865941e-08
6	block2x2	mask_1d6a	1,3,5,6,8,10,11,12	17	21811051	7.7942140431472106e-07
6	block2x2	mask_1d6c	2,3,5,6,8,10,11,12	21	21811051	9.6281467591818487e-07
6	block2x2	mask_1d72	1,4,5,6,8,10,11,12	236	21811051	1.0820203024604362e-05
6	block2x2	mask_1d74	2,4,5,6,8,10,11,12	21	21811051	9.6281467591818487e-07
6	block2x2	mask_1d78	3,4,5,6,8,10,11,12	1	21811051	4.5848317900865941e-08
6	block2x2	mask_1d8e	1,2,3,7,8,10,11,12	1	21811051	4.5848317900865941e-08
6	block2x2	mask_1d93	0,1,4,7,8,10,11,12	2	21811051	9.1696635801731881e-08
6	block2x2	mask_1d96	1,2,4,7,8,10,11,12	3	21811051	1.3754495370259784e-07
6	block2x2	mask_1d9a	1,3,4,7,8,10,11,12	1	21811051	4.5848317900865941e-08
6	block2x2	mask_1da3	0,1,5,7,8,10,11,12	5	21811051	2.2924158950432972e-07
6	block2x2	mask_1da5	0,2,5,7,8,10,11,12	4	21811051	1.8339327160346376e-07
6	block2x2	mask_1da6	1,2,5,7,8,10,11,12	9	21811051	4.1263486110779348e-07
6	block2x2	mask_1daa	1,3,5,7,8,10,11,12	2	21811051	9.1696635801731881e-08
6	block2x2	mask_1dac	2,3,5,7,8,10,11,12	1	21811051	4.5848317900865941e-08
6	block2x2	mask_1db2	1,4,5,7,8,10,11,12	18	21811051	8.2526972221558696e-07
6	block2x2	mask_1db4	2,4,5,7,8,10,11,12	5	21811051	2.2924158950432972e-07
6	block2x2	mask_1dc3	0,1,6,7,8,10,11,12	10	21811051	4.5848317900865943e-07
6	block2x2	mask_1dc5	0,2,6,7,8,10,11,12	1	21811051	4.5848317900865941e-08
6	block2x2	mask_1dc6	1,2,6,7,8,10,11,12	34	21811051	1.5588428086294421e-06
6	block2x2	mask_1dca	1,3,6,7,8,10,11,12	6	21811051	2.7508990740519567e-07
6	block2x2	mask_1dcc	2,3,6,7,8,10,11,12	53	21811051	2.429960848745895e-06
6	block2x2	mask_1dd1	0,4,6,7,8,10,11,12	2	21811051	9.1696635801731881e-08
6	block2x2	mask_1dd2	1,4,6,7,8,10,11,12	12	21811051	5.5017981481039134e-07
6	block2x2	mask_1de1	0,5,6,7,8,10,11,12	198	21811051	9.0779669443714567e-06
6	block2x2	mask_1de2	1,5,6,7,8,10,11,12	398	21811051	1.8247630524544644e-05
6	block2x2	mask_1de4	2,5,6,7,8,10,11,12	120	21811051	5.5017981481039132e-06
6	block2x2	mask_1e0f	0,1,2,3,9,10,11,12	5	21811051	2.2924158950432972e-07
6	block2x2	mask_1e17	0,1,2,4,9,10,11,12	128	21811051	5.8685846913108404e-06
6	block2x2	mask_1e1b	0,1,3,4,9,10,11,12	13	21811051	5.9602813271125724e-07
6	block2x2	mask_1e1d	0,2,3,4,9,10,11,12	1	21811051	4.5848317900865941e-08
6	block2x2	mask_1e1e	1,2,3,4,9,10,11,12	20	21811051	9.1696635801731887e-07
6	block2x2	mask_1e27	0,1,2,5,9,10,11,12	46	21811051	2.1090226234398334e-06
6	block2x2	mask_1e2b	0,1,3,5,9,10,11,12	7	21811051	3.2093822530606157e-07
6	block2x2	mask_1e2d	0,2,3,5,9,10,11,12	2	21811051	9.1696635801731881e-08
6	block2x2	mask_1e2e	1,2,3,5,9,10,11,12	15	21811051	6.8772476851298915e-07
6	block2x2	mask_1e33	0,1,4,5,9,10,11,12	6527	21811051	0.00029925197093895201
6	block2x2	mask_1e35	0,2,4,5,9,10,11,12	69	21811051	3.1635339351597498e-06
6	block2x2	mask_1e36	1,2,4,5,9,10,11,12	351	21811051	1.6092759583203947e-05
6	block2x2	mask_1e39	0,3,4,5,9,10,11,12	3	21811051	1.3754495370259784e-07
6	block2x2	mask_1e3a	1,3,4,5,9,10,11,12	22	21811051	1.0086629938190507e-06
6	block2x2	mask_1e3c	2,3,4,5,9,10,11,12	9	21811051	4.1263486110779348e-07
6	block2x2	mask_1e47	0,1,2,6,9,10,11,12	3	21811051	1.3754495370259784e-07
6	block2x2	mask_1e53	0,1,4,6,9,10,11,12	86	21811051	3.9429553394744707e-06
6	block2x2	mask_1e55	0,2,4,6,9,10,11,12	17	21811051	7.7942140431472106e-07
6	block2x2	mask_1e56	1,2,4,6,9,10,11,12	34	21811051	1.5588428086294421e-06
6	block2x2	mask_1e59	0,3,4,6,9,10,11,12	1	21811051	4.5848317900865941e-08
6	block2x2	mask_1e5a	1,3,4,6,9,10,11,12	7	21811051	3.2093822530606157e-07
6	block2x2	mask_1e5c	2,3,4,6,9,10,11,12	1	21811051	4.5848317900865941e-08
6	block2x2	mask_1e63	0,1,5,6,9,10,11,12	296	21811051	1.3571102098656319e-05
6	block2x2	mask_1e65	0,2,5,6,9,10,11,12	66	21811051	3.0259889814571522e-06
6	block2x2	mask_1e66	1,2,5,6,9,10,11,12	3612	21811051	0.00016560412425792778
6	block2x2	mask_1e69	0,3,5,6,9,10,11,12	4	21811051	1.8339327160346376e-07
6	block2x2	mask_1e6a	1,3,5,6,9,10,11,12	20	21811051	9.1696635801731887e-07
6	block2x2	mask_1e72	1,4,5,6,9,10,11,12	917	21811051	4.2042907515094067e-05
6	block2x2	mask_1e74	2,4,5,6,9,10,11,12	252	21811051	1.1553776111018217e-05
6	block2x2	mask_1e78	3,4,5,6,9,10,11,12	13	21811051	5.9602813271125724e-07
6	block2x2	mask_1e87	0,1,2,7,9,10,11,12	1	21811051	4.5848317900865941e-08
6	block2x2	mask_1e8d	0,2,3,7,9,10,11,12	1	21811051	4.5848317900865941e-08
6	block2x2	mask_1e93	0,1,4,7,9,10,11,12	3	21811051	1.3754495370259784e-07
6	block2x2	mask_1e96	1,2,4,7,9,10,11,12	4	21811051	1.8339327160346376e-07
6	block2x2	mask_1e9a	1,3,4,7,9,10,11,12	1	21811051	4.5848317900865941e-08
6	block2x2	mask_1e9c	2,3,4,7,9,10,11,12	1	21811051	4.5848317900865941e-08
6	block2x2	mask_1ea3	0,1,5,7,9,10,11,12	37	21811051	1.6963877623320399e-06
6	block2x2	mask_1ea5	0,2,5,7,9,10,11,12	6	21811051	2.7508990740519567e-07
6	block2x2	mask_1ea6	1,2,5,7,9,10,11,12	29	21811051	1.3296012191251123e-06
6	block2x2	mask_1ea9	0,3,5,7,9,10,11,12	1	21811051	4.5848317900865941e-08
6	block2x2	mask_1eb2	1,4,5,7,9,10,11,12	64	21811051	2.9342923456554202e-06
6	block2x2	mask_1eb4	2,4,5,7,9,10,11,12	6	21811051	2.7508990740519567e-07
6	block2x2	mask_1ec3	0,1,6,7,9,10,11,12	568	21811051	2.6041844567691855e-05
6	block2x2	mask_1ec5	0,2,6,7,9,10,11,12	35	21811051	1.6046911265303079e-06
6	block2x2	mask_1ec9	0,3,6,7,9,10,11,12	2	21811051	9.1696635801731881e-08
6	block2x2	mask_1ed2	1,4,6,7,9,10,11,12	202	21811051	9.2613602159749207e-06
6	block2x2	mask_1ed4	2,4,6,7,9,10,11,12	99	21811051	4.5389834721857283e-06
6	block2x2	mask_1ee1	0,5,6,7,9,10,11,12	1082	21811051	4.9607879968736951e-05
6	block2x2	mask_1f13	0,1,4,8,9,10,11,12	3613	21811051	0.00016564997257582866
6	block2x2	mask_1f15	0,2,4,8,9,10,11,12	99	21811051	4.5389834721857283e-06
6	block2x2	mask_1f16	1,2,4,8,9,10,11,12	45	21811051	2.0631743055389673e-06
6	block2x2	mask_1f19	0,3,4,8,9,10,11,12	4	21811051	1.8339327160346376e-07
6	block2x2	mask_1f1a	1,3,4,8,9,10,11,12	1	21811051	4.5848317900865941e-08
6	block2x2	mask_1f23	0,1,5,8,9,10,11,12	423	21811051	1.9393838472066293e-05
6	block2x2	mask_1f25	0,2,5,8,9,10,11,12	23	21811051	1.0545113117199167e-06
6	block2x2	mask_1f26	1,2,5,8,9,10,11,12	120	21811051	5.5017981481039132e-06
6	block2x2	mask_1f29	0,3,5,8,9,10,11,12	1	21811051	4.5848317900865941e-08
6	block2x2	mask_1f2a	1,3,5,8,9,10,11,12	34	21811051	1.5588428086294421e-06
6	block2x2	mask_1f2c	2,3,5,8,9,10,11,12	7	21811051	3.2093822530606157e-07
6	block2x2	mask_1f32	1,4,5,8,9,10,11,12	6181	21811051	0.00028338845294525241
6	block2x2	mask_1f34	2,4,5,8,9,10,11,12	151	21811051	6.9230960030307573e-06
6	block2x2	mask_1f43	0,1,6,8,9,10,11,12	11	21811051	5.0433149690952533e-07
6	block2x2	mask_1f45	0,2,6,8,9,10,11,12	5	21811051	2.2924158950432972e-07
6	block2x2	mask_1f46	1,2,6,8,9,10,11,12	35	21811051	1.6046911265303079e-06
6	block2x2	mask_1f4c	2,3,6,8,9,10,11,12	27	21811051	1.2379045833233805e-06
6	block2x2	mask_1f52	1,4,6,8,9,10,11,12	111	21811051	5.0891632869961196e-06
6	block2x2	mask_1f54	2,4,6,8,9,10,11,12	44	21811051	2.0173259876381013e-06
6	block2x2	mask_1f62	1,5,6,8,9,10,11,12	1373	21811051	6.2949740477888936e-05
6	block2x2	mask_1f64	2,5,6,8,9,10,11,12	528	21811051	2.4207911851657218e-05
6	block2x2	mask_1f8a	1,3,7,8,9,10,11,12	3	21811051	1.3754495370259784e-07
6	block2x2	mask_1f8c	2,3,7,8,9,10,11,12	32	21811051	1.4671461728277101e-06
6	block2x2	mask_1f92	1,4,7,8,9,10,11,12	6	21811051	2.7508990740519567e-07
6	block2x2	mask_1f94	2,4,7,8,9,10,11,12	1	21811051	4.5848317900865941e-08
6	block2x2	mask_1fa2	1,5,7,8,9,10,11,12	156	21811051	7.1523375925350869e-06
6	block2x2	mask_1fa4	2,5,7,8,9,10,11,12	25	21811051	1.1462079475216485e-06
6	block2x2	mask_1fc2	1,6,7,8,9,10,11,12	157	21811051	7.1981859104359525e-06
6	block2x2	mask_1fc4	2,6,7,8,9,10,11,12	230	21811051	1.0545113117199167e-05
6	block2x2	mask_20bf	0,1,2,3,4,5,7,13	3043	21811051	0.00013951643137233505
6	block2x2	mask_20df	0,1,2,3,4,6,7,13	1615	21811051	7.4045033409898491e-05
6	block2x2	mask_20f7	0,1,2,4,5,6,7,13	11161	21811051	0.00051171307609156481
6	block2x2	mask_20fb	0,1,3,4,5,6,7,13	660	21811051	3.0259889814571522e-05
6	block2x2	mask_20fd	0,2,3,4,5,6,7,13	925	21811051	4.2409694058300998e-05
6	block2x2	mask_20fe	1,2,3,4,5,6,7,13	8071	21811051	0.00037004177377788903
6	block2x2	mask_219f	0,1,2,3,4,7,8,13	150	21811051	6.8772476851298909e-06
6	block2x2	mask_21af	0,1,2,3,5,7,8,13	2915	21811051	0.00013364784668102423
6	block2x2	mask_21b7	0,1,2,4,5,7,8,13	4868	21811051	0.0002231896115414154
6	block2x2	mask_21bb	0,1,3,4,5,7,8,13	144	21811051	6.6021577777246957e-06
6	block2x2	mask_21bd	0,2,3,4,5,7,8,13	59	21811051	2.7050507561510906e-06
6	block2x2	mask_21be	1,2,3,4,5,7,8,13	211	21811051	9.6739950770827143e-06
6	block2x2	mask_21cf	0,1,2,3,6,7,8,13	5576	21811051	0.00025565022061522851
6	block2x2	mask_21d7	0,1,2,4,6,7,8,13	205	21811051	9.3989051696775174e-06
6	block2x2	mask_21db	0,1,3,4,6,7,8,13	39	21811051	1.7880843981337717e-06
6	block2x2	mask_21dd	0,2,3,4,6,7,8,13	10	21811051	4.5848317900865943e-07
6	block2x2	mask_21de	1,2,3,4,6,7,8,13	799	21811051	3.6632806002791891e-05
6	block2x2	mask_21e7	0,1,2,5,6,7,8,13	2385	21811051	0.00010934823819356527
6	block2x2	mask_21eb	0,1,3,5,6,7,8,13	153	21811051	7.0147926388324893e-06
6	block2x2	mask_21ed	0,2,3,5,6,7,8,13	1758	21811051	8.0601342869722329e-05
6	block2x2	mask_21ee	1,2,3,5,6,7,8,13	7027	21811051	0.00032217612988938497
6	block2x2	mask_21f3	0,1,4,5,6,7,8,13	5723	21811051	0.00026238992334665578
6	block2x2	mask_21f5	0,2,4,5,6,7,8,13	367	21811051	1.68263326696178e-05
6	block2x2	mask_21f6	1,2,4,5,6,7,8,13	3950	21811051	0.00018110085570842047
6	block2x2	mask_21f9	0,3,4,5,6,7,8,13	38	21811051	1.7422360802329057e-06
6	block2x2	mask_21fa	1,3,4,5,6,7,8,13	133	21811051	6.09782628081517e-06
6	block2x2	mask_21fc	2,3,4,5,6,7,8,13	827	21811051	3.7916558904016134e-05
6	block2x2	mask_229f	0,1,2,3,4,7,9,13	331	21811051	1.5175793225186627e-05
6	block2x2	mask_22bb	0,1,3,4,5,7,9,13	74	21811051	3.3927755246640799e-06
6	block2x2	mask_22bd	0,2,3,4,5,7,9,13	289	21811051	1.3250163873350257e-05
6	block2x2	mask_22be	1,2,3,4,5,7,9,13	430	21811051	1.9714776697372353e-05
6	block2x2	mask_22d7	0,1,2,4,6,7,9,13	382	21811051	1.7514057438130788e-05
6	block2x2	mask_22db	0,1,3,4,6,7,9,13	73	21811051	3.3469272067632138e-06
6	block2x2	mask_22dd	0,2,3,4,6,7,9,13	152	21811051	6.9689443209316229e-06
6	block2x2	mask_22de	1,2,3,4,6,7,9,13	1925	21811051	8.8258011959166941e-05
6	block2x2	mask_22f3	0,1,4,5,6,7,9,13	3512	21811051	0.00016101929246784119
6	block2x2	mask_22f5	0,2,4,5,6,7,9,13	1143	21811051	5.2404627360689773e-05
6	block2x2	mask_22f6	1,2,4,5,6,7,9,13	4757	21811051	0.00021810044825441928
6	block2x2	mask_22f9	0,3,4,5,6,7,9,13	169	21811051	7.7483657252463446e-06
6	block2x2	mask_22fa	1,3,4,5,6,7,9,13	284	21811051	1.3020922283845927e-05
6	block2x2	mask_22fc	2,3,4,5,6,7,9,13	2939	21811051	0.00013474820631064499
6	block2x2	mask_238f	0,1,2,3,7,8,9,13	81	21811051	3.7137137499701415e-06
6	block2x2	mask_239b	0,1,3,4,7,8,9,13	3	21811051	1.3754495370259784e-07
6	block2x2	mask_239e	1,2,3,4,7,8,9,13	46	21811051	2.1090226234398334e-06
6	block2x2	mask_23ab	0,1,3,5,7,8,9,13	5	21811051	2.2924158950432972e-07
6	block2x2	mask_23ad	0,2,3,5,7,8,9,13	149	21811051	6.8313993672290253e-06
6	block2x2	mask_23ae	1,2,3,5,7,8,9,13	136	21811051	6.2353712345177685e-06
6	block2x2	mask_23b9	0,3,4,5,7,8,9,13	11	21811051	5.0433149690952533e-07
6	block2x2	mask_23ba	1,3,4,5,7,8,9,13	26	21811051	1.1920562654225145e-06
6	block2x2	mask_23bc	2,3,4,5,7,8,9,13	97	21811051	4.4472868363839963e-06
6	block2x2	mask_23c7	0,1,2,6,7,8,9,13	96	21811051	4.4014385184831307e-06
6	block2x2	mask_23cb	0,1,3,6,7,8,9,13	15	21811051	6.8772476851298915e-07
6	block2x2	mask_23cd	0,2,3,6,7,8,9,13	247	21811051	1.1324534521513887e-05
6	block2x2	mask_23ce	1,2,3,6,7,8,9,13	547	21811051	2.5079029891773669e-05
6	block2x2	mask_23d6	1,2,4,6,7,8,9,13	144	21811051	6.6021577777246957e-06
6	block2x2	mask_23d9	0,3,4,6,7,8,9,13	13	21811051	5.9602813271125724e-07
6	block2x2	mask_23da	1,3,4,6,7,8,9,13	85	21811051	3.8971070215736051e-06
6	block2x2	mask_23dc	2,3,4,6,7,8,9,13	83	21811051	3.8054103857718731e-06
6	block2x2	mask_23e5	0,2,5,6,7,8,9,13	210	21811051	9.6281467591818471e-06
6	block2x2	mask_23e6	1,2,5,6,7,8,9,13	1686	21811051	7.730026398085998e-05
6	block2x2	mask_23e9	0,3,5,6,7,8,9,13	64	21811051	2.9342923456554202e-06
6	block2x2	mask_23ea	1,3,5,6,7,8,9,13	147	21811051	6.7397027314272933e-06
6	block2x2	mask_23ec	2,3,5,6,7,8,9,13	1878	21811051	8.610314101782624e-05
6	block2x2	mask_249f	0,1,2,3,4,7,10,13	46	21811051	2.1090226234398334e-06
6	block2x2	mask_24b7	0,1,2,4,5,7,10,13	348	21811051	1.5955214629501348e-05
6	block2x2	mask_24bb	0,1,3,4,5,7,10,13	26	21811051	1.1920562654225145e-06
6	block2x2	mask_24bd	0,2,3,4,5,7,10,13	10	21811051	4.5848317900865943e-07
6	block2x2	mask_24be	1,2,3,4,5,7,10,13	68	21811051	3.1176856172588842e-06
6	block2x2	mask_24d7	0,1,2,4,6,7,10,13	76	21811051	3.4844721604658114e-06
6	block2x2	mask_24db	0,1,3,4,6,7,10,13	14	21811051	6.4187645061212314e-07
6	block2x2	mask_24dd	0,2,3,4,6,7,10,13	30	21811051	1.3754495370259783e-06
6	block2x2	mask_24de	1,2,3,4,6,7,10,13	1135	21811051	5.2037840817482842e-05
6	block2x2	mask_24f3	0,1,4,5,6,7,10,13	1405	21811051	6.4416886650716648e-05
6	block2x2	mask_24f5	0,2,4,5,6,7,10,13	157	21811051	7.1981859104359525e-06
6	block2x2	mask_24f6	1,2,4,5,6,7,10,13	2145	21811051	9.8344641897357444e-05
6	block2x2	mask_24f9	0,3,4,5,6,7,10,13	29	21811051	1.3296012191251123e-06
6	block2x2	mask_24fa	1,3,4,5,6,7,10,13	220	21811051	1.0086629938190508e-05
6	block2x2	mask_24fc	2,3,4,5,6,7,10,13	2004	21811051	9.1880029073335341e-05
6	block2x2	mask_258f	0,1,2,3,7,8,10,13	24	21811051	1.1003596296207827e-06
6	block2x2	mask_259e	1,2,3,4,7,8,10,13	2	21811051	9.1696635801731881e-08
6	block2x2	mask_25a7	0,1,2,5,7,8,10,13	14	21811051	6.4187645061212314e-07
6	block2x2	mask_25ad	0,2,3,5,7,8,10,13	3	21811051	1.3754495370259784e-07
6	block2x2	mask_25ae	1,2,3,5,7,8,10,13	9	21811051	4.1263486110779348e-07
6	block2x2	mask_25b6	1,2,4,5,7,8,10,13	49	21811051	2.246567577142431e-06
6	block2x2	mask_25b9	0,3,4,5,7,8,10,13	1	21811051	4.5848317900865941e-08
6	block2x2	mask_25ba	1,3,4,5,7,8,10,13	8	21811051	3.6678654320692753e-07
6	block2x2	mask_25bc	2,3,4,5,7,8,10,13	3	21811051	1.3754495370259784e-07
6	block2x2	mask_25c7	0,1,2,6,7,8,10,13	31	21811051	1.4212978549268441e-06
6	block2x2	mask_25cb	0,1,3,6,7,8,10,13	8	21811051	3.6678654320692753e-07
6	block2x2	mask_25cd	0,2,3,6,7,8,10,13	36	21811051	1.6505394444311739e-06
6	block2x2	mask_25ce	1,2,3,6,7,8,10,13	115	21811051	5.2725565585995836e-06
6	block2x2	mask_25d3	0,1,4,6,7,8,10,13	13	21811051	5.9602813271125724e-07
6	block2x2	mask_25d5	0,2,4,6,7,8,10,13	1	21811051	4.5848317900865941e-08
6	block2x2	mask_25d6	1,2,4,6,7,8,10,13	24	21811051	1.1003596296207827e-06
6	block2x2	mask_25da	1,3,4,6,7,8,10,13	9	21811051	4.1263486110779348e-07
6	block2x2	mask_25dc	2,3,4,6,7,8,10,13	24	21811051	1.1003596296207827e-06
6	block2x2	mask_25e3	0,1,5,6,7,8,10,13	171	21811051	7.8400623610480757e-06
6	block2x2	mask_25e5	0,2,5,6,7,8,10,13	67	21811051	3.0718372993580182e-06
6	block2x2	mask_25e6	1,2,5,6,7,8,10,13	314	21811051	1.4396371820871905e-05
6	block2x2	mask_25e9	0,3,5,6,7,8,10,13	12	21811051	5.5017981481039134e-07
6	block2x2	mask_25ea	1,3,5,6,7,8,10,13	72	21811051	3.3010788888623478e-06
6	block2x2	mask_25ec	2,3,5,6,7,8,10,13	162	21811051	7.427427499940283e-06
6	block2x2	mask_25f2	1,4,5,6,7,8,10,13	283	21811051	1.2975073965945062e-05
6	block2x2	mask_25f4	2,4,5,6,7,8,10,13	96	21811051	4.4014385184831307e-06
6	block2x2	mask_269b	0,1,3,4,7,9,10,13	3	21811051	1.3754495370259784e-07
6	block2x2	mask_269d	0,2,3,4,7,9,10,13	15	21811051	6.8772476851298915e-07
6	block2x2	mask_269e	1,2,3,4,7,9,10,13	5	21811051	2.2924158950432972e-07
6	block2x2	mask_26b9	0,3,4,5,7,9,10,13	35	21811051	1.6046911265303079e-06
6	block2x2	mask_26ba	1,3,4,5,7,9,10,13	33	21811051	1.5129944907285761e-06
6	block2x2	mask_26bc	2,3,4,5,7,9,10,13	94	21811051	4.3097418826813987e-06
6	block2x2	mask_26d3	0,1,4,6,7,9,10,13	82	21811051	3.7595620678710071e-06
6	block2x2	mask_26d5	0,2,4,6,7,9,10,13	156	21811051	7.1523375925350869e-06
6	block2x2	mask_26d6	1,2,4,6,7,9,10,13	271	21811051	1.242489415113467e-05
6	block2x2	mask_26d9	0,3,4,6,7,9,10,13	148	21811051	6.7855510493281597e-06
6	block2x2	mask_26da	1,3,4,6,7,9,10,13	105	21811051	4.8140733795909235e-06
6	block2x2	mask_26dc	2,3,4,6,7,9,10,13	665	21811051	3.0489131404075852e-05
6	block2x2	mask_26f2	1,4,5,6,7,9,10,13	1136	21811051	5.2083689135383709e-05
6	block2x2	mask_26f4	2,4,5,6,7,9,10,13	1949	21811051	8.9358371588787715e-05
6	block2x2	mask_278d	0,2,3,7,8,9,10,13	2	21811051	9.1696635801731881e-08
6	block2x2	mask_278e	1,2,3,7,8,9,10,13	3	21811051	1.3754495370259784e-07
6	block2x2	mask_2799	0,3,4,7,8,9,10,13	8	21811051	3.6678654320692753e-07
6	block2x2	mask_279a	1,3,4,7,8,9,10,13	2	21811051	9.1696635801731881e-08
6	block2x2	mask_279c	2,3,4,7,8,9,10,13	4	21811051	1.8339327160346376e-07
6	block2x2	mask_27a9	0,3,5,7,8,9,10,13	12	21811051	5.5017981481039134e-07
6	block2x2	mask_27aa	1,3,5,7,8,9,10,13	30	21811051	1.3754495370259783e-06
6	block2x2	mask_27ac	2,3,5,7,8,9,10,13	14	21811051	6.4187645061212314e-07
6	block2x2	mask_27c5	0,2,6,7,8,9,10,13	7	21811051	3.2093822530606157e-07
6	block2x2	mask_27c6	1,2,6,7,8,9,10,13	182	21811051	8.3443938579576022e-06
6	block2x2	mask_27c9	0,3,6,7,8,9,10,13	15	21811051	6.8772476851298915e-07
6	block2x2	mask_27ca	1,3,6,7,8,9,10,13	38	21811051	1.7422360802329057e-06
6	block2x2	mask_27e4	2,5,6,7,8,9,10,13	440	21811051	2.0173259876381016e-05
6	block2x2	mask_283f	0,1,2,3,4,5,11,13	541	21811051	2.4803939984368475e-05
6	block2x2	mask_285f	0,1,2,3,4,6,11,13	107	21811051	4.9057700153926555e-06
6	block2x2	mask_2877	0,1,2,4,5,6,11,13	2382	21811051	0.00010921069323986267
6	block2x2	mask_287b	0,1,3,4,5,6,11,13	308	21811051	1.412128191346671e-05
6	block2x2	mask_287d	0,2,3,4,5,6,11,13	31	21811051	1.4212978549268441e-06
6	block2x2	mask_287e	1,2,3,4,5,6,11,13	323	21811051	1.4809006681979699e-05
6	block2x2	mask_289f	0,1,2,3,4,7,11,13	6	21811051	2.7508990740519567e-07
6	block2x2	mask_28b7	0,1,2,4,5,7,11,13	239	21811051	1.0957747978306961e-05
6	block2x2	mask_28bd	0,2,3,4,5,7,11,13	30	21811051	1.3754495370259783e-06
6	block2x2	mask_28be	1,2,3,4,5,7,11,13	61	21811051	2.7967473919528226e-06
6	block2x2	mask_28d7	0,1,2,4,6,7,11,13	14	21811051	6.4187645061212314e-07
6	block2x2	mask_28db	0,1,3,4,6,7,11,13	1	21811051	4.5848317900865941e-08
6	block2x2	mask_28dd	0,2,3,4,6,7,11,13	9	21811051	4.1263486110779348e-07
6	block2x2	mask_28de	1,2,3,4,6,7,11,13	280	21811051	1.2837529012242463e-05
6	block2x2	mask_28f3	0,1,4,5,6,7,11,13	333	21811051	1.526748986098836e-05
6	block2x2	mask_28f5	0,2,4,5,6,7,11,13	48	21811051	2.2007192592415654e-06
6	block2x2	mask_28f6	1,2,4,5,6,7,11,13	724	21811051	3.319418216022694e-05
6	block2x2	mask_28f9	0,3,4,5,6,7,11,13	9	21811051	4.1263486110779348e-07
6	block2x2	mask_28fa	1,3,4,5,6,7,11,13	20	21811051	9.1696635801731887e-07
6	block2x2	mask_28fc	2,3,4,5,6,7,11,13	669	21811051	3.0672524675679314e-05
6	block2x2	mask_291f	0,1,2,3,4,8,11,13	3	21811051	1.3754495370259784e-07
6	block2x2	mask_292f	0,1,2,3,5,8,11,13	9	21811051	4.1263486110779348e-07
6	block2x2	mask_293b	0,1,3,4,5,8,11,13	4	21811051	1.8339327160346376e-07
6	block2x2	mask_293d	0,2,3,4,5,8,11,13	1	21811051	4.5848317900865941e-08
6	block2x2	mask_293e	1,2,3,4,5,8,11,13	10	21811051	4.5848317900865943e-07
6	block2x2	mask_294f	0,1,2,3,6,8,11,13	3	21811051	1.3754495370259784e-07
6	block2x2	mask_2957	0,1,2,4,6,8,11,13	3	21811051	1.3754495370259784e-07
6	block2x2	mask_2967	0,1,2,5,6,8,11,13	27	21811051	1.2379045833233805e-06
6	block2x2	mask_296b	0,1,3,5,6,8,11,13	4	21811051	1.8339327160346376e-07
6	block2x2	mask_296d	0,2,3,5,6,8,11,13	4	21811051	1.8339327160346376e-07
6	block2x2	mask_296e	1,2,3,5,6,8,11,13	13	21811051	5.9602813271125724e-07
6	block2x2	mask_2975	0,2,4,5,6,8,11,13	38	21811051	1.7422360802329057e-06
6	block2x2	mask_2976	1,2,4,5,6,8,11,13	235	21811051	1.0774354706703497e-05
6	block2x2	mask_2979	0,3,4,5,6,8,11,13	4	21811051	1.8339327160346376e-07
6	block2x2	mask_297a	1,3,4,5,6,8,11,13	14	21811051	6.4187645061212314e-07
6	block2x2	mask_297c	2,3,4,5,6,8,11,13	6	21811051	2.7508990740519567e-07
6	block2x2	mask_29a7	0,1,2,5,7,8,11,13	5	21811051	2.2924158950432972e-07
6	block2x2	mask_29ad	0,2,3,5,7,8,11,13	30	21811051	1.3754495370259783e-06
6	block2x2	mask_29ae	1,2,3,5,7,8,11,13	2	21811051	9.1696635801731881e-08
6	block2x2	mask_29b3	0,1,4,5,7,8,11,13	19	21811051	8.7111804011645286e-07
6	block2x2	mask_29b5	0,2,4,5,7,8,11,13	3	21811051	1.3754495370259784e-07
6	block2x2	mask_29b6	1,2,4,5,7,8,11,13	6	21811051	2.7508990740519567e-07
6	block2x2	mask_29bc	2,3,4,5,7,8,11,13	3	21811051	1.3754495370259784e-07
6	block2x2	mask_29c7	0,1,2,6,7,8,11,13	18	21811051	8.2526972221558696e-07
6	block2x2	mask_29cd	0,2,3,6,7,8,11,13	3	21811051	1.3754495370259784e-07
6	block2x2	mask_29ce	1,2,3,6,7,8,11,13	7	21811051	3.2093822530606157e-07
6	block2x2	mask_29d6	1,2,4,6,7,8,11,13	1	21811051	4.5848317900865941e-08
6	block2x2	mask_29dc	2,3,4,6,7,8,11,13	38	21811051	1.7422360802329057e-06
6	block2x2	mask_29e3	0,1,5,6,7,8,11,13	16	21811051	7.3357308641385505e-07
6	block2x2	mask_29e5	0,2,5,6,7,8,11,13	24	21811051	1.1003596296207827e-06
6	block2x2	mask_29e6	1,2,5,6,7,8,11,13	52	21811051	2.384112530845029e-06
6	block2x2	mask_29e9	0,3,5,6,7,8,11,13	8	21811051	3.6678654320692753e-07
6	block2x2	mask_29ea	1,3,5,6,7,8,11,13	4	21811051	1.8339327160346376e-07
6	block2x2	mask_29f2	1,4,5,6,7,8,11,13	25	21811051	1.1462079475216485e-06
6	block2x2	mask_29f4	2,4,5,6,7,8,11,13	8	21811051	3.6678654320692753e-07
6	block2x2	mask_2a1f	0,1,2,3,4,9,11,13	278	21811051	1.2745832376440732e-05
6	block2x2	mask_2a3b	0,1,3,4,5,9,11,13	40	21811051	1.8339327160346377e-06
6	block2x2	mask_2a3d	0,2,3,4,5,9,11,13	68	21811051	3.1176856172588842e-06
6	block2x2	mask_2a3e	1,2,3,4,5,9,11,13	60	21811051	2.7508990740519566e-06
6	block2x2	mask_2a57	0,1,2,4,6,9,11,13	41	21811051	1.8797810339355035e-06
6	block2x2	mask_2a5b	0,1,3,4,6,9,11,13	5	21811051	2.2924158950432972e-07
6	block2x2	mask_2a5d	0,2,3,4,6,9,11,13	73	21811051	3.3469272067632138e-06
6	block2x2	mask_2a5e	1,2,3,4,6,9,11,13	13	21811051	5.9602813271125724e-07
6	block2x2	mask_2a75	0,2,4,5,6,9,11,13	472	21811051	2.1640406049208725e-05
6	block2x2	mask_2a76	1,2,4,5,6,9,11,13	489	21811051	2.2419827453523445e-05
6	block2x2	mask_2a79	0,3,4,5,6,9,11,13	103	21811051	4.7223767437891924e-06
6	block2x2	mask_2a7a	1,3,4,5,6,9,11,13	35	21811051	1.6046911265303079e-06
6	block2x2	mask_2a7c	2,3,4,5,6,9,11,13	99	21811051	4.5389834721857283e-06
6	block2x2	mask_2a97	0,1,2,4,7,9,11,13	4	21811051	1.8339327160346376e-07
6	block2x2	mask_2a9d	0,2,3,4,7,9,11,13	7	21811051	3.2093822530606157e-07
6	block2x2	mask_2a9e	1,2,3,4,7,9,11,13	62	21811051	2.8425957098536882e-06
6	block2x2	mask_2ab3	0,1,4,5,7,9,11,13	19	21811051	8.7111804011645286e-07
6	block2x2	mask_2ab5	0,2,4,5,7,9,11,13	53	21811051	2.429960848745895e-06
6	block2x2	mask_2ab6	1,2,4,5,7,9,11,13	64	21811051	2.9342923456554202e-06
6	block2x2	mask_2abc	2,3,4,5,7,9,11,13	39	21811051	1.7880843981337717e-06
6	block2x2	mask_2ad3	0,1,4,6,7,9,11,13	30	21811051	1.3754495370259783e-06
6	block2x2	mask_2ad5	0,2,4,6,7,9,11,13	95	21811051	4.3555902005822643e-06
6	block2x2	mask_2ad6	1,2,4,6,7,9,11,13	98	21811051	4.4931351542848619e-06
6	block2x2	mask_2ad9	0,3,4,6,7,9,11,13	15	21811051	6.8772476851298915e-07
6	block2x2	mask_2ada	1,3,4,6,7,9,11,13	25	21811051	1.1462079475216485e-06
6	block2x2	mask_2adc	2,3,4,6,7,9,11,13	103	21811051	4.7223767437891924e-06
6	block2x2	mask_2af2	1,4,5,6,7,9,11,13	143	21811051	6.5563094598238301e-06
6	block2x2	mask_2af4	2,4,5,6,7,9,11,13	358	21811051	1.6413697808510008e-05
6	block2x2	mask_2b0f	0,1,2,3,8,9,11,13	20	21811051	9.1696635801731887e-07
6	block2x2	mask_2b1b	0,1,3,4,8,9,11,13	4	21811051	1.8339327160346376e-07
6	block2x2	mask_2b1e	1,2,3,4,8,9,11,13	7	21811051	3.2093822530606157e-07
6	block2x2	mask_2b2b	0,1,3,5,8,9,11,13	1	21811051	4.5848317900865941e-08
6	block2x2	mask_2b2d	0,2,3,5,8,9,11,13	9	21811051	4.1263486110779348e-07
6	block2x2	mask_2b2e	1,2,3,5,8,9,11,13	3	21811051	1.3754495370259784e-07
6	block2x2	mask_2b39	0,3,4,5,8,9,11,13	3	21811051	1.3754495370259784e-07
6	block2x2	mask_2b3a	1,3,4,5,8,9,11,13	41	21811051	1.8797810339355035e-06
6	block2x2	mask_2b3c	2,3,4,5,8,9,11,13	20	21811051	9.1696635801731887e-07
6	block2x2	mask_2b47	0,1,2,6,8,9,11,13	6	21811051	2.7508990740519567e-07
6	block2x2	mask_2b4d	0,2,3,6,8,9,11,13	1	21811051	4.5848317900865941e-08
6	block2x2	mask_2b4e	1,2,3,6,8,9,11,13	2	21811051	9.1696635801731881e-08
6	block2x2	mask_2b55	0,2,4,6,8,9,11,13	39	21811051	1.7880843981337717e-06
6	block2x2	mask_2b56	1,2,4,6,8,9,11,13	50	21811051	2.292415895043297e-06
6	block2x2	mask_2b5a	1,3,4,6,8,9,11,13	2	21811051	9.1696635801731881e-08
6	block2x2	mask_2b5c	2,3,4,6,8,9,11,13	9	21811051	4.1263486110779348e-07
6	block2x2	mask_2b65	0,2,5,6,8,9,11,13	64	21811051	2.9342923456554202e-06
6	block2x2	mask_2b66	1,2,5,6,8,9,11,13	302	21811051	1.3846192006061515e-05
6	block2x2	mask_2b69	0,3,5,6,8,9,11,13	4	21811051	1.8339327160346376e-07
6	block2x2	mask_2b6a	1,3,5,6,8,9,11,13	8	21811051	3.6678654320692753e-07
6	block2x2	mask_2b74	2,4,5,6,8,9,11,13	888	21811051	4.0713306295968957e-05
6	block2x2	mask_2b87	0,1,2,7,8,9,11,13	3	21811051	1.3754495370259784e-07
6	block2x2	mask_2b8d	0,2,3,7,8,9,11,13	3	21811051	1.3754495370259784e-07
6	block2x2	mask_2b93	0,1,4,7,8,9,11,13	1	21811051	4.5848317900865941e-08
6	block2x2	mask_2b95	0,2,4,7,8,9,11,13	2	21811051	9.1696635801731881e-08
6	block2x2	mask_2b96	1,2,4,7,8,9,11,13	5	21811051	2.2924158950432972e-07
6	block2x2	mask_2ba5	0,2,5,7,8,9,11,13	6	21811051	2.7508990740519567e-07
6	block2x2	mask_2ba6	1,2,5,7,8,9,11,13	12	21811051	5.5017981481039134e-07
6	block2x2	mask_2bb2	1,4,5,7,8,9,11,13	7	21811051	3.2093822530606157e-07
6	block2x2	mask_2bb4	2,4,5,7,8,9,11,13	39	21811051	1.7880843981337717e-06
6	block2x2	mask_2bc3	0,1,6,7,8,9,11,13	8	21811051	3.6678654320692753e-07
6	block2x2	mask_2bc5	0,2,6,7,8,9,11,13	13	21811051	5.9602813271125724e-07
6	block2x2	mask_2bc6	1,2,6,7,8,9,11,13	24	21811051	1.1003596296207827e-06
6	block2x2	mask_2bc9	0,3,6,7,8,9,11,13	1	21811051	4.5848317900865941e-08
6	block2x2	mask_2bd2	1,4,6,7,8,9,11,13	18	21811051	8.2526972221558696e-07
6	block2x2	mask_2bd4	2,4,6,7,8,9,11,13	9	21811051	4.1263486110779348e-07
6	block2x2	mask_2be2	1,5,6,7,8,9,11,13	79	21811051	3.6220171141684095e-06
6	block2x2	mask_2c1f	0,1,2,3,4,10,11,13	49	21811051	2.246567577142431e-06
6	block2x2	mask_2c3b	0,1,3,4,5,10,11,13	21	21811051	9.6281467591818487e-07
6	block2x2	mask_2c3d	0,2,3,4,5,10,11,13	4	21811051	1.8339327160346376e-07
6	block2x2	mask_2c57	0,1,2,4,6,10,11,13	14	21811051	6.4187645061212314e-07
6	block2x2	mask_2c5b	0,1,3,4,6,10,11,13	9	21811051	4.1263486110779348e-07
6	block2x2	mask_2c5d	0,2,3,4,6,10,11,13	1	21811051	4.5848317900865941e-08
6	block2x2	mask_2c75	0,2,4,5,6,10,11,13	43	21811051	1.9714776697372353e-06
6	block2x2	mask_2c79	0,3,4,5,6,10,11,13	8	21811051	3.6678654320692753e-07
6	block2x2	mask_2c97	0,1,2,4,7,10,11,13	1	21811051	4.5848317900865941e-08
6	block2x2	mask_2c9b	0,1,3,4,7,10,11,13	1	21811051	4.5848317900865941e-08
6	block2x2	mask_2cb3	0,1,4,5,7,10,11,13	36	21811051	1.6505394444311739e-06
6	block2x2	mask_2cb5	0,2,4,5,7,10,11,13	6	21811051	2.7508990740519567e-07
6	block2x2	mask_2cb9	0,3,4,5,7,10,11,13	2	21811051	9.1696635801731881e-08
6	block2x2	mask_2cd3	0,1,4,6,7,10,11,13	36	21811051	1.6505394444311739e-06
6	block2x2	mask_2cd5	0,2,4,6,7,10,11,13	5	21811051	2.2924158950432972e-07
6	block2x2	mask_2cd9	0,3,4,6,7,10,11,13	1	21811051	4.5848317900865941e-08
6	block2x2	mask_2d1b	0,1,3,4,8,10,11,13	1	21811051	4.5848317900865941e-08
6	block2x2	mask_2d1e	1,2,3,4,8,10,11,13	5	21811051	2.2924158950432972e-07
6	block2x2	mask_2d2b	0,1,3,5,8,10,11,13	2	21811051	9.1696635801731881e-08
6	block2x2	mask_2d2e	1,2,3,5,8,10,11,13	6	21811051	2.7508990740519567e-07
6	block2x2	mask_2d39	0,3,4,5,8,10,11,13	1	21811051	4.5848317900865941e-08
6	block2x2	mask_2d3a	1,3,4,5,8,10,11,13	5	21811051	2.2924158950432972e-07
6	block2x2	mask_2d3c	2,3,4,5,8,10,11,13	1	21811051	4.5848317900865941e-08
6	block2x2	mask_2d47	0,1,2,6,8,10,11,13	2	21811051	9.1696635801731881e-08
6	block2x2	mask_2d55	0,2,4,6,8,10,11,13	6	21811051	2.7508990740519567e-07
6	block2x2	mask_2d56	1,2,4,6,8,10,11,13	6	21811051	2.7508990740519567e-07
6	block2x2	mask_2d65	0,2,5,6,8,10,11,13	20	21811051	9.1696635801731887e-07
6	block2x2	mask_2d66	1,2,5,6,8,10,11,13	312	21811051	1.4304675185070174e-05
6	block2x2	mask_2d69	0,3,5,6,8,10,11,13	1	21811051	4.5848317900865941e-08
6	block2x2	mask_2d6a	1,3,5,6,8,10,11,13	16	21811051	7.3357308641385505e-07
6	block2x2	mask_2d74	2,4,5,6,8,10,11,13	109	21811051	4.9974666511943876e-06
6	block2x2	mask_2d87	0,1,2,7,8,10,11,13	1	21811051	4.5848317900865941e-08
6	block2x2	mask_2da3	0,1,5,7,8,10,11,13	2	21811051	9.1696635801731881e-08
6	block2x2	mask_2da5	0,2,5,7,8,10,11,13	1	21811051	4.5848317900865941e-08
6	block2x2	mask_2da6	1,2,5,7,8,10,11,13	9	21811051	4.1263486110779348e-07
6	block2x2	mask_2da9	0,3,5,7,8,10,11,13	1	21811051	4.5848317900865941e-08
6	block2x2	mask_2db4	2,4,5,7,8,10,11,13	1	21811051	4.5848317900865941e-08
6	block2x2	mask_2dc3	0,1,6,7,8,10,11,13	28	21811051	1.2837529012242463e-06
6	block2x2	mask_2dc5	0,2,6,7,8,10,11,13	2	21811051	9.1696635801731881e-08
6	block2x2	mask_2dc9	0,3,6,7,8,10,11,13	1	21811051	4.5848317900865941e-08
6	block2x2	mask_2dd2	1,4,6,7,8,10,11,13	1	21811051	4.5848317900865941e-08
6	block2x2	mask_2e1b	0,1,3,4,9,10,11,13	1	21811051	4.5848317900865941e-08
6	block2x2	mask_2e1d	0,2,3,4,9,10,11,13	14	21811051	6.4187645061212314e-07
6	block2x2	mask_2e39	0,3,4,5,9,10,11,13	13	21811051	5.9602813271125724e-07
6	block2x2	mask_2e3a	1,3,4,5,9,10,11,13	20	21811051	9.1696635801731887e-07
6	block2x2	mask_2e3c	2,3,4,5,9,10,11,13	109	21811051	4.9974666511943876e-06
6	block2x2	mask_2e59	0,3,4,6,9,10,11,13	78	21811051	3.5761687962675435e-06
6	block2x2	mask_2e74	2,4,5,6,9,10,11,13	393	21811051	1.8018388935040315e-05
6	block2x2	mask_2e93	0,1,4,7,9,10,11,13	9	21811051	4.1263486110779348e-07
6	block2x2	mask_2e95	0,2,4,7,9,10,11,13	11	21811051	5.0433149690952533e-07
6	block2x2	mask_2e99	0,3,4,7,9,10,11,13	6	21811051	2.7508990740519567e-07
6	block2x2	mask_2f19	0,3,4,8,9,10,11,13	6	21811051	2.7508990740519567e-07
6	block2x2	mask_2f1a	1,3,4,8,9,10,11,13	3	21811051	1.3754495370259784e-07
6	block2x2	mask_2f1c	2,3,4,8,9,10,11,13	3	21811051	1.3754495370259784e-07
6	block2x2	mask_2f29	0,3,5,8,9,10,11,13	1	21811051	4.5848317900865941e-08
6	block2x2	mask_2f2a	1,3,5,8,9,10,11,13	4	21811051	1.8339327160346376e-07
6	block2x2	mask_2f49	0,3,6,8,9,10,11,13	5	21811051	2.2924158950432972e-07
6	block2x2	mask_2f83	0,1,7,8,9,10,11,13	2	21811051	9.1696635801731881e-08
6	block2x2	mask_2f89	0,3,7,8,9,10,11,13	1	21811051	4.5848317900865941e-08
6	block2x2	mask_30af	0,1,2,3,5,7,12,13	7	21811051	3.2093822530606157e-07
6	block2x2	mask_30bd	0,2,3,4,5,7,12,13	2	21811051	9.1696635801731881e-08
6	block2x2	mask_30be	1,2,3,4,5,7,12,13	9	21811051	4.1263486110779348e-07
6	block2x2	mask_30cf	0,1,2,3,6,7,12,13	79	21811051	3.6220171141684095e-06
6	block2x2	mask_30de	1,2,3,4,6,7,12,13	6	21811051	2.7508990740519567e-07
6	block2x2	mask_30ed	0,2,3,5,6,7,12,13	29	21811051	1.3296012191251123e-06
6	block2x2	mask_30fc	2,3,4,5,6,7,12,13	9	21811051	4.1263486110779348e-07
6	block2x2	mask_318f	0,1,2,3,7,8,12,13	2	21811051	9.1696635801731881e-08
6	block2x2	mask_31ad	0,2,3,5,7,8,12,13	12	21811051	5.5017981481039134e-07
6	block2x2	mask_31ae	1,2,3,5,7,8,12,13	8	21811051	3.6678654320692753e-07
6	block2x2	mask_31cb	0,1,3,6,7,8,12,13	2	21811051	9.1696635801731881e-08
6	block2x2	mask_31cd	0,2,3,6,7,8,12,13	2	21811051	9.1696635801731881e-08
6	block2x2	mask_31ce	1,2,3,6,7,8,12,13	18	21811051	8.2526972221558696e-07
6	block2x2	mask_31d9	0,3,4,6,7,8,12,13	3	21811051	1.3754495370259784e-07
6	block2x2	mask_31da	1,3,4,6,7,8,12,13	25	21811051	1.1462079475216485e-06
6	block2x2	mask_31dc	2,3,4,6,7,8,12,13	1	21811051	4.5848317900865941e-08
6	block2x2	mask_31e9	0,3,5,6,7,8,12,13	11	21811051	5.0433149690952533e-07
6	block2x2	mask_31ea	1,3,5,6,7,8,12,13	15	21811051	6.8772476851298915e-07
6	block2x2	mask_31ec	2,3,5,6,7,8,12,13	25	21811051	1.1462079475216485e-06
6	block2x2	mask_32cd	0,2,3,6,7,9,12,13	48	21811051	2.2007192592415654e-06
6	block2x2	mask_32da	1,3,4,6,7,9,12,13	9	21811051	4.1263486110779348e-07
6	block2x2	mask_32dc	2,3,4,6,7,9,12,13	22	21811051	1.0086629938190507e-06
6	block2x2	mask_32e9	0,3,5,6,7,9,12,13	6	21811051	2.7508990740519567e-07
6	block2x2	mask_33cc	2,3,6,7,8,9,12,13	15	21811051	6.8772476851298915e-07
6	block2x2	mask_348f	0,1,2,3,7,10,12,13	3	21811051	1.3754495370259784e-07
6	block2x2	mask_34ba	1,3,4,5,7,10,12,13	2	21811051	9.1696635801731881e-08
6	block2x2	mask_34bc	2,3,4,5,7,10,12,13	1	21811051	4.5848317900865941e-08
6	block2x2	mask_34cb	0,1,3,6,7,10,12,13	3	21811051	1.3754495370259784e-07
6	block2x2	mask_34cd	0,2,3,6,7,10,12,13	2	21811051	9.1696635801731881e-08
6	block2x2	mask_34da	1,3,4,6,7,10,12,13	2	21811051	9.1696635801731881e-08
6	block2x2	mask_34dc	2,3,4,6,7,10,12,13	17	21811051	7.7942140431472106e-07
6	block2x2	mask_34e9	0,3,5,6,7,10,12,13	2	21811051	9.1696635801731881e-08
6	block2x2	mask_36c9	0,3,6,7,9,10,12,13	4	21811051	1.8339327160346376e-07
6	block2x2	mask_381f	0,1,2,3,4,11,12,13	1	21811051	4.5848317900865941e-08
6	block2x2	mask_383e	1,2,3,4,5,11,12,13	1	21811051	4.5848317900865941e-08
6	block2x2	mask_384f	0,1,2,3,6,11,12,13	1	21811051	4.5848317900865941e-08
6	block2x2	mask_386b	0,1,3,5,6,11,12,13	1	21811051	4.5848317900865941e-08
6	block2x2	mask_387c	2,3,4,5,6,11,12,13	3	21811051	1.3754495370259784e-07
6	block2x2	mask_388f	0,1,2,3,7,11,12,13	1	21811051	4.5848317900865941e-08
6	block2x2	mask_38b6	1,2,4,5,7,11,12,13	1	21811051	4.5848317900865941e-08
6	block2x2	mask_38bc	2,3,4,5,7,11,12,13	3	21811051	1.3754495370259784e-07
6	block2x2	mask_38c7	0,1,2,6,7,11,12,13	1	21811051	4.5848317900865941e-08
6	block2x2	mask_38dc	2,3,4,6,7,11,12,13	4	21811051	1.8339327160346376e-07
6	block2x2	mask_38e3	0,1,5,6,7,11,12,13	3	21811051	1.3754495370259784e-07
6	block2x2	mask_38e5	0,2,5,6,7,11,12,13	4	21811051	1.8339327160346376e-07
6	block2x2	mask_3939	0,3,4,5,8,11,12,13	1	21811051	4.5848317900865941e-08
6	block2x2	mask_3969	0,3,5,6,8,11,12,13	3	21811051	1.3754495370259784e-07
6	block2x2	mask_396a	1,3,5,6,8,11,12,13	2	21811051	9.1696635801731881e-08
6	block2x2	mask_39a5	0,2,5,7,8,11,12,13	1	21811051	4.5848317900865941e-08
6	block2x2	mask_39c3	0,1,6,7,8,11,12,13	1	21811051	4.5848317900865941e-08
6	block2x2	mask_39c5	0,2,6,7,8,11,12,13	1	21811051	4.5848317900865941e-08
6	block2x2	mask_3a1b	0,1,3,4,9,11,12,13	1	21811051	4.5848317900865941e-08
6	block2x2	mask_3a1d	0,2,3,4,9,11,12,13	1	21811051	4.5848317900865941e-08
6	block2x2	mask_3a1e	1,2,3,4,9,11,12,13	4	21811051	1.8339327160346376e-07
6	block2x2	mask_3a2b	0,1,3,5,9,11,12,13	1	21811051	4.5848317900865941e-08
6	block2x2	mask_3a2d	0,2,3,5,9,11,12,13	1	21811051	4.5848317900865941e-08
6	block2x2	mask_3a39	0,3,4,5,9,11,12,13	2	21811051	9.1696635801731881e-08
6	block2x2	mask_3a3a	1,3,4,5,9,11,12,13	4	21811051	1.8339327160346376e-07
6	block2x2	mask_3a3c	2,3,4,5,9,11,12,13	1	21811051	4.5848317900865941e-08
6	block2x2	mask_3a59	0,3,4,6,9,11,12,13	1	21811051	4.5848317900865941e-08
6	block2x2	mask_3a5a	1,3,4,6,9,11,12,13	1	21811051	4.5848317900865941e-08
6	block2x2	mask_3a87	0,1,2,7,9,11,12,13	1	21811051	4.5848317900865941e-08
6	block2x2	mask_3a96	1,2,4,7,9,11,12,13	3	21811051	1.3754495370259784e-07
6	block2x2	mask_3ac3	0,1,6,7,9,11,12,13	17	21811051	7.7942140431472106e-07
6	block2x2	mask_3ac5	0,2,6,7,9,11,12,13	1	21811051	4.5848317900865941e-08
6	block2x2	mask_3b0d	0,2,3,8,9,11,12,13	1	21811051	4.5848317900865941e-08
6	block2x2	mask_3b19	0,3,4,8,9,11,12,13	3	21811051	1.3754495370259784e-07
6	block2x2	mask_3b1a	1,3,4,8,9,11,12,13	44	21811051	2.0173259876381013e-06
6	block2x2	mask_3b29	0,3,5,8,9,11,12,13	6	21811051	2.7508990740519567e-07
6	block2x2	mask_3b2a	1,3,5,8,9,11,12,13	5	21811051	2.2924158950432972e-07
6	block2x2	mask_3b4a	1,3,6,8,9,11,12,13	2	21811051	9.1696635801731881e-08
6	block2x2	mask_3b85	0,2,7,8,9,11,12,13	3	21811051	1.3754495370259784e-07
6	block2x2	mask_3c1b	0,1,3,4,10,11,12,13	2	21811051	9.1696635801731881e-08
6	block2x2	mask_3c1d	0,2,3,4,10,11,12,13	2	21811051	9.1696635801731881e-08
6	block2x2	mask_3c2b	0,1,3,5,10,11,12,13	4	21811051	1.8339327160346376e-07
6	block2x2	mask_3c39	0,3,4,5,10,11,12,13	4	21811051	1.8339327160346376e-07
6	block2x2	mask_3c3a	1,3,4,5,10,11,12,13	61	21811051	2.7967473919528226e-06
6	block2x2	mask_3c3c	2,3,4,5,10,11,12,13	4	21811051	1.8339327160346376e-07
6	block2x2	mask_3c5a	1,3,4,6,10,11,12,13	1	21811051	4.5848317900865941e-08
6	block2x2	mask_3ca5	0,2,5,7,10,11,12,13	6	21811051	2.7508990740519567e-07
6	block2x2	mask_3cc3	0,1,6,7,10,11,12,13	257	21811051	1.1783017700522546e-05
6	block2x2	mask_3cc5	0,2,6,7,10,11,12,13	17	21811051	7.7942140431472106e-07
6	block2x2	mask_3cc9	0,3,6,7,10,11,12,13	1	21811051	4.5848317900865941e-08
6	block2x2	mask_3d19	0,3,4,8,10,11,12,13	25	21811051	1.1462079475216485e-06
6	block2x2	mask_3d1a	1,3,4,8,10,11,12,13	3	21811051	1.3754495370259784e-07
6	block2x2	mask_3d29	0,3,5,8,10,11,12,13	1	21811051	4.5848317900865941e-08
6	block2x2	mask_3d2a	1,3,5,8,10,11,12,13	4	21811051	1.8339327160346376e-07
6	block2x2	mask_3e19	0,3,4,9,10,11,12,13	12	21811051	5.5017981481039134e-07
6	block2x2	mask_3e1a	1,3,4,9,10,11,12,13	22	21811051	1.0086629938190507e-06
6	block2x2	mask_3e29	0,3,5,9,10,11,12,13	14	21811051	6.4187645061212314e-07
6	block2x2	mask_3e49	0,3,6,9,10,11,12,13	2	21811051	9.1696635801731881e-08
6	block2x2	mask_3e85	0,2,7,9,10,11,12,13	1	21811051	4.5848317900865941e-08
6	block2x2	mask_3f09	0,3,8,9,10,11,12,13	4	21811051	1.8339327160346376e-07
6	block2x2	mask_583b	0,1,3,4,5,11,12,14	1	21811051	4.5848317900865941e-08
6	block2x2	mask_583e	1,2,3,4,5,11,12,14	1	21811051	4.5848317900865941e-08
6	block2x2	mask_584f	0,1,2,3,6,11,12,14	1	21811051	4.5848317900865941e-08
6	block2x2	mask_588f	0,1,2,3,7,11,12,14	27	21811051	1.2379045833233805e-06
6	block2x2	mask_58c7	0,1,2,6,7,11,12,14	1	21811051	4.5848317900865941e-08
6	block2x2	mask_58cd	0,2,3,6,7,11,12,14	13	21811051	5.9602813271125724e-07
6	block2x2	mask_58d6	1,2,4,6,7,11,12,14	2	21811051	9.1696635801731881e-08
6	block2x2	mask_595a	1,3,4,6,8,11,12,14	2	21811051	9.1696635801731881e-08
6	block2x2	mask_5a8d	0,2,3,7,9,11,12,14	4	21811051	1.8339327160346376e-07
6	block2x2	mask_5c8d	0,2,3,7,10,11,12,14	4	21811051	1.8339327160346376e-07
6	block2x2	mask_5cc5	0,2,6,7,10,11,12,14	3	21811051	1.3754495370259784e-07
6	block2x2	mask_5cc9	0,3,6,7,10,11,12,14	1	21811051	4.5848317900865941e-08
6	block2x2	mask_7c89	0,3,7,10,11,12,13,14	2	21811051	9.1696635801731881e-08
6	block2x2	mask_903f	0,1,2,3,4,5,12,15	1	21811051	4.5848317900865941e-08
6	block2x2	mask_909f	0,1,2,3,4,7,12,15	1	21811051	4.5848317900865941e-08
7	straight	mask_00ff	0,1,2,3,4,5,6,7	7152747	18321256	0.39040702231331736
7	straight	mask_017f	0,1,2,3,4,5,6,8	2276093	18321256	0.12423236703859168
7	straight	mask_01bf	0,1,2,3,4,5,7,8	92771	18321256	0.0050635720607801124
7	straight	mask_01df	0,1,2,3,4,6,7,8	33527	18321256	0.0018299509596940296
7	straight	mask_01ef	0,1,2,3,5,6,7,8	752436	18321256	0.041069018412274789
7	straight	mask_01f7	0,1,2,4,5,6,7,8	66117	18321256	0.003608759137473981
7	straight	mask_01fb	0,1,3,4,5,6,7,8	3715	18321256	0.000202769941100108
7	straight	mask_01fd	0,2,3,4,5,6,7,8	1598	18321256	8.7221094448983191e-05
7	straight	mask_01fe	1,2,3,4,5,6,7,8	48958	18321256	0.0026721967096578966
7	straight	mask_027f	0,1,2,3,4,5,6,9	3524161	18321256	0.19235367924557137
7	straight	mask_02bf	0,1,2,3,4,5,7,9	123626	18321256	0.0067476814908322882
7	straight	mask_02df	0,1,2,3,4,6,7,9	110894	18321256	0.0060527509686017162
7	straight	mask_02ef	0,1,2,3,5,6,7,9	2300047	18321256	0.12553981015275373
7	straight	mask_02f7	0,1,2,4,5,6,7,9	73982	18321256	0.0040380419333696333
7	straight	mask_02fb	0,1,3,4,5,6,7,9	4231	18321256	0.00023093394906986727
7	straight	mask_02fd	0,2,3,4,5,6,7,9	4841	18321256	0.00026422860965427263
7	straight	mask_02fe	1,2,3,4,5,6,7,9	52058	18321256	0.0028413990831196289
7	straight	mask_033f	0,1,2,3,4,5,8,9	299426	18321256	0.01634309350843632
7	straight	mask_035f	0,1,2,3,4,6,8,9	44391	18321256	0.0024229234065612096
7	straight	mask_036f	0,1,2,3,5,6,8,9	67457	18321256	0.0036818982279380845
7	straight	mask_0377	0,1,2,4,5,6,8,9	41504	18321256	0.0022653468735986224
7	straight	mask_037b	0,1,3,4,5,6,8,9	10237	18321256	0.00055874990229927467
7	straight	mask_037d	0,2,3,4,5,6,8,9	5532	18321256	0.00030194436451300063
7	straight	mask_037e	1,2,3,4,5,6,8,9	25607	18321256	0.0013976661862047013
7	straight	mask_039f	0,1,2,3,4,7,8,9	3355	18321256	0.00018312063321422942
7	straight	mask_03af	0,1,2,3,5,7,8,9	27321	18321256	0.0014912187243058008
7	straight	mask_03b7	0,1,2,4,5,7,8,9	3762	18321256	0.00020533526740743101
7	straight	mask_03bb	0,1,3,4,5,7,8,9	28	18321256	1.5282795022349996e-06
7	straight	mask_03bd	0,2,3,4,5,7,8,9	237	18321256	1.293579435820339e-05
7	straight	mask_03be	1,2,3,4,5,7,8,9	786	18321256	4.2900988884168202e-05
7	straight	mask_03cf	0,1,2,3,6,7,8,9	19125	18321256	0.0010438694814372989
7	straight	mask_03d7	0,1,2,4,6,7,8,9	727	18321256	3.968068564731588e-05
7	straight	mask_03db	0,1,3,4,6,7,8,9	123	18321256	6.7135135276751765e-06
7	straight	mask_03dd	0,2,3,4,6,7,8,9	14	18321256	7.6413975111749978e-07
7	straight	mask_03de	1,2,3,4,6,7,8,9	399	18321256	2.1777982906848745e-05
7	straight	mask_03e7	0,1,2,5,6,7,8,9	10675	18321256	0.00058265656022709364
7	straight	mask_03eb	0,1,3,5,6,7,8,9	825	18321256	4.5029663905138383e-05
7	straight	mask_03ed	0,2,3,5,6,7,8,9	1062	18321256	5.7965458263341768e-05
7	straight	mask_03ee	1,2,3,5,6,7,8,9	2042	18321256	0.00011145524084156675
7	straight	mask_03f3	0,1,4,5,6,7,8,9	4716	18321256	0.00025740593330500922
7	straight	mask_03f5	0,2,4,5,6,7,8,9	2766	18321256	0.00015097218225650031
7	straight	mask_03f6	1,2,4,5,6,7,8,9	18089	18321256	0.00098732313985460383
7	straight	mask_03f9	0,3,4,5,6,7,8,9	155	18321256	8.4601186730866049e-06
7	straight	mask_03fa	1,3,4,5,6,7,8,9	782	18321256	4.2682663240991772e-05
7	straight	mask_03fc	2,3,4,5,6,7,8,9	995	18321256	5.4308503740136595e-05
7	straight	mask_053f	0,1,2,3,4,5,8,10	25506	18321256	0.0013921534637144964
7	straight	mask_055f	0,1,2,3,4,6,8,10	2942	18321256	0.00016057851055626318
7	straight	mask_056f	0,1,2,3,5,6,8,10	9538	18321256	0.00052059749615419382
7	straight	mask_0577	0,1,2,4,5,6,8,10	6913	18321256	0.00037732129281966258
7	straight	mask_057b	0,1,3,4,5,6,8,10	1676	18321256	9.1478444490923554e-05
7	straight	mask_057d	0,2,3,4,5,6,8,10	456	18321256	2.4889123322112852e-05
7	straight	mask_057e	1,2,3,4,5,6,8,10	3903	18321256	0.00021303124632940013
7	straight	mask_059f	0,1,2,3,4,7,8,10	151	18321256	8.2417930299101772e-06
7	straight	mask_05af	0,1,2,3,5,7,8,10	3803	18321256	0.0002075731052499894
7	straight	mask_05b7	0,1,2,4,5,7,8,10	239	18321256	1.3044957179791603e-05
7	straight	mask_05bb	0,1,3,4,5,7,8,10	11	18321256	6.0039551873517838e-07
7	straight	mask_05bd	0,2,3,4,5,7,8,10	14	18321256	7.6413975111749978e-07
7	straight	mask_05be	1,2,3,4,5,7,8,10	215	18321256	1.1735003320733032e-05
7	straight	mask_05cf	0,1,2,3,6,7,8,10	9023	18321256	0.00049248806959522858
7	straight	mask_05d7	0,1,2,4,6,7,8,10	90	18321256	4.9123269714696417e-06
7	straight	mask_05db	0,1,3,4,6,7,8,10	26	18321256	1.4191166806467853e-06
7	straight	mask_05dd	0,2,3,4,6,7,8,10	2	18321256	1.0916282158821426e-07
7	straight	mask_05de	1,2,3,4,6,7,8,10	113	18321256	6.1676994197341056e-06
7	straight	mask_05e7	0,1,2,5,6,7,8,10	2594	18321256	0.0001415841795999139
7	straight	mask_05eb	0,1,3,5,6,7,8,10	358	18321256	1.9540145064290352e-05
7	straight	mask_05ed	0,2,3,5,6,7,8,10	274	18321256	1.4955306557585354e-05
7	straight	mask_05ee	1,2,3,5,6,7,8,10	1253	18321256	6.8390507725016233e-05
7	straight	mask_05f3	0,1,4,5,6,7,8,10	940	18321256	5.1306526146460703e-05
7	straight	mask_05f5	0,2,4,5,6,7,8,10	262	18321256	1.4300329628056067e-05
7	straight	mask_05f6	1,2,4,5,6,7,8,10	3841	18321256	0.00020964719886016548
7	straight	mask_05f9	0,3,4,5,6,7,8,10	43	18321256	2.3470006641466066e-06
7	straight	mask_05fa	1,3,4,5,6,7,8,10	707	18321256	3.858905743143374e-05
7	straight	mask_05fc	2,3,4,5,6,7,8,10	189	18321256	1.0315886640086248e-05
7	straight	mask_063f	0,1,2,3,4,5,9,10	76336	18321256	0.0041665265743789622
7	straight	mask_065f	0,1,2,3,4,6,9,10	28503	18321256	0.0015557339518644355
7	straight	mask_066f	0,1,2,3,5,6,9,10	24794	18321256	0.001353291499229092
7	straight	mask_0677	0,1,2,4,5,6,9,10	12173	18321256	0.00066441951359666603
7	straight	mask_067b	0,1,3,4,5,6,9,10	2875	18321256	0.000156921556033058
7	straight	mask_067d	0,2,3,4,5,6,9,10	2544	18321256	0.00013885510906020855
7	straight	mask_067e	1,2,3,4,5,6,9,10	17340	18321256	0.00094644166316981758
7	straight	mask_069f	0,1,2,3,4,7,9,10	592	18321256	3.2312195190111421e-05
7	straight	mask_06b7	0,1,2,4,5,7,9,10	675	18321256	3.6842452286022312e-05
7	straight	mask_06bb	0,1,3,4,5,7,9,10	30	18321256	1.6374423238232138e-06
7	straight	mask_06bd	0,2,3,4,5,7,9,10	83	18321256	4.530257095910892e-06
7	straight	mask_06be	1,2,3,4,5,7,9,10	462	18321256	2.5216611786877493e-05
7	straight	mask_06f3	0,1,4,5,6,7,9,10	2384	18321256	0.0001301220833331514
7	straight	mask_06f5	0,2,4,5,6,7,9,10	2379	18321256	0.00012984917627918086
7	straight	mask_06f6	1,2,4,5,6,7,9,10	7697	18321256	0.00042011311888224255
7	straight	mask_06f9	0,3,4,5,6,7,9,10	187	18321256	1.0206723818498033e-05
7	straight	mask_071f	0,1,2,3,4,8,9,10	10334	18321256	0.00056404429914630309
7	straight	mask_072f	0,1,2,3,5,8,9,10	1521	18321256	8.3018325817836941e-05
7	straight	mask_073b	0,1,3,4,5,8,9,10	481	18321256	2.625365859196553e-05
7	straight	mask_073d	0,2,3,4,5,8,9,10	505	18321256	2.75636124510241e-05
7	straight	mask_073e	1,2,3,4,5,8,9,10	1374	18321256	7.49948584311032e-05
7	straight	mask_074f	0,1,2,3,6,8,9,10	344	18321256	1.8776005313172853e-05
7	straight	mask_0757	0,1,2,4,6,8,9,10	283	18321256	1.5446539254732316e-05
7	straight	mask_075b	0,1,3,4,6,8,9,10	231	18321256	1.2608305893438746e-05
7	straight	mask_075d	0,2,3,4,6,8,9,10	27	18321256	1.4736980914408924e-06
7	straight	mask_075e	1,2,3,4,6,8,9,10	256	18321256	1.3972841163291425e-05
7	straight	mask_0767	0,1,2,5,6,8,9,10	3126	18321256	0.00017062149014237889
7	straight	mask_076b	0,1,3,5,6,8,9,10	600	18321256	3.2748846476464279e-05
7	straight	mask_076d	0,2,3,5,6,8,9,10	382	18321256	2.0850098923348922e-05
7	straight	mask_076e	1,2,3,5,6,8,9,10	1044	18321256	5.698299286904784e-05
7	straight	mask_0776	1,2,4,5,6,8,9,10	2873	18321256	0.00015681239321146978
7	straight	mask_0779	0,3,4,5,6,8,9,10	660	18321256	3.6023731124110707e-05
7	straight	mask_077a	1,3,4,5,6,8,9,10	1274	18321256	6.9536717351692485e-05
7	straight	mask_077c	2,3,4,5,6,8,9,10	796	18321256	4.3446802992109272e-05
7	straight	mask_078f	0,1,2,3,7,8,9,10	1936	18321256	0.0001056696112973914
7	straight	mask_0797	0,1,2,4,7,8,9,10	17	18321256	9.2788398349982119e-07
7	straight	mask_079e	1,2,3,4,7,8,9,10	10	18321256	5.4581410794107124e-07
7	straight	mask_07a7	0,1,2,5,7,8,9,10	180	18321256	9.8246539429392834e-06
7	straight	mask_07ab	0,1,3,5,7,8,9,10	13	18321256	7.0955834032339265e-07
7	straight	mask_07ad	0,2,3,5,7,8,9,10	22	18321256	1.2007910374703568e-06
7	straight	mask_07ae	1,2,3,5,7,8,9,10	58	18321256	3.1657218260582134e-06
7	straight	mask_07b3	0,1,4,5,7,8,9,10	379	18321256	2.0686354690966601e-05
7	straight	mask_07b5	0,2,4,5,7,8,9,10	199	18321256	1.0861700748027318e-05
7	straight	mask_07b6	1,2,4,5,7,8,9,10	301	18321256	1.6429004649026245e-05
7	straight	mask_07b9	0,3,4,5,7,8,9,10	3	18321256	1.6374423238232138e-07
7	straight	mask_07ba	1,3,4,5,7,8,9,10	21	18321256	1.1462096266762496e-06
7	straight	mask_07bc	2,3,4,5,7,8,9,10	46	18321256	2.5107448965289278e-06
7	straight	mask_07c7	0,1,2,6,7,8,9,10	242	18321256	1.3208701412173925e-05
7	straight	mask_07cb	0,1,3,6,7,8,9,10	56	18321256	3.0565590044699991e-06
7	straight	mask_07cd	0,2,3,6,7,8,9,10	33	18321256	1.8011865562055352e-06
7	straight	mask_07ce	1,2,3,6,7,8,9,10	211	18321256	1.1516677677556604e-05
7	straight	mask_07d3	0,1,4,6,7,8,9,10	104	18321256	5.6764667225871412e-06
7	straight	mask_07d5	0,2,4,6,7,8,9,10	27	18321256	1.4736980914408924e-06
7	straight	mask_07d6	1,2,4,6,7,8,9,10	161	18321256	8.7876071378512472e-06
7	straight	mask_07d9	0,3,4,6,7,8,9,10	4	18321256	2.1832564317642851e-07
7	straight	mask_07da	1,3,4,6,7,8,9,10	50	18321256	2.7290705397053563e-06
7	straight	mask_07dc	2,3,4,6,7,8,9,10	30	18321256	1.6374423238232138e-06
7	straight	mask_07e3	0,1,5,6,7,8,9,10	894	18321256	4.8795781249931775e-05
7	straight	mask_07e5	0,2,5,6,7,8,9,10	605	18321256	3.3021753530434814e-05
7	straight	mask_07e6	1,2,5,6,7,8,9,10	2172	18321256	0.00011855082424480069
7	straight	mask_07e9	0,3,5,6,7,8,9,10	108	18321256	5.8947923657635697e-06
7	straight	mask_07ea	1,3,5,6,7,8,9,10	575	18321256	3.1384311206611597e-05
7	straight	mask_07ec	2,3,5,6,7,8,9,10	683	18321256	3.727910357237517e-05
7	straight	mask_07f1	0,4,5,6,7,8,9,10	1062	18321256	5.7965458263341768e-05
7	straight	mask_07f2	1,4,5,6,7,8,9,10	2728	18321256	0.00014889808864632426
7	straight	mask_07f4	2,4,5,6,7,8,9,10	1980	18321256	0.00010807119337233212
7	straight	mask_07f8	3,4,5,6,7,8,9,10	565	18321256	3.0838497098670527e-05
7	straight	mask_093f	0,1,2,3,4,5,8,11	880	18321256	4.8031641498814275e-05
7	straight	mask_095f	0,1,2,3,4,6,8,11	369	18321256	2.0140540583025531e-05
7	straight	mask_096f	0,1,2,3,5,6,8,11	360	18321256	1.9649307885878567e-05
7	straight	mask_0977	0,1,2,4,5,6,8,11	354	18321256	1.9321819421113923e-05
7	straight	mask_097b	0,1,3,4,5,6,8,11	79	18321256	4.3119314527344635e-06
7	straight	mask_097d	0,2,3,4,5,6,8,11	44	18321256	2.4015820749407135e-06
7	straight	mask_097e	1,2,3,4,5,6,8,11	625	18321256	3.4113381746316954e-05
7	straight	mask_099f	0,1,2,3,4,7,8,11	4	18321256	2.1832564317642851e-07
7	straight	mask_09b7	0,1,2,4,5,7,8,11	37	18321256	2.0195121993819638e-06
7	straight	mask_09bd	0,2,3,4,5,7,8,11	5	18321256	2.7290705397053562e-07
7	straight	mask_09be	1,2,3,4,5,7,8,11	15	18321256	8.1872116191160692e-07
7	straight	mask_09f3	0,1,4,5,6,7,8,11	309	18321256	1.6865655935379104e-05
7	straight	mask_09f5	0,2,4,5,6,7,8,11	35	18321256	1.9103493777937495e-06
7	straight	mask_09f6	1,2,4,5,6,7,8,11	2423	18321256	0.00013225075835412157
7	straight	mask_09f9	0,3,4,5,6,7,8,11	4	18321256	2.1832564317642851e-07
7	straight	mask_0b1f	0,1,2,3,4,8,9,11	426	18321256	2.3251680998289638e-05
7	straight	mask_0b2f	0,1,2,3,5,8,9,11	75	18321256	4.0936058095580349e-06
7	straight	mask_0b37	0,1,2,4,5,8,9,11	208	18321256	1.1352933445174282e-05
7	straight	mask_0b3b	0,1,3,4,5,8,9,11	23	18321256	1.2553724482644639e-06
7	straight	mask_0b3d	0,2,3,4,5,8,9,11	24	18321256	1.309953859058571e-06
7	straight	mask_0b3e	1,2,3,4,5,8,9,11	87	18321256	4.7485827390873205e-06
7	straight	mask_0b4f	0,1,2,3,6,8,9,11	99	18321256	5.4035596686166062e-06
7	straight	mask_0b57	0,1,2,4,6,8,9,11	30	18321256	1.6374423238232138e-06
7	straight	mask_0b5b	0,1,3,4,6,8,9,11	7	18321256	3.8206987555874989e-07
7	straight	mask_0b5e	1,2,3,4,6,8,9,11	15	18321256	8.1872116191160692e-07
7	straight	mask_0b67	0,1,2,5,6,8,9,11	372	18321256	2.0304284815407852e-05
7	straight	mask_0b6b	0,1,3,5,6,8,9,11	23	18321256	1.2553724482644639e-06
7	straight	mask_0b6d	0,2,3,5,6,8,9,11	16	18321256	8.7330257270571405e-07
7	straight	mask_0b6e	1,2,3,5,6,8,9,11	127	18321256	6.9318391708516051e-06
7	straight	mask_0b73	0,1,4,5,6,8,9,11	483	18321256	2.6362821413553742e-05
7	straight	mask_0b75	0,2,4,5,6,8,9,11	301	18321256	1.6429004649026245e-05
7	straight	mask_0b76	1,2,4,5,6,8,9,11	859	18321256	4.6885431872138023e-05
7	straight	mask_0b79	0,3,4,5,6,8,9,11	23	18321256	1.2553724482644639e-06
7	straight	mask_0b7a	1,3,4,5,6,8,9,11	44	18321256	2.4015820749407135e-06
7	straight	mask_0b7c	2,3,4,5,6,8,9,11	106	18321256	5.7856295441753559e-06
7	straight	mask_0b8f	0,1,2,3,7,8,9,11	534	18321256	2.9146473364053208e-05
7	straight	mask_0b97	0,1,2,4,7,8,9,11	4	18321256	2.1832564317642851e-07
7	straight	mask_0b9e	1,2,3,4,7,8,9,11	2	18321256	1.0916282158821426e-07
7	straight	mask_0ba7	0,1,2,5,7,8,9,11	20	18321256	1.0916282158821425e-06
7	straight	mask_0bab	0,1,3,5,7,8,9,11	1	18321256	5.4581410794107128e-08
7	straight	mask_0bad	0,2,3,5,7,8,9,11	12	18321256	6.5497692952928551e-07
7	straight	mask_0bae	1,2,3,5,7,8,9,11	5	18321256	2.7290705397053562e-07
7	straight	mask_0bb3	0,1,4,5,7,8,9,11	6	18321256	3.2748846476464276e-07
7	straight	mask_0bb5	0,2,4,5,7,8,9,11	21	18321256	1.1462096266762496e-06
7	straight	mask_0bb6	1,2,4,5,7,8,9,11	22	18321256	1.2007910374703568e-06
7	straight	mask_0bbc	2,3,4,5,7,8,9,11	8	18321256	4.3665128635285703e-07
7	straight	mask_0bc7	0,1,2,6,7,8,9,11	119	18321256	6.495187884498748e-06
7	straight	mask_0bcb	0,1,3,6,7,8,9,11	3	18321256	1.6374423238232138e-07
7	straight	mask_0bcd	0,2,3,6,7,8,9,11	7	18321256	3.8206987555874989e-07
7	straight	mask_0bce	1,2,3,6,7,8,9,11	35	18321256	1.9103493777937495e-06
7	straight	mask_0bd3	0,1,4,6,7,8,9,11	4	18321256	2.1832564317642851e-07
7	straight	mask_0bd6	1,2,4,6,7,8,9,11	16	18321256	8.7330257270571405e-07
7	straight	mask_0bda	1,3,4,6,7,8,9,11	7	18321256	3.8206987555874989e-07
7	straight	mask_0bdc	2,3,4,6,7,8,9,11	10	18321256	5.4581410794107124e-07
7	straight	mask_0be3	0,1,5,6,7,8,9,11	62	18321256	3.3840474692346419e-06
7	straight	mask_0be5	0,2,5,6,7,8,9,11	97	18321256	5.2943968470283915e-06
7	straight	mask_0be6	1,2,5,6,7,8,9,11	419	18321256	2.2869611122730888e-05
7	straight	mask_0be9	0,3,5,6,7,8,9,11	7	18321256	3.8206987555874989e-07
7	straight	mask_0bea	1,3,5,6,7,8,9,11	23	18321256	1.2553724482644639e-06
7	straight	mask_0bec	2,3,5,6,7,8,9,11	194	18321256	1.0588793694056783e-05
7	straight	mask_0bf1	0,4,5,6,7,8,9,11	63	18321256	3.4386288800287493e-06
7	straight	mask_0bf2	1,4,5,6,7,8,9,11	236	18321256	1.2881212947409283e-05
7	straight	mask_0bf4	2,4,5,6,7,8,9,11	596	18321256	3.253052083328785e-05
7	straight	mask_0bf8	3,4,5,6,7,8,9,11	48	18321256	2.6199077181171421e-06
7	straight	mask_0f0f	0,1,2,3,8,9,10,11	3	18321256	1.6374423238232138e-07
7	straight	mask_0f17	0,1,2,4,8,9,10,11	7	18321256	3.8206987555874989e-07
7	straight	mask_0f1b	0,1,3,4,8,9,10,11	1	18321256	5.4581410794107128e-08
7	straight	mask_0f1e	1,2,3,4,8,9,10,11	3	18321256	1.6374423238232138e-07
7	straight	mask_0f27	0,1,2,5,8,9,10,11	21	18321256	1.1462096266762496e-06
7	straight	mask_0f2b	0,1,3,5,8,9,10,11	1	18321256	5.4581410794107128e-08
7	straight	mask_0f2d	0,2,3,5,8,9,10,11	1	18321256	5.4581410794107128e-08
7	straight	mask_0f2e	1,2,3,5,8,9,10,11	22	18321256	1.2007910374703568e-06
7	straight	mask_0f33	0,1,4,5,8,9,10,11	845	18321256	4.6121292121020523e-05
7	straight	mask_0f35	0,2,4,5,8,9,10,11	73	18321256	3.9844429879698202e-06
7	straight	mask_0f36	1,2,4,5,8,9,10,11	137	18321256	7.4776532787926769e-06
7	straight	mask_0f39	0,3,4,5,8,9,10,11	6	18321256	3.2748846476464276e-07
7	straight	mask_0f3a	1,3,4,5,8,9,10,11	29	18321256	1.5828609130291067e-06
7	straight	mask_0f3c	2,3,4,5,8,9,10,11	21	18321256	1.1462096266762496e-06
7	straight	mask_0f53	0,1,4,6,8,9,10,11	30	18321256	1.6374423238232138e-06
7	straight	mask_0f55	0,2,4,6,8,9,10,11	14	18321256	7.6413975111749978e-07
7	straight	mask_0f56	1,2,4,6,8,9,10,11	67	18321256	3.6569545232051778e-06
7	straight	mask_0f59	0,3,4,6,8,9,10,11	2	18321256	1.0916282158821426e-07
7	straight	mask_0f5a	1,3,4,6,8,9,10,11	12	18321256	6.5497692952928551e-07
7	straight	mask_0f5c	2,3,4,6,8,9,10,11	17	18321256	9.2788398349982119e-07
7	straight	mask_0f63	0,1,5,6,8,9,10,11	452	18321256	2.4670797678936422e-05
7	straight	mask_0f65	0,2,5,6,8,9,10,11	135	18321256	7.3684904572044622e-06
7	straight	mask_0f66	1,2,5,6,8,9,10,11	782	18321256	4.2682663240991772e-05
7	straight	mask_0f69	0,3,5,6,8,9,10,11	4	18321256	2.1832564317642851e-07
7	straight	mask_0f71	0,4,5,6,8,9,10,11	657	18321256	3.5859986891728383e-05
7	straight	mask_0f72	1,4,5,6,8,9,10,11	2561	18321256	0.00013978299304370835
7	straight	mask_0f74	2,4,5,6,8,9,10,11	1354	18321256	7.3903230215221046e-05
7	straight	mask_0f78	3,4,5,6,8,9,10,11	231	18321256	1.2608305893438746e-05
7	straight	mask_0f93	0,1,4,7,8,9,10,11	1	18321256	5.4581410794107128e-08
7	straight	mask_0f95	0,2,4,7,8,9,10,11	1	18321256	5.4581410794107128e-08
7	straight	mask_0fb1	0,4,5,7,8,9,10,11	30	18321256	1.6374423238232138e-06
7	straight	mask_0fb2	1,4,5,7,8,9,10,11	85	18321256	4.6394199174991058e-06
7	straight	mask_0fb4	2,4,5,7,8,9,10,11	64	18321256	3.4932102908228562e-06
7	straight	mask_0fb8	3,4,5,7,8,9,10,11	11	18321256	6.0039551873517838e-07
7	straight	mask_0ff0	4,5,6,7,8,9,10,11	922	18321256	5.0324060752166774e-05
7	straight	mask_107f	0,1,2,3,4,5,6,12	116843	18321256	0.0063774557814158589
7	straight	mask_10bf	0,1,2,3,4,5,7,12	7377	18321256	0.0004026470674281283
7	straight	mask_10df	0,1,2,3,4,6,7,12	1637	18321256	8.9349769469953373e-05
7	straight	mask_10ef	0,1,2,3,5,6,7,12	44804	18321256	0.0024454655292191758
7	straight	mask_10f7	0,1,2,4,5,6,7,12	2215	18321256	0.00012089782490894729
7	straight	mask_10fb	0,1,3,4,5,6,7,12	94	18321256	5.1306526146460703e-06
7	straight	mask_10fd	0,2,3,4,5,6,7,12	75	18321256	4.0936058095580349e-06
7	straight	mask_10fe	1,2,3,4,5,6,7,12	1022	18321256	5.5782201831577488e-05
7	straight	mask_113f	0,1,2,3,4,5,8,12	103027	18321256	0.0056233590098844748
7	straight	mask_115f	0,1,2,3,4,6,8,12	32941	18321256	0.0017979662529686829
7	straight	mask_116f	0,1,2,3,5,6,8,12	16916	18321256	0.00092329914499311618
7	straight	mask_117b	0,1,3,4,5,6,8,12	85257	18321256	0.0046534473400731916
7	straight	mask_117d	0,2,3,4,5,6,8,12	5063	18321256	0.00027634568285056439
7	straight	mask_117e	1,2,3,4,5,6,8,12	6237	18321256	0.00034042425912284615
7	straight	mask_119f	0,1,2,3,4,7,8,12	3223	18321256	0.00017591588698940728
7	straight	mask_11af	0,1,2,3,5,7,8,12	5748	18321256	0.00031373394924452778
7	straight	mask_11b7	0,1,2,4,5,7,8,12	32416	18321256	0.0017693110123017768
7	straight	mask_11bb	0,1,3,4,5,7,8,12	111	18321256	6.0585365981458909e-06
7	straight	mask_11bd	0,2,3,4,5,7,8,12	253	18321256	1.3809096930909103e-05
7	straight	mask_11be	1,2,3,4,5,7,8,12	278	18321256	1.5173632200761781e-05
7	straight	mask_11cf	0,1,2,3,6,7,8,12	3319	18321256	0.00018115570242564156
7	straight	mask_11d7	0,1,2,4,6,7,8,12	10814	18321256	0.00059024337632747445
7	straight	mask_11db	0,1,3,4,6,7,8,12	2247	18321256	0.00012264443005435873
7	straight	mask_11dd	0,2,3,4,6,7,8,12	4	18321256	2.1832564317642851e-07
7	straight	mask_11de	1,2,3,4,6,7,8,12	148	18321256	8.0780487975278551e-06
7	straight	mask_11e7	0,1,2,5,6,7,8,12	2226	18321256	0.00012149822042768246
7	straight	mask_11eb	0,1,3,5,6,7,8,12	142	18321256	7.7505603327632127e-06
7	straight	mask_11ed	0,2,3,5,6,7,8,12	145	18321256	7.9143045651455331e-06
7	straight	mask_11ee	1,2,3,5,6,7,8,12	333	18321256	1.8175609794437674e-05
7	straight	mask_11f3	0,1,4,5,6,7,8,12	25147	18321256	0.0013725587372394119
7	straight	mask_11f5	0,2,4,5,6,7,8,12	2142	18321256	0.00011691338192097747
7	straight	mask_11f6	1,2,4,5,6,7,8,12	1724	18321256	9.4098352209040693e-05
7	straight	mask_11f9	0,3,4,5,6,7,8,12	168	18321256	9.169677013409997e-06
7	straight	mask_11fa	1,3,4,5,6,7,8,12	176	18321256	9.6063282997628541e-06
7	straight	mask_11fc	2,3,4,5,6,7,8,12	53	18321256	2.8928147720876779e-06
7	straight	mask_125f	0,1,2,3,4,6,9,12	15132	18321256	0.00082592590813642904
7	straight	mask_126f	0,1,2,3,5,6,9,12	14737	18321256	0.00080436625087275675
7	straight	mask_127b	0,1,3,4,5,6,9,12	440	18321256	2.4015820749407138e-05
7	straight	mask_127d	0,2,3,4,5,6,9,12	615	18321256	3.3567567638375884e-05
7	straight	mask_127e	1,2,3,4,5,6,9,12	3008	18321256	0.00016418088366867425
7	straight	mask_129f	0,1,2,3,4,7,9,12	1523	18321256	8.3127488639425152e-05
7	straight	mask_12af	0,1,2,3,5,7,9,12	7483	18321256	0.00040843269697230362
7	straight	mask_12b7	0,1,2,4,5,7,9,12	754	18321256	4.1154383738756773e-05
7	straight	mask_12bb	0,1,3,4,5,7,9,12	10	18321256	5.4581410794107124e-07
7	straight	mask_12bd	0,2,3,4,5,7,9,12	31	18321256	1.692023734617321e-06
7	straight	mask_12be	1,2,3,4,5,7,9,12	137	18321256	7.4776532787926769e-06
7	straight	mask_12cf	0,1,2,3,6,7,9,12	7134	18321256	0.00038938378460516028
7	straight	mask_12d7	0,1,2,4,6,7,9,12	137	18321256	7.4776532787926769e-06
7	straight	mask_12db	0,1,3,4,6,7,9,12	20	18321256	1.0916282158821425e-06
7	straight	mask_12dd	0,2,3,4,6,7,9,12	1	18321256	5.4581410794107128e-08
7	straight	mask_12de	1,2,3,4,6,7,9,12	94	18321256	5.1306526146460703e-06
7	straight	mask_12e7	0,1,2,5,6,7,9,12	2312	18321256	0.00012619222175597568
7	straight	mask_12eb	0,1,3,5,6,7,9,12	165	18321256	9.0059327810276766e-06
7	straight	mask_12ed	0,2,3,5,6,7,9,12	214	18321256	1.1680421909938925e-05
7	straight	mask_12ee	1,2,3,5,6,7,9,12	518	18321256	2.8273170791347494e-05
7	straight	mask_12f3	0,1,4,5,6,7,9,12	833	18321256	4.5466315191491235e-05
7	straight	mask_12f5	0,2,4,5,6,7,9,12	252	18321256	1.3754515520114997e-05
7	straight	mask_12f6	1,2,4,5,6,7,9,12	845	18321256	4.6121292121020523e-05
7	straight	mask_12f9	0,3,4,5,6,7,9,12	16	18321256	8.7330257270571405e-07
7	straight	mask_12fa	1,3,4,5,6,7,9,12	102	18321256	5.5673039009989273e-06
7	straight	mask_12fc	2,3,4,5,6,7,9,12	80	18321256	4.36651286352857e-06
7	straight	mask_134f	0,1,2,3,6,8,9,12	144	18321256	7.8597231543514257e-06
7	straight	mask_135e	1,2,3,4,6,8,9,12	201	18321256	1.0970863569615533e-05
7	straight	mask_136d	0,2,3,5,6,8,9,12	232	18321256	1.2662887304232854e-05
7	straight	mask_136e	1,2,3,5,6,8,9,12	593	18321256	3.2366776600905526e-05
7	straight	mask_138f	0,1,2,3,7,8,9,12	71	18321256	3.8752801663816064e-06
7	straight	mask_1397	0,1,2,4,7,8,9,12	3584	18321256	0.00019561977628607994
7	straight	mask_139b	0,1,3,4,7,8,9,12	4	18321256	2.1832564317642851e-07
7	straight	mask_139d	0,2,3,4,7,8,9,12	2	18321256	1.0916282158821426e-07
7	straight	mask_139e	1,2,3,4,7,8,9,12	10	18321256	5.4581410794107124e-07
7	straight	mask_13a7	0,1,2,5,7,8,9,12	524	18321256	2.8600659256112134e-05
7	straight	mask_13ab	0,1,3,5,7,8,9,12	1	18321256	5.4581410794107128e-08
7	straight	mask_13ad	0,2,3,5,7,8,9,12	31	18321256	1.692023734617321e-06
7	straight	mask_13ae	1,2,3,5,7,8,9,12	23	18321256	1.2553724482644639e-06
7	straight	mask_13b3	0,1,4,5,7,8,9,12	59236	18321256	0.0032331844497997301
7	straight	mask_13b5	0,2,4,5,7,8,9,12	6301	18321256	0.00034391746941366902
7	straight	mask_13b6	1,2,4,5,7,8,9,12	1311	18321256	7.1556229551074442e-05
7	straight	mask_13b9	0,3,4,5,7,8,9,12	19	18321256	1.0370468050880354e-06
7	straight	mask_13ba	1,3,4,5,7,8,9,12	9	18321256	4.9123269714696411e-07
7	straight	mask_13bc	2,3,4,5,7,8,9,12	22	18321256	1.2007910374703568e-06
7	straight	mask_13c7	0,1,2,6,7,8,9,12	49	18321256	2.6744891289112494e-06
7	straight	mask_13cb	0,1,3,6,7,8,9,12	6	18321256	3.2748846476464276e-07
7	straight	mask_13cd	0,2,3,6,7,8,9,12	2	18321256	1.0916282158821426e-07
7	straight	mask_13ce	1,2,3,6,7,8,9,12	22	18321256	1.2007910374703568e-06
7	straight	mask_13d3	0,1,4,6,7,8,9,12	6785	18321256	0.00037033487223801689
7	straight	mask_13d5	0,2,4,6,7,8,9,12	237	18321256	1.293579435820339e-05
7	straight	mask_13d6	1,2,4,6,7,8,9,12	142	18321256	7.7505603327632127e-06
7	straight	mask_13d9	0,3,4,6,7,8,9,12	7	18321256	3.8206987555874989e-07
7	straight	mask_13da	1,3,4,6,7,8,9,12	38	18321256	2.0740936101760707e-06
7	straight	mask_13dc	2,3,4,6,7,8,9,12	3	18321256	1.6374423238232138e-07
7	straight	mask_13e3	0,1,5,6,7,8,9,12	665	18321256	3.6296638178081242e-05
7	straight	mask_13e5	0,2,5,6,7,8,9,12	227	18321256	1.2389980250262319e-05
7	straight	mask_13e6	1,2,5,6,7,8,9,12	319	18321256	1.7411470043320174e-05
7	straight	mask_13e9	0,3,5,6,7,8,9,12	15	18321256	8.1872116191160692e-07
7	straight	mask_13ea	1,3,5,6,7,8,9,12	25	18321256	1.3645352698526782e-06
7	straight	mask_13ec	2,3,5,6,7,8,9,12	43	18321256	2.3470006641466066e-06
7	straight	mask_13f1	0,4,5,6,7,8,9,12	5723	18321256	0.00031236941397467507
7	straight	mask_13f2	1,4,5,6,7,8,9,12	2078	18321256	0.00011342017163015461
7	straight	mask_13f4	2,4,5,6,7,8,9,12	374	18321256	2.0413447636996066e-05
7	straight	mask_13f8	3,4,5,6,7,8,9,12	38	18321256	2.0740936101760707e-06
7	straight	mask_143f	0,1,2,3,4,5,10,12	6463	18321256	0.00035275965796231437
7	straight	mask_145f	0,1,2,3,4,6,10,12	1185	18321256	6.4678971791016953e-05
7	straight	mask_146f	0,1,2,3,5,6,10,12	1111	18321256	6.063994739225302e-05
7	straight	mask_147b	0,1,3,4,5,6,10,12	183	18321256	9.9883981753216038e-06
7	straight	mask_147d	0,2,3,4,5,6,10,12	59	18321256	3.2203032368523208e-06
7	straight	mask_147e	1,2,3,4,5,6,10,12	495	18321256	2.701779834308303e-05
7	straight	mask_149f	0,1,2,3,4,7,10,12	47	18321256	2.5653263073230351e-06
7	straight	mask_14af	0,1,2,3,5,7,10,12	852	18321256	4.6503361996579276e-05
7	straight	mask_14b7	0,1,2,4,5,7,10,12	30	18321256	1.6374423238232138e-06
7	straight	mask_14bb	0,1,3,4,5,7,10,12	2	18321256	1.0916282158821426e-07
7	straight	mask_14bd	0,2,3,4,5,7,10,12	2	18321256	1.0916282158821426e-07
7	straight	mask_14be	1,2,3,4,5,7,10,12	35	18321256	1.9103493777937495e-06
7	straight	mask_14cf	0,1,2,3,6,7,10,12	1981	18321256	0.00010812577478312622
7	straight	mask_14d7	0,1,2,4,6,7,10,12	16	18321256	8.7330257270571405e-07
7	straight	mask_14db	0,1,3,4,6,7,10,12	2	18321256	1.0916282158821426e-07
7	straight	mask_14de	1,2,3,4,6,7,10,12	23	18321256	1.2553724482644639e-06
7	straight	mask_14e7	0,1,2,5,6,7,10,12	312	18321256	1.7029400167761424e-05
7	straight	mask_14eb	0,1,3,5,6,7,10,12	49	18321256	2.6744891289112494e-06
7	straight	mask_14ed	0,2,3,5,6,7,10,12	37	18321256	2.0195121993819638e-06
7	straight	mask_14ee	1,2,3,5,6,7,10,12	249	18321256	1.3590771287732675e-05
7	straight	mask_14f3	0,1,4,5,6,7,10,12	78	18321256	4.2573500419403561e-06
7	straight	mask_14f5	0,2,4,5,6,7,10,12	33	18321256	1.8011865562055352e-06
7	straight	mask_14f6	1,2,4,5,6,7,10,12	266	18321256	1.4518655271232497e-05
7	straight	mask_14f9	0,3,4,5,6,7,10,12	6	18321256	3.2748846476464276e-07
7	straight	mask_14fa	1,3,4,5,6,7,10,12	66	18321256	3.6023731124110705e-06
7	straight	mask_14fc	2,3,4,5,6,7,10,12	32	18321256	1.7466051454114281e-06
7	straight	mask_151f	0,1,2,3,4,8,10,12	2340	18321256	0.00012772050125821067
7	straight	mask_152f	0,1,2,3,5,8,10,12	505	18321256	2.75636124510241e-05
7	straight	mask_153e	1,2,3,4,5,8,10,12	241	18321256	1.3154120001379818e-05
7	straight	mask_154f	0,1,2,3,6,8,10,12	22	18321256	1.2007910374703568e-06
7	straight	mask_155b	0,1,3,4,6,8,10,12	15962	18321256	0.00087122847909553802
7	straight	mask_155d	0,2,3,4,6,8,10,12	3	18321256	1.6374423238232138e-07
7	straight	mask_155e	1,2,3,4,6,8,10,12	57	18321256	3.1111404152641065e-06
7	straight	mask_156b	0,1,3,5,6,8,10,12	117	18321256	6.3860250629105342e-06
7	straight	mask_156d	0,2,3,5,6,8,10,12	45	18321256	2.4561634857348209e-06
7	straight	mask_156e	1,2,3,5,6,8,10,12	90	18321256	4.9123269714696417e-06
7	straight	mask_1579	0,3,4,5,6,8,10,12	766	18321256	4.1809360668286062e-05
7	straight	mask_157a	1,3,4,5,6,8,10,12	539	18321256	2.9419380418023743e-05
7	straight	mask_157c	2,3,4,5,6,8,10,12	46	18321256	2.5107448965289278e-06
7	straight	mask_158f	0,1,2,3,7,8,10,12	9	18321256	4.9123269714696411e-07
7	straight	mask_1597	0,1,2,4,7,8,10,12	852	18321256	4.6503361996579276e-05
7	straight	mask_159b	0,1,3,4,7,8,10,12	11	18321256	6.0039551873517838e-07
7	straight	mask_159e	1,2,3,4,7,8,10,12	4	18321256	2.1832564317642851e-07
7	straight	mask_15a7	0,1,2,5,7,8,10,12	21	18321256	1.1462096266762496e-06
7	straight	mask_15ad	0,2,3,5,7,8,10,12	2	18321256	1.0916282158821426e-07
7	straight	mask_15ae	1,2,3,5,7,8,10,12	1	18321256	5.4581410794107128e-08
7	straight	mask_15b3	0,1,4,5,7,8,10,12	2383	18321256	0.00013006750192235729
7	straight	mask_15b5	0,2,4,5,7,8,10,12	110	18321256	6.0039551873517844e-06
7	straight	mask_15b6	1,2,4,5,7,8,10,12	79	18321256	4.3119314527344635e-06
7	straight	mask_15ba	1,3,4,5,7,8,10,12	1	18321256	5.4581410794107128e-08
7	straight	mask_15bc	2,3,4,5,7,8,10,12	2	18321256	1.0916282158821426e-07
7	straight	mask_15c7	0,1,2,6,7,8,10,12	4	18321256	2.1832564317642851e-07
7	straight	mask_15cb	0,1,3,6,7,8,10,12	4	18321256	2.1832564317642851e-07
7	straight	mask_15cd	0,2,3,6,7,8,10,12	1	18321256	5.4581410794107128e-08
7	straight	mask_15ce	1,2,3,6,7,8,10,12	4	18321256	2.1832564317642851e-07
7	straight	mask_15d3	0,1,4,6,7,8,10,12	5051	18321256	0.0002756907059210351
7	straight	mask_15d5	0,2,4,6,7,8,10,12	8	18321256	4.3665128635285703e-07
7	straight	mask_15d6	1,2,4,6,7,8,10,12	46	18321256	2.5107448965289278e-06
7	straight	mask_15d9	0,3,4,6,7,8,10,12	1	18321256	5.4581410794107128e-08
7	straight	mask_15da	1,3,4,6,7,8,10,12	27	18321256	1.4736980914408924e-06
7	straight	mask_15e3	0,1,5,6,7,8,10,12	112	18321256	6.1131180089399983e-06
7	straight	mask_15e5	0,2,5,6,7,8,10,12	42	18321256	2.2924192533524992e-06
7	straight	mask_15e6	1,2,5,6,7,8,10,12	101	18321256	5.51272249020482e-06
7	straight	mask_15e9	0,3,5,6,7,8,10,12	4	18321256	2.1832564317642851e-07
7	straight	mask_15ea	1,3,5,6,7,8,10,12	24	18321256	1.309953859058571e-06
7	straight	mask_15ec	2,3,5,6,7,8,10,12	14	18321256	7.6413975111749978e-07
7	straight	mask_15f1	0,4,5,6,7,8,10,12	340	18321256	1.8557679669996423e-05
7	straight	mask_15f2	1,4,5,6,7,8,10,12	417	18321256	2.2760448301142674e-05
7	straight	mask_15f4	2,4,5,6,7,8,10,12	49	18321256	2.6744891289112494e-06
7	straight	mask_15f8	3,4,5,6,7,8,10,12	8	18321256	4.3665128635285703e-07
7	straight	mask_164f	0,1,2,3,6,9,10,12	48	18321256	2.6199077181171421e-06
7	straight	mask_165b	0,1,3,4,6,9,10,12	13	18321256	7.0955834032339265e-07
7	straight	mask_165d	0,2,3,4,6,9,10,12	9	18321256	4.9123269714696411e-07
7	straight	mask_165e	1,2,3,4,6,9,10,12	110	18321256	6.0039551873517844e-06
7	straight	mask_166b	0,1,3,5,6,9,10,12	110	18321256	6.0039551873517844e-06
7	straight	mask_166d	0,2,3,5,6,9,10,12	96	18321256	5.2398154362342841e-06
7	straight	mask_166e	1,2,3,5,6,9,10,12	258	18321256	1.408200398487964e-05
7	straight	mask_167a	1,3,4,5,6,9,10,12	132	18321256	7.204746224822141e-06
7	straight	mask_167c	2,3,4,5,6,9,10,12	80	18321256	4.36651286352857e-06
7	straight	mask_168f	0,1,2,3,7,9,10,12	40	18321256	2.183256431764285e-06
7	straight	mask_1697	0,1,2,4,7,9,10,12	2	18321256	1.0916282158821426e-07
7	straight	mask_169e	1,2,3,4,7,9,10,12	3	18321256	1.6374423238232138e-07
7	straight	mask_16a7	0,1,2,5,7,9,10,12	51	18321256	2.7836519504994637e-06
7	straight	mask_16ab	0,1,3,5,7,9,10,12	1	18321256	5.4581410794107128e-08
7	straight	mask_16ad	0,2,3,5,7,9,10,12	9	18321256	4.9123269714696411e-07
7	straight	mask_16ae	1,2,3,5,7,9,10,12	26	18321256	1.4191166806467853e-06
7	straight	mask_16b3	0,1,4,5,7,9,10,12	97	18321256	5.2943968470283915e-06
7	straight	mask_16b5	0,2,4,5,7,9,10,12	24	18321256	1.309953859058571e-06
7	straight	mask_16b6	1,2,4,5,7,9,10,12	56	18321256	3.0565590044699991e-06
7	straight	mask_16b9	0,3,4,5,7,9,10,12	4	18321256	2.1832564317642851e-07
7	straight	mask_16ba	1,3,4,5,7,9,10,12	7	18321256	3.8206987555874989e-07
7	straight	mask_16bc	2,3,4,5,7,9,10,12	7	18321256	3.8206987555874989e-07
7	straight	mask_16c7	0,1,2,6,7,9,10,12	30	18321256	1.6374423238232138e-06
7	straight	mask_16cb	0,1,3,6,7,9,10,12	8	18321256	4.3665128635285703e-07
7	straight	mask_16cd	0,2,3,6,7,9,10,12	7	18321256	3.8206987555874989e-07
7	straight	mask_16ce	1,2,3,6,7,9,10,12	45	18321256	2.4561634857348209e-06
7	straight	mask_16d3	0,1,4,6,7,9,10,12	25	18321256	1.3645352698526782e-06
7	straight	mask_16d5	0,2,4,6,7,9,10,12	9	18321256	4.9123269714696411e-07
7	straight	mask_16d6	1,2,4,6,7,9,10,12	50	18321256	2.7290705397053563e-06
7	straight	mask_16d9	0,3,4,6,7,9,10,12	3	18321256	1.6374423238232138e-07
7	straight	mask_16da	1,3,4,6,7,9,10,12	27	18321256	1.4736980914408924e-06
7	straight	mask_16dc	2,3,4,6,7,9,10,12	6	18321256	3.2748846476464276e-07
7	straight	mask_16e3	0,1,5,6,7,9,10,12	272	18321256	1.4846143735997139e-05
7	straight	mask_16e5	0,2,5,6,7,9,10,12	145	18321256	7.9143045651455331e-06
7	straight	mask_16e6	1,2,5,6,7,9,10,12	545	18321256	2.9746868882788384e-05
7	straight	mask_16e9	0,3,5,6,7,9,10,12	16	18321256	8.7330257270571405e-07
7	straight	mask_16ea	1,3,5,6,7,9,10,12	120	18321256	6.5497692952928554e-06
7	straight	mask_16ec	2,3,5,6,7,9,10,12	70	18321256	3.820698755587499e-06
7	straight	mask_16f1	0,4,5,6,7,9,10,12	190	18321256	1.0370468050880355e-05
7	straight	mask_16f2	1,4,5,6,7,9,10,12	415	18321256	2.2651285479554459e-05
7	straight	mask_16f4	2,4,5,6,7,9,10,12	214	18321256	1.1680421909938925e-05
7	straight	mask_16f8	3,4,5,6,7,9,10,12	48	18321256	2.6199077181171421e-06
7	straight	mask_174d	0,2,3,6,8,9,10,12	1	18321256	5.4581410794107128e-08
7	straight	mask_174e	1,2,3,6,8,9,10,12	4	18321256	2.1832564317642851e-07
7	straight	mask_176c	2,3,5,6,8,9,10,12	36	18321256	1.9649307885878564e-06
7	straight	mask_1793	0,1,4,7,8,9,10,12	1191	18321256	6.5006460255781587e-05
7	straight	mask_1795	0,2,4,7,8,9,10,12	18	18321256	9.8246539429392822e-07
7	straight	mask_1796	1,2,4,7,8,9,10,12	13	18321256	7.0955834032339265e-07
7	straight	mask_179a	1,3,4,7,8,9,10,12	3	18321256	1.6374423238232138e-07
7	straight	mask_17a3	0,1,5,7,8,9,10,12	76	18321256	4.1481872203521414e-06
7	straight	mask_17a5	0,2,5,7,8,9,10,12	25	18321256	1.3645352698526782e-06
7	straight	mask_17a6	1,2,5,7,8,9,10,12	21	18321256	1.1462096266762496e-06
7	straight	mask_17a9	0,3,5,7,8,9,10,12	1	18321256	5.4581410794107128e-08
7	straight	mask_17aa	1,3,5,7,8,9,10,12	14	18321256	7.6413975111749978e-07
7	straight	mask_17ac	2,3,5,7,8,9,10,12	2	18321256	1.0916282158821426e-07
7	straight	mask_17b1	0,4,5,7,8,9,10,12	1242	18321256	6.779011220628105e-05
7	straight	mask_17b2	1,4,5,7,8,9,10,12	552	18321256	3.0128938758347137e-05
7	straight	mask_17b4	2,4,5,7,8,9,10,12	67	18321256	3.6569545232051778e-06
7	straight	mask_17b8	3,4,5,7,8,9,10,12	9	18321256	4.9123269714696411e-07
7	straight	mask_17c3	0,1,6,7,8,9,10,12	16	18321256	8.7330257270571405e-07
7	straight	mask_17c5	0,2,6,7,8,9,10,12	3	18321256	1.6374423238232138e-07
7	straight	mask_17c6	1,2,6,7,8,9,10,12	15	18321256	8.1872116191160692e-07
7	straight	mask_17c9	0,3,6,7,8,9,10,12	2	18321256	1.0916282158821426e-07
7	straight	mask_17ca	1,3,6,7,8,9,10,12	7	18321256	3.8206987555874989e-07
7	straight	mask_17cc	2,3,6,7,8,9,10,12	11	18321256	6.0039551873517838e-07
7	straight	mask_17d1	0,4,6,7,8,9,10,12	100	18321256	5.4581410794107127e-06
7	straight	mask_17d2	1,4,6,7,8,9,10,12	73	18321256	3.9844429879698202e-06
7	straight	mask_17d4	2,4,6,7,8,9,10,12	12	18321256	6.5497692952928551e-07
7	straight	mask_17d8	3,4,6,7,8,9,10,12	17	18321256	9.2788398349982119e-07
7	straight	mask_17e1	0,5,6,7,8,9,10,12	191	18321256	1.0425049461674461e-05
7	straight	mask_17e2	1,5,6,7,8,9,10,12	461	18321256	2.5162030376083387e-05
7	straight	mask_17e4	2,5,6,7,8,9,10,12	240	18321256	1.3099538590585711e-05
7	straight	mask_17e8	3,5,6,7,8,9,10,12	30	18321256	1.6374423238232138e-06
7	straight	mask_183f	0,1,2,3,4,5,11,12	295	18321256	1.6101516184261605e-05
7	straight	mask_185f	0,1,2,3,4,6,11,12	115	18321256	6.2768622413223195e-06
7	straight	mask_186f	0,1,2,3,5,6,11,12	51	18321256	2.7836519504994637e-06
7	straight	mask_1877	0,1,2,4,5,6,11,12	19	18321256	1.0370468050880354e-06
7	straight	mask_187b	0,1,3,4,5,6,11,12	8	18321256	4.3665128635285703e-07
7	straight	mask_187d	0,2,3,4,5,6,11,12	1	18321256	5.4581410794107128e-08
7	straight	mask_187e	1,2,3,4,5,6,11,12	40	18321256	2.183256431764285e-06
7	straight	mask_189f	0,1,2,3,4,7,11,12	7	18321256	3.8206987555874989e-07
7	straight	mask_18af	0,1,2,3,5,7,11,12	34	18321256	1.8557679669996424e-06
7	straight	mask_18b7	0,1,2,4,5,7,11,12	4	18321256	2.1832564317642851e-07
7	straight	mask_18bd	0,2,3,4,5,7,11,12	4	18321256	2.1832564317642851e-07
7	straight	mask_18be	1,2,3,4,5,7,11,12	2	18321256	1.0916282158821426e-07
7	straight	mask_18cf	0,1,2,3,6,7,11,12	110	18321256	6.0039551873517844e-06
7	straight	mask_18d7	0,1,2,4,6,7,11,12	2	18321256	1.0916282158821426e-07
7	straight	mask_18db	0,1,3,4,6,7,11,12	2	18321256	1.0916282158821426e-07
7	straight	mask_18de	1,2,3,4,6,7,11,12	8	18321256	4.3665128635285703e-07
7	straight	mask_18e7	0,1,2,5,6,7,11,12	28	18321256	1.5282795022349996e-06
7	straight	mask_18ed	0,2,3,5,6,7,11,12	5	18321256	2.7290705397053562e-07
7	straight	mask_18ee	1,2,3,5,6,7,11,12	152	18321256	8.2963744407042828e-06
7	straight	mask_18f3	0,1,4,5,6,7,11,12	4	18321256	2.1832564317642851e-07
7	straight	mask_18f5	0,2,4,5,6,7,11,12	2	18321256	1.0916282158821426e-07
7	straight	mask_18f6	1,2,4,5,6,7,11,12	58	18321256	3.1657218260582134e-06
7	straight	mask_18fa	1,3,4,5,6,7,11,12	2	18321256	1.0916282158821426e-07
7	straight	mask_18fc	2,3,4,5,6,7,11,12	6	18321256	3.2748846476464276e-07
7	straight	mask_191f	0,1,2,3,4,8,11,12	174	18321256	9.4971654781746411e-06
7	straight	mask_192f	0,1,2,3,5,8,11,12	4	18321256	2.1832564317642851e-07
7	straight	mask_1937	0,1,2,4,5,8,11,12	512	18321256	2.794568232658285e-05
7	straight	mask_193b	0,1,3,4,5,8,11,12	6	18321256	3.2748846476464276e-07
7	straight	mask_193d	0,2,3,4,5,8,11,12	30	18321256	1.6374423238232138e-06
7	straight	mask_193e	1,2,3,4,5,8,11,12	17	18321256	9.2788398349982119e-07
7	straight	mask_194f	0,1,2,3,6,8,11,12	1	18321256	5.4581410794107128e-08
7	straight	mask_1957	0,1,2,4,6,8,11,12	240	18321256	1.3099538590585711e-05
7	straight	mask_195b	0,1,3,4,6,8,11,12	202	18321256	1.102544498040964e-05
7	straight	mask_195e	1,2,3,4,6,8,11,12	3	18321256	1.6374423238232138e-07
7	straight	mask_1967	0,1,2,5,6,8,11,12	17	18321256	9.2788398349982119e-07
7	straight	mask_196b	0,1,3,5,6,8,11,12	1	18321256	5.4581410794107128e-08
7	straight	mask_196d	0,2,3,5,6,8,11,12	1	18321256	5.4581410794107128e-08
7	straight	mask_196e	1,2,3,5,6,8,11,12	6	18321256	3.2748846476464276e-07
7	straight	mask_1973	0,1,4,5,6,8,11,12	2455	18321256	0.000133997363499533
7	straight	mask_1975	0,2,4,5,6,8,11,12	50	18321256	2.7290705397053563e-06
7	straight	mask_1976	1,2,4,5,6,8,11,12	46	18321256	2.5107448965289278e-06
7	straight	mask_1979	0,3,4,5,6,8,11,12	24	18321256	1.309953859058571e-06
7	straight	mask_197a	1,3,4,5,6,8,11,12	11	18321256	6.0039551873517838e-07
7	straight	mask_197c	2,3,4,5,6,8,11,12	2	18321256	1.0916282158821426e-07
7	straight	mask_1997	0,1,2,4,7,8,11,12	514	18321256	2.8054845148171064e-05
7	straight	mask_199e	1,2,3,4,7,8,11,12	4	18321256	2.1832564317642851e-07
7	straight	mask_19a7	0,1,2,5,7,8,11,12	1	18321256	5.4581410794107128e-08
7	straight	mask_19b3	0,1,4,5,7,8,11,12	7	18321256	3.8206987555874989e-07
7	straight	mask_19b5	0,2,4,5,7,8,11,12	16	18321256	8.7330257270571405e-07
7	straight	mask_19b6	1,2,4,5,7,8,11,12	18	18321256	9.8246539429392822e-07
7	straight	mask_19ba	1,3,4,5,7,8,11,12	1	18321256	5.4581410794107128e-08
7	straight	mask_19bc	2,3,4,5,7,8,11,12	1	18321256	5.4581410794107128e-08
7	straight	mask_19c7	0,1,2,6,7,8,11,12	1	18321256	5.4581410794107128e-08
7	straight	mask_19cb	0,1,3,6,7,8,11,12	2	18321256	1.0916282158821426e-07
7	straight	mask_19d3	0,1,4,6,7,8,11,12	428	18321256	2.336084381987785e-05
7	straight	mask_19d6	1,2,4,6,7,8,11,12	13	18321256	7.0955834032339265e-07
7	straight	mask_19da	1,3,4,6,7,8,11,12	2	18321256	1.0916282158821426e-07
7	straight	mask_19e3	0,1,5,6,7,8,11,12	9	18321256	4.9123269714696411e-07
7	straight	mask_19e5	0,2,5,6,7,8,11,12	2	18321256	1.0916282158821426e-07
7	straight	mask_19e6	1,2,5,6,7,8,11,12	64	18321256	3.4932102908228562e-06
7	straight	mask_19e9	0,3,5,6,7,8,11,12	1	18321256	5.4581410794107128e-08
7	straight	mask_19ea	1,3,5,6,7,8,11,12	1	18321256	5.4581410794107128e-08
7	straight	mask_19ec	2,3,5,6,7,8,11,12	7	18321256	3.8206987555874989e-07
7	straight	mask_19f1	0,4,5,6,7,8,11,12	20	18321256	1.0916282158821425e-06
7	straight	mask_19f2	1,4,5,6,7,8,11,12	19	18321256	1.0370468050880354e-06
7	straight	mask_19f4	2,4,5,6,7,8,11,12	9	18321256	4.9123269714696411e-07
7	straight	mask_19f8	3,4,5,6,7,8,11,12	2	18321256	1.0916282158821426e-07
7	straight	mask_1a1f	0,1,2,3,4,9,11,12	621	18321256	3.3895056103140525e-05
7	straight	mask_1a2f	0,1,2,3,5,9,11,12	30	18321256	1.6374423238232138e-06
7	straight	mask_1a37	0,1,2,4,5,9,11,12	70	18321256	3.820698755587499e-06
7	straight	mask_1a3b	0,1,3,4,5,9,11,12	10	18321256	5.4581410794107124e-07
7	straight	mask_1a3d	0,2,3,4,5,9,11,12	11	18321256	6.0039551873517838e-07
7	straight	mask_1a3e	1,2,3,4,5,9,11,12	36	18321256	1.9649307885878564e-06
7	straight	mask_1a4f	0,1,2,3,6,9,11,12	8	18321256	4.3665128635285703e-07
7	straight	mask_1a57	0,1,2,4,6,9,11,12	10	18321256	5.4581410794107124e-07
7	straight	mask_1a5b	0,1,3,4,6,9,11,12	2	18321256	1.0916282158821426e-07
7	straight	mask_1a5e	1,2,3,4,6,9,11,12	7	18321256	3.8206987555874989e-07
7	straight	mask_1a67	0,1,2,5,6,9,11,12	66	18321256	3.6023731124110705e-06
7	straight	mask_1a6b	0,1,3,5,6,9,11,12	5	18321256	2.7290705397053562e-07
7	straight	mask_1a6d	0,2,3,5,6,9,11,12	12	18321256	6.5497692952928551e-07
7	straight	mask_1a6e	1,2,3,5,6,9,11,12	25	18321256	1.3645352698526782e-06
7	straight	mask_1a73	0,1,4,5,6,9,11,12	109	18321256	5.9493737765576771e-06
7	straight	mask_1a75	0,2,4,5,6,9,11,12	37	18321256	2.0195121993819638e-06
7	straight	mask_1a76	1,2,4,5,6,9,11,12	80	18321256	4.36651286352857e-06
7	straight	mask_1a79	0,3,4,5,6,9,11,12	1	18321256	5.4581410794107128e-08
7	straight	mask_1a7a	1,3,4,5,6,9,11,12	5	18321256	2.7290705397053562e-07
7	straight	mask_1a7c	2,3,4,5,6,9,11,12	6	18321256	3.2748846476464276e-07
7	straight	mask_1a8f	0,1,2,3,7,9,11,12	4	18321256	2.1832564317642851e-07
7	straight	mask_1a9e	1,2,3,4,7,9,11,12	2	18321256	1.0916282158821426e-07
7	straight	mask_1aa7	0,1,2,5,7,9,11,12	2	18321256	1.0916282158821426e-07
7	straight	mask_1aad	0,2,3,5,7,9,11,12	1	18321256	5.4581410794107128e-08
7	straight	mask_1aae	1,2,3,5,7,9,11,12	3	18321256	1.6374423238232138e-07
7	straight	mask_1ab3	0,1,4,5,7,9,11,12	5	18321256	2.7290705397053562e-07
7	straight	mask_1ab5	0,2,4,5,7,9,11,12	2	18321256	1.0916282158821426e-07
7	straight	mask_1ab6	1,2,4,5,7,9,11,12	4	18321256	2.1832564317642851e-07
7	straight	mask_1abc	2,3,4,5,7,9,11,12	1	18321256	5.4581410794107128e-08
7	straight	mask_1ac7	0,1,2,6,7,9,11,12	13	18321256	7.0955834032339265e-07
7	straight	mask_1acb	0,1,3,6,7,9,11,12	1	18321256	5.4581410794107128e-08
7	straight	mask_1acd	0,2,3,6,7,9,11,12	1	18321256	5.4581410794107128e-08
7	straight	mask_1ace	1,2,3,6,7,9,11,12	4	18321256	2.1832564317642851e-07
7	straight	mask_1ad6	1,2,4,6,7,9,11,12	5	18321256	2.7290705397053562e-07
7	straight	mask_1ada	1,3,4,6,7,9,11,12	4	18321256	2.1832564317642851e-07
7	straight	mask_1adc	2,3,4,6,7,9,11,12	1	18321256	5.4581410794107128e-08
7	straight	mask_1ae3	0,1,5,6,7,9,11,12	16	18321256	8.7330257270571405e-07
7	straight	mask_1ae5	0,2,5,6,7,9,11,12	13	18321256	7.0955834032339265e-07
7	straight	mask_1ae6	1,2,5,6,7,9,11,12	99	18321256	5.4035596686166062e-06
7	straight	mask_1aea	1,3,5,6,7,9,11,12	4	18321256	2.1832564317642851e-07
7	straight	mask_1af1	0,4,5,6,7,9,11,12	8	18321256	4.3665128635285703e-07
7	straight	mask_1af2	1,4,5,6,7,9,11,12	11	18321256	6.0039551873517838e-07
7	straight	mask_1af4	2,4,5,6,7,9,11,12	30	18321256	1.6374423238232138e-06
7	straight	mask_1af8	3,4,5,6,7,9,11,12	4	18321256	2.1832564317642851e-07
7	straight	mask_1b17	0,1,2,4,8,9,11,12	124	18321256	6.7680949384692839e-06
7	straight	mask_1b1b	0,1,3,4,8,9,11,12	2	18321256	1.0916282158821426e-07
7	straight	mask_1b1e	1,2,3,4,8,9,11,12	2	18321256	1.0916282158821426e-07
7	straight	mask_1b27	0,1,2,5,8,9,11,12	16	18321256	8.7330257270571405e-07
7	straight	mask_1b2b	0,1,3,5,8,9,11,12	1	18321256	5.4581410794107128e-08
7	straight	mask_1b2d	0,2,3,5,8,9,11,12	1	18321256	5.4581410794107128e-08
7	straight	mask_1b2e	1,2,3,5,8,9,11,12	2	18321256	1.0916282158821426e-07
7	straight	mask_1b33	0,1,4,5,8,9,11,12	21051	18321256	0.0011489932786267491
7	straight	mask_1b35	0,2,4,5,8,9,11,12	239	18321256	1.3044957179791603e-05
7	straight	mask_1b36	1,2,4,5,8,9,11,12	131	18321256	7.1501648140280336e-06
7	straight	mask_1b39	0,3,4,5,8,9,11,12	3	18321256	1.6374423238232138e-07
7	straight	mask_1b3a	1,3,4,5,8,9,11,12	14	18321256	7.6413975111749978e-07
7	straight	mask_1b3c	2,3,4,5,8,9,11,12	5	18321256	2.7290705397053562e-07
7	straight	mask_1b47	0,1,2,6,8,9,11,12	7	18321256	3.8206987555874989e-07
7	straight	mask_1b4b	0,1,3,6,8,9,11,12	1	18321256	5.4581410794107128e-08
7	straight	mask_1b4e	1,2,3,6,8,9,11,12	1	18321256	5.4581410794107128e-08
7	straight	mask_1b53	0,1,4,6,8,9,11,12	1403	18321256	7.6577719344132297e-05
7	straight	mask_1b55	0,2,4,6,8,9,11,12	24	18321256	1.309953859058571e-06
7	straight	mask_1b56	1,2,4,6,8,9,11,12	8	18321256	4.3665128635285703e-07
7	straight	mask_1b5a	1,3,4,6,8,9,11,12	2	18321256	1.0916282158821426e-07
7	straight	mask_1b63	0,1,5,6,8,9,11,12	152	18321256	8.2963744407042828e-06
7	straight	mask_1b65	0,2,5,6,8,9,11,12	27	18321256	1.4736980914408924e-06
7	straight	mask_1b66	1,2,5,6,8,9,11,12	166	18321256	9.060514191821784e-06
7	straight	mask_1b6a	1,3,5,6,8,9,11,12	5	18321256	2.7290705397053562e-07
7	straight	mask_1b6c	2,3,5,6,8,9,11,12	12	18321256	6.5497692952928551e-07
7	straight	mask_1b72	1,4,5,6,8,9,11,12	543	18321256	2.9637706061200172e-05
7	straight	mask_1b74	2,4,5,6,8,9,11,12	81	18321256	4.4210942743226773e-06
7	straight	mask_1b78	3,4,5,6,8,9,11,12	6	18321256	3.2748846476464276e-07
7	straight	mask_1b87	0,1,2,7,8,9,11,12	2	18321256	1.0916282158821426e-07
7	straight	mask_1ba3	0,1,5,7,8,9,11,12	2	18321256	1.0916282158821426e-07
7	straight	mask_1ba5	0,2,5,7,8,9,11,12	2	18321256	1.0916282158821426e-07
7	straight	mask_1ba6	1,2,5,7,8,9,11,12	3	18321256	1.6374423238232138e-07
7	straight	mask_1bb1	0,4,5,7,8,9,11,12	1	18321256	5.4581410794107128e-08
7	straight	mask_1bb2	1,4,5,7,8,9,11,12	3	18321256	1.6374423238232138e-07
7	straight	mask_1bb4	2,4,5,7,8,9,11,12	2	18321256	1.0916282158821426e-07
7	straight	mask_1bc3	0,1,6,7,8,9,11,12	3	18321256	1.6374423238232138e-07
7	straight	mask_1bc5	0,2,6,7,8,9,11,12	1	18321256	5.4581410794107128e-08
7	straight	mask_1bc6	1,2,6,7,8,9,11,12	4	18321256	2.1832564317642851e-07
7	straight	mask_1bcc	2,3,6,7,8,9,11,12	7	18321256	3.8206987555874989e-07
7	straight	mask_1bd1	0,4,6,7,8,9,11,12	4	18321256	2.1832564317642851e-07
7	straight	mask_1bd2	1,4,6,7,8,9,11,12	3	18321256	1.6374423238232138e-07
7	straight	mask_1bd4	2,4,6,7,8,9,11,12	4	18321256	2.1832564317642851e-07
7	straight	mask_1be1	0,5,6,7,8,9,11,12	17	18321256	9.2788398349982119e-07
7	straight	mask_1be2	1,5,6,7,8,9,11,12	22	18321256	1.2007910374703568e-06
7	straight	mask_1be4	2,5,6,7,8,9,11,12	73	18321256	3.9844429879698202e-06
7	straight	mask_1c1f	0,1,2,3,4,10,11,12	123	18321256	6.7135135276751765e-06
7	straight	mask_1c2f	0,1,2,3,5,10,11,12	6	18321256	3.2748846476464276e-07
7	straight	mask_1c37	0,1,2,4,5,10,11,12	11	18321256	6.0039551873517838e-07
7	straight	mask_1c3b	0,1,3,4,5,10,11,12	3	18321256	1.6374423238232138e-07
7	straight	mask_1c3d	0,2,3,4,5,10,11,12	2	18321256	1.0916282158821426e-07
7	straight	mask_1c3e	1,2,3,4,5,10,11,12	16	18321256	8.7330257270571405e-07
7	straight	mask_1c4f	0,1,2,3,6,10,11,12	4	18321256	2.1832564317642851e-07
7	straight	mask_1c57	0,1,2,4,6,10,11,12	1	18321256	5.4581410794107128e-08
7	straight	mask_1c5d	0,2,3,4,6,10,11,12	1	18321256	5.4581410794107128e-08
7	straight	mask_1c5e	1,2,3,4,6,10,11,12	1	18321256	5.4581410794107128e-08
7	straight	mask_1c67	0,1,2,5,6,10,11,12	24	18321256	1.309953859058571e-06
7	straight	mask_1c6b	0,1,3,5,6,10,11,12	5	18321256	2.7290705397053562e-07
7	straight	mask_1c6d	0,2,3,5,6,10,11,12	3	18321256	1.6374423238232138e-07
7	straight	mask_1c6e	1,2,3,5,6,10,11,12	100	18321256	5.4581410794107127e-06
7	straight	mask_1c73	0,1,4,5,6,10,11,12	24	18321256	1.309953859058571e-06
7	straight	mask_1c75	0,2,4,5,6,10,11,12	6	18321256	3.2748846476464276e-07
7	straight	mask_1c76	1,2,4,5,6,10,11,12	51	18321256	2.7836519504994637e-06
7	straight	mask_1c7a	1,3,4,5,6,10,11,12	9	18321256	4.9123269714696411e-07
7	straight	mask_1c7c	2,3,4,5,6,10,11,12	15	18321256	8.1872116191160692e-07
7	straight	mask_1c8f	0,1,2,3,7,10,11,12	3	18321256	1.6374423238232138e-07
7	straight	mask_1c9b	0,1,3,4,7,10,11,12	1	18321256	5.4581410794107128e-08
7	straight	mask_1c9e	1,2,3,4,7,10,11,12	1	18321256	5.4581410794107128e-08
7	straight	mask_1ca7	0,1,2,5,7,10,11,12	4	18321256	2.1832564317642851e-07
7	straight	mask_1cab	0,1,3,5,7,10,11,12	1	18321256	5.4581410794107128e-08
7	straight	mask_1cad	0,2,3,5,7,10,11,12	2	18321256	1.0916282158821426e-07
7	straight	mask_1cae	1,2,3,5,7,10,11,12	7	18321256	3.8206987555874989e-07
7	straight	mask_1cb3	0,1,4,5,7,10,11,12	3	18321256	1.6374423238232138e-07
7	straight	mask_1cb5	0,2,4,5,7,10,11,12	1	18321256	5.4581410794107128e-08
7	straight	mask_1cb6	1,2,4,5,7,10,11,12	4	18321256	2.1832564317642851e-07
7	straight	mask_1cc7	0,1,2,6,7,10,11,12	9	18321256	4.9123269714696411e-07
7	straight	mask_1ccb	0,1,3,6,7,10,11,12	3	18321256	1.6374423238232138e-07
7	straight	mask_1ccd	0,2,3,6,7,10,11,12	6	18321256	3.2748846476464276e-07
7	straight	mask_1cd3	0,1,4,6,7,10,11,12	1	18321256	5.4581410794107128e-08
7	straight	mask_1cd6	1,2,4,6,7,10,11,12	12	18321256	6.5497692952928551e-07
7	straight	mask_1cda	1,3,4,6,7,10,11,12	7	18321256	3.8206987555874989e-07
7	straight	mask_1cdc	2,3,4,6,7,10,11,12	3	18321256	1.6374423238232138e-07
7	straight	mask_1ce3	0,1,5,6,7,10,11,12	71	18321256	3.8752801663816064e-06
7	straight	mask_1ce5	0,2,5,6,7,10,11,12	21	18321256	1.1462096266762496e-06
7	straight	mask_1ce6	1,2,5,6,7,10,11,12	130	18321256	7.0955834032339271e-06
7	straight	mask_1ce9	0,3,5,6,7,10,11,12	11	18321256	6.0039551873517838e-07
7	straight	mask_1cf1	0,4,5,6,7,10,11,12	9	18321256	4.9123269714696411e-07
7	straight	mask_1cf2	1,4,5,6,7,10,11,12	45	18321256	2.4561634857348209e-06
7	straight	mask_1cf4	2,4,5,6,7,10,11,12	19	18321256	1.0370468050880354e-06
7	straight	mask_1cf8	3,4,5,6,7,10,11,12	4	18321256	2.1832564317642851e-07
7	straight	mask_1d17	0,1,2,4,8,10,11,12	59	18321256	3.2203032368523208e-06
7	straight	mask_1d1e	1,2,3,4,8,10,11,12	5	18321256	2.7290705397053562e-07
7	straight	mask_1d27	0,1,2,5,8,10,11,12	13	18321256	7.0955834032339265e-07
7	straight	mask_1d2b	0,1,3,5,8,10,11,12	1	18321256	5.4581410794107128e-08
7	straight	mask_1d2e	1,2,3,5,8,10,11,12	4	18321256	2.1832564317642851e-07
7	straight	mask_1d33	0,1,4,5,8,10,11,12	4932	18321256	0.00026919551803653637
7	straight	mask_1d35	0,2,4,5,8,10,11,12	21	18321256	1.1462096266762496e-06
7	straight	mask_1d36	1,2,4,5,8,10,11,12	35	18321256	1.9103493777937495e-06
7	straight	mask_1d3a	1,3,4,5,8,10,11,12	9	18321256	4.9123269714696411e-07
7	straight	mask_1d3c	2,3,4,5,8,10,11,12	1	18321256	5.4581410794107128e-08
7	straight	mask_1d53	0,1,4,6,8,10,11,12	218	18321256	1.1898747553115354e-05
7	straight	mask_1d55	0,2,4,6,8,10,11,12	1	18321256	5.4581410794107128e-08
7	straight	mask_1d56	1,2,4,6,8,10,11,12	2	18321256	1.0916282158821426e-07
7	straight	mask_1d5a	1,3,4,6,8,10,11,12	3	18321256	1.6374423238232138e-07
7	straight	mask_1d63	0,1,5,6,8,10,11,12	32	18321256	1.7466051454114281e-06
7	straight	mask_1d65	0,2,5,6,8,10,11,12	6	18321256	3.2748846476464276e-07
7	straight	mask_1d66	1,2,5,6,8,10,11,12	100	18321256	5.4581410794107127e-06
7	straight	mask_1d6a	1,3,5,6,8,10,11,12	8	18321256	4.3665128635285703e-07
7	straight	mask_1d6c	2,3,5,6,8,10,11,12	5	18321256	2.7290705397053562e-07
7	straight	mask_1d72	1,4,5,6,8,10,11,12	134	18321256	7.3139090464103557e-06
7	straight	mask_1d74	2,4,5,6,8,10,11,12	17	18321256	9.2788398349982119e-07
7	straight	mask_1d78	3,4,5,6,8,10,11,12	1	18321256	5.4581410794107128e-08
7	straight	mask_1d93	0,1,4,7,8,10,11,12	2	18321256	1.0916282158821426e-07
7	straight	mask_1d96	1,2,4,7,8,10,11,12	5	18321256	2.7290705397053562e-07
7	straight	mask_1da3	0,1,5,7,8,10,11,12	1	18321256	5.4581410794107128e-08
7	straight	mask_1da5	0,2,5,7,8,10,11,12	2	18321256	1.0916282158821426e-07
7	straight	mask_1da6	1,2,5,7,8,10,11,12	4	18321256	2.1832564317642851e-07
7	straight	mask_1daa	1,3,5,7,8,10,11,12	2	18321256	1.0916282158821426e-07
7	straight	mask_1db2	1,4,5,7,8,10,11,12	4	18321256	2.1832564317642851e-07
7	straight	mask_1db4	2,4,5,7,8,10,11,12	4	18321256	2.1832564317642851e-07
7	straight	mask_1dc3	0,1,6,7,8,10,11,12	1	18321256	5.4581410794107128e-08
7	straight	mask_1dc6	1,2,6,7,8,10,11,12	2	18321256	1.0916282158821426e-07
7	straight	mask_1dca	1,3,6,7,8,10,11,12	2	18321256	1.0916282158821426e-07
7	straight	mask_1dcc	2,3,6,7,8,10,11,12	2	18321256	1.0916282158821426e-07
7	straight	mask_1dd2	1,4,6,7,8,10,11,12	8	18321256	4.3665128635285703e-07
7	straight	mask_1de1	0,5,6,7,8,10,11,12	10	18321256	5.4581410794107124e-07
7	straight	mask_1de2	1,5,6,7,8,10,11,12	65	18321256	3.5477917016169636e-06
7	straight	mask_1de4	2,5,6,7,8,10,11,12	33	18321256	1.8011865562055352e-06
7	straight	mask_1e17	0,1,2,4,9,10,11,12	19	18321256	1.0370468050880354e-06
7	straight	mask_1e1d	0,2,3,4,9,10,11,12	2	18321256	1.0916282158821426e-07
7	straight	mask_1e1e	1,2,3,4,9,10,11,12	8	18321256	4.3665128635285703e-07
7	straight	mask_1e27	0,1,2,5,9,10,11,12	19	18321256	1.0370468050880354e-06
7	straight	mask_1e2d	0,2,3,5,9,10,11,12	5	18321256	2.7290705397053562e-07
7	straight	mask_1e2e	1,2,3,5,9,10,11,12	13	18321256	7.0955834032339265e-07
7	straight	mask_1e33	0,1,4,5,9,10,11,12	314	18321256	1.7138562989349639e-05
7	straight	mask_1e35	0,2,4,5,9,10,11,12	31	18321256	1.692023734617321e-06
7	straight	mask_1e36	1,2,4,5,9,10,11,12	116	18321256	6.3314436521164268e-06
7	straight	mask_1e39	0,3,4,5,9,10,11,12	2	18321256	1.0916282158821426e-07
7	straight	mask_1e3a	1,3,4,5,9,10,11,12	11	18321256	6.0039551873517838e-07
7	straight	mask_1e3c	2,3,4,5,9,10,11,12	3	18321256	1.6374423238232138e-07
7	straight	mask_1e47	0,1,2,6,9,10,11,12	3	18321256	1.6374423238232138e-07
7	straight	mask_1e53	0,1,4,6,9,10,11,12	9	18321256	4.9123269714696411e-07
7	straight	mask_1e55	0,2,4,6,9,10,11,12	11	18321256	6.0039551873517838e-07
7	straight	mask_1e56	1,2,4,6,9,10,11,12	9	18321256	4.9123269714696411e-07
7	straight	mask_1e5a	1,3,4,6,9,10,11,12	3	18321256	1.6374423238232138e-07
7	straight	mask_1e63	0,1,5,6,9,10,11,12	136	18321256	7.4230718679985695e-06
7	straight	mask_1e65	0,2,5,6,9,10,11,12	52	18321256	2.8382333612935706e-06
7	straight	mask_1e66	1,2,5,6,9,10,11,12	460	18321256	2.5107448965289278e-05
7	straight	mask_1e69	0,3,5,6,9,10,11,12	8	18321256	4.3665128635285703e-07
7	straight	mask_1e6a	1,3,5,6,9,10,11,12	14	18321256	7.6413975111749978e-07
7	straight	mask_1e72	1,4,5,6,9,10,11,12	424	18321256	2.3142518176701424e-05
7	straight	mask_1e74	2,4,5,6,9,10,11,12	171	18321256	9.333421245792319e-06
7	straight	mask_1e78	3,4,5,6,9,10,11,12	10	18321256	5.4581410794107124e-07
7	straight	mask_1e87	0,1,2,7,9,10,11,12	1	18321256	5.4581410794107128e-08
7	straight	mask_1e8d	0,2,3,7,9,10,11,12	1	18321256	5.4581410794107128e-08
7	straight	mask_1e9c	2,3,4,7,9,10,11,12	1	18321256	5.4581410794107128e-08
7	straight	mask_1ea3	0,1,5,7,9,10,11,12	11	18321256	6.0039551873517838e-07
7	straight	mask_1ea5	0,2,5,7,9,10,11,12	2	18321256	1.0916282158821426e-07
7	straight	mask_1ea6	1,2,5,7,9,10,11,12	11	18321256	6.0039551873517838e-07
7	straight	mask_1eb2	1,4,5,7,9,10,11,12	20	18321256	1.0916282158821425e-06
7	straight	mask_1eb4	2,4,5,7,9,10,11,12	14	18321256	7.6413975111749978e-07
7	straight	mask_1ec3	0,1,6,7,9,10,11,12	41	18321256	2.2378378425583923e-06
7	straight	mask_1ec5	0,2,6,7,9,10,11,12	10	18321256	5.4581410794107124e-07
7	straight	mask_1ec9	0,3,6,7,9,10,11,12	2	18321256	1.0916282158821426e-07
7	straight	mask_1ed2	1,4,6,7,9,10,11,12	21	18321256	1.1462096266762496e-06
7	straight	mask_1ed4	2,4,6,7,9,10,11,12	17	18321256	9.2788398349982119e-07
7	straight	mask_1ee1	0,5,6,7,9,10,11,12	75	18321256	4.0936058095580349e-06
7	straight	mask_1f13	0,1,4,8,9,10,11,12	4175	18321256	0.00022787739006539727
7	straight	mask_1f15	0,2,4,8,9,10,11,12	35	18321256	1.9103493777937495e-06
7	straight	mask_1f16	1,2,4,8,9,10,11,12	9	18321256	4.9123269714696411e-07
7	straight	mask_1f19	0,3,4,8,9,10,11,12	1	18321256	5.4581410794107128e-08
7	straight	mask_1f1a	1,3,4,8,9,10,11,12	2	18321256	1.0916282158821426e-07
7	straight	mask_1f1c	2,3,4,8,9,10,11,12	1	18321256	5.4581410794107128e-08
7	straight	mask_1f23	0,1,5,8,9,10,11,12	155	18321256	8.4601186730866049e-06
7	straight	mask_1f25	0,2,5,8,9,10,11,12	9	18321256	4.9123269714696411e-07
7	straight	mask_1f26	1,2,5,8,9,10,11,12	42	18321256	2.2924192533524992e-06
7	straight	mask_1f2a	1,3,5,8,9,10,11,12	3	18321256	1.6374423238232138e-07
7	straight	mask_1f2c	2,3,5,8,9,10,11,12	4	18321256	2.1832564317642851e-07
7	straight	mask_1f32	1,4,5,8,9,10,11,12	1404	18321256	7.663230075492641e-05
7	straight	mask_1f34	2,4,5,8,9,10,11,12	71	18321256	3.8752801663816064e-06
7	straight	mask_1f43	0,1,6,8,9,10,11,12	3	18321256	1.6374423238232138e-07
7	straight	mask_1f45	0,2,6,8,9,10,11,12	1	18321256	5.4581410794107128e-08
7	straight	mask_1f46	1,2,6,8,9,10,11,12	21	18321256	1.1462096266762496e-06
7	straight	mask_1f4a	1,3,6,8,9,10,11,12	3	18321256	1.6374423238232138e-07
7	straight	mask_1f4c	2,3,6,8,9,10,11,12	16	18321256	8.7330257270571405e-07
7	straight	mask_1f52	1,4,6,8,9,10,11,12	58	18321256	3.1657218260582134e-06
7	straight	mask_1f54	2,4,6,8,9,10,11,12	34	18321256	1.8557679669996424e-06
7	straight	mask_1f62	1,5,6,8,9,10,11,12	789	18321256	4.3064733116550525e-05
7	straight	mask_1f64	2,5,6,8,9,10,11,12	351	18321256	1.9158075188731602e-05
7	straight	mask_1f83	0,1,7,8,9,10,11,12	1	18321256	5.4581410794107128e-08
7	straight	mask_1f8a	1,3,7,8,9,10,11,12	1	18321256	5.4581410794107128e-08
7	straight	mask_1f8c	2,3,7,8,9,10,11,12	8	18321256	4.3665128635285703e-07
7	straight	mask_1f92	1,4,7,8,9,10,11,12	1	18321256	5.4581410794107128e-08
7	straight	mask_1f94	2,4,7,8,9,10,11,12	2	18321256	1.0916282158821426e-07
7	straight	mask_1fa2	1,5,7,8,9,10,11,12	41	18321256	2.2378378425583923e-06
7	straight	mask_1fa4	2,5,7,8,9,10,11,12	10	18321256	5.4581410794107124e-07
7	straight	mask_1fc2	1,6,7,8,9,10,11,12	32	18321256	1.7466051454114281e-06
7	straight	mask_1fc4	2,6,7,8,9,10,11,12	47	18321256	2.5653263073230351e-06
7	straight	mask_20bf	0,1,2,3,4,5,7,13	2259	18321256	0.000123299406983888
7	straight	mask_20df	0,1,2,3,4,6,7,13	1908	18321256	0.0001041413317951564
7	straight	mask_20f7	0,1,2,4,5,6,7,13	1335	18321256	7.2866183410133018e-05
7	straight	mask_20fb	0,1,3,4,5,6,7,13	67	18321256	3.6569545232051778e-06
7	straight	mask_20fd	0,2,3,4,5,6,7,13	81	18321256	4.4210942743226773e-06
7	straight	mask_20fe	1,2,3,4,5,6,7,13	550	18321256	3.0019775936758922e-05
7	straight	mask_219f	0,1,2,3,4,7,8,13	201	18321256	1.0970863569615533e-05
7	straight	mask_21af	0,1,2,3,5,7,8,13	4759	18321256	0.00025975293396915584
7	straight	mask_21b7	0,1,2,4,5,7,8,13	172	18321256	9.3880026565864264e-06
7	straight	mask_21bb	0,1,3,4,5,7,8,13	5	18321256	2.7290705397053562e-07
7	straight	mask_21bd	0,2,3,4,5,7,8,13	40	18321256	2.183256431764285e-06
7	straight	mask_21be	1,2,3,4,5,7,8,13	55	18321256	3.0019775936758922e-06
7	straight	mask_21cf	0,1,2,3,6,7,8,13	5368	18321256	0.00029299301314276706
7	straight	mask_21d7	0,1,2,4,6,7,8,13	67	18321256	3.6569545232051778e-06
7	straight	mask_21db	0,1,3,4,6,7,8,13	10	18321256	5.4581410794107124e-07
7	straight	mask_21dd	0,2,3,4,6,7,8,13	2	18321256	1.0916282158821426e-07
7	straight	mask_21de	1,2,3,4,6,7,8,13	52	18321256	2.8382333612935706e-06
7	straight	mask_21e7	0,1,2,5,6,7,8,13	906	18321256	4.9450758179461056e-05
7	straight	mask_21eb	0,1,3,5,6,7,8,13	40	18321256	2.183256431764285e-06
7	straight	mask_21ed	0,2,3,5,6,7,8,13	79	18321256	4.3119314527344635e-06
7	straight	mask_21ee	1,2,3,5,6,7,8,13	160	18321256	8.7330257270571399e-06
7	straight	mask_21f3	0,1,4,5,6,7,8,13	299	18321256	1.6319841827438031e-05
7	straight	mask_21f5	0,2,4,5,6,7,8,13	170	18321256	9.2788398349982117e-06
7	straight	mask_21f6	1,2,4,5,6,7,8,13	626	18321256	3.416796315711106e-05
7	straight	mask_21f9	0,3,4,5,6,7,8,13	25	18321256	1.3645352698526782e-06
7	straight	mask_21fa	1,3,4,5,6,7,8,13	36	18321256	1.9649307885878564e-06
7	straight	mask_21fc	2,3,4,5,6,7,8,13	28	18321256	1.5282795022349996e-06
7	straight	mask_229f	0,1,2,3,4,7,9,13	503	18321256	2.7454449629435885e-05
7	straight	mask_22bb	0,1,3,4,5,7,9,13	5	18321256	2.7290705397053562e-07
7	straight	mask_22bd	0,2,3,4,5,7,9,13	48	18321256	2.6199077181171421e-06
7	straight	mask_22be	1,2,3,4,5,7,9,13	99	18321256	5.4035596686166062e-06
7	straight	mask_22d7	0,1,2,4,6,7,9,13	89	18321256	4.8577455606755344e-06
7	straight	mask_22db	0,1,3,4,6,7,9,13	16	18321256	8.7330257270571405e-07
7	straight	mask_22dd	0,2,3,4,6,7,9,13	12	18321256	6.5497692952928551e-07
7	straight	mask_22de	1,2,3,4,6,7,9,13	83	18321256	4.530257095910892e-06
7	straight	mask_22f3	0,1,4,5,6,7,9,13	223	18321256	1.2171654607085889e-05
7	straight	mask_22f5	0,2,4,5,6,7,9,13	522	18321256	2.849149643452392e-05
7	straight	mask_22f6	1,2,4,5,6,7,9,13	1053	18321256	5.7474225566194804e-05
7	straight	mask_22f9	0,3,4,5,6,7,9,13	47	18321256	2.5653263073230351e-06
7	straight	mask_22fa	1,3,4,5,6,7,9,13	132	18321256	7.204746224822141e-06
7	straight	mask_22fc	2,3,4,5,6,7,9,13	218	18321256	1.1898747553115354e-05
7	straight	mask_238f	0,1,2,3,7,8,9,13	87	18321256	4.7485827390873205e-06
7	straight	mask_239b	0,1,3,4,7,8,9,13	1	18321256	5.4581410794107128e-08
7	straight	mask_239d	0,2,3,4,7,8,9,13	2	18321256	1.0916282158821426e-07
7	straight	mask_239e	1,2,3,4,7,8,9,13	15	18321256	8.1872116191160692e-07
7	straight	mask_23ab	0,1,3,5,7,8,9,13	2	18321256	1.0916282158821426e-07
7	straight	mask_23ad	0,2,3,5,7,8,9,13	27	18321256	1.4736980914408924e-06
7	straight	mask_23ae	1,2,3,5,7,8,9,13	28	18321256	1.5282795022349996e-06
7	straight	mask_23b9	0,3,4,5,7,8,9,13	2	18321256	1.0916282158821426e-07
7	straight	mask_23ba	1,3,4,5,7,8,9,13	8	18321256	4.3665128635285703e-07
7	straight	mask_23bc	2,3,4,5,7,8,9,13	19	18321256	1.0370468050880354e-06
7	straight	mask_23c7	0,1,2,6,7,8,9,13	55	18321256	3.0019775936758922e-06
7	straight	mask_23cb	0,1,3,6,7,8,9,13	7	18321256	3.8206987555874989e-07
7	straight	mask_23cd	0,2,3,6,7,8,9,13	11	18321256	6.0039551873517838e-07
7	straight	mask_23ce	1,2,3,6,7,8,9,13	44	18321256	2.4015820749407135e-06
7	straight	mask_23d6	1,2,4,6,7,8,9,13	36	18321256	1.9649307885878564e-06
7	straight	mask_23d9	0,3,4,6,7,8,9,13	7	18321256	3.8206987555874989e-07
7	straight	mask_23da	1,3,4,6,7,8,9,13	24	18321256	1.309953859058571e-06
7	straight	mask_23dc	2,3,4,6,7,8,9,13	15	18321256	8.1872116191160692e-07
7	straight	mask_23e5	0,2,5,6,7,8,9,13	123	18321256	6.7135135276751765e-06
7	straight	mask_23e6	1,2,5,6,7,8,9,13	516	18321256	2.8164007969759279e-05
7	straight	mask_23e9	0,3,5,6,7,8,9,13	37	18321256	2.0195121993819638e-06
7	straight	mask_23ea	1,3,5,6,7,8,9,13	63	18321256	3.4386288800287493e-06
7	straight	mask_23ec	2,3,5,6,7,8,9,13	110	18321256	6.0039551873517844e-06
7	straight	mask_249f	0,1,2,3,4,7,10,13	42	18321256	2.2924192533524992e-06
7	straight	mask_24b7	0,1,2,4,5,7,10,13	34	18321256	1.8557679669996424e-06
7	straight	mask_24bb	0,1,3,4,5,7,10,13	2	18321256	1.0916282158821426e-07
7	straight	mask_24bd	0,2,3,4,5,7,10,13	8	18321256	4.3665128635285703e-07
7	straight	mask_24be	1,2,3,4,5,7,10,13	22	18321256	1.2007910374703568e-06
7	straight	mask_24d7	0,1,2,4,6,7,10,13	20	18321256	1.0916282158821425e-06
7	straight	mask_24db	0,1,3,4,6,7,10,13	2	18321256	1.0916282158821426e-07
7	straight	mask_24dd	0,2,3,4,6,7,10,13	2	18321256	1.0916282158821426e-07
7	straight	mask_24de	1,2,3,4,6,7,10,13	40	18321256	2.183256431764285e-06
7	straight	mask_24f3	0,1,4,5,6,7,10,13	118	18321256	6.4406064737046415e-06
7	straight	mask_24f5	0,2,4,5,6,7,10,13	50	18321256	2.7290705397053563e-06
7	straight	mask_24f6	1,2,4,5,6,7,10,13	536	18321256	2.9255636185641423e-05
7	straight	mask_24f9	0,3,4,5,6,7,10,13	10	18321256	5.4581410794107124e-07
7	straight	mask_24fa	1,3,4,5,6,7,10,13	133	18321256	7.2593276356162483e-06
7	straight	mask_24fc	2,3,4,5,6,7,10,13	101	18321256	5.51272249020482e-06
7	straight	mask_258f	0,1,2,3,7,8,10,13	16	18321256	8.7330257270571405e-07
7	straight	mask_25a7	0,1,2,5,7,8,10,13	7	18321256	3.8206987555874989e-07
7	straight	mask_25ad	0,2,3,5,7,8,10,13	2	18321256	1.0916282158821426e-07
7	straight	mask_25ae	1,2,3,5,7,8,10,13	5	18321256	2.7290705397053562e-07
7	straight	mask_25b6	1,2,4,5,7,8,10,13	5	18321256	2.7290705397053562e-07
7	straight	mask_25ba	1,3,4,5,7,8,10,13	1	18321256	5.4581410794107128e-08
7	straight	mask_25c7	0,1,2,6,7,8,10,13	11	18321256	6.0039551873517838e-07
7	straight	mask_25cb	0,1,3,6,7,8,10,13	3	18321256	1.6374423238232138e-07
7	straight	mask_25cd	0,2,3,6,7,8,10,13	4	18321256	2.1832564317642851e-07
7	straight	mask_25ce	1,2,3,6,7,8,10,13	12	18321256	6.5497692952928551e-07
7	straight	mask_25d3	0,1,4,6,7,8,10,13	3	18321256	1.6374423238232138e-07
7	straight	mask_25d5	0,2,4,6,7,8,10,13	1	18321256	5.4581410794107128e-08
7	straight	mask_25d6	1,2,4,6,7,8,10,13	7	18321256	3.8206987555874989e-07
7	straight	mask_25da	1,3,4,6,7,8,10,13	1	18321256	5.4581410794107128e-08
7	straight	mask_25dc	2,3,4,6,7,8,10,13	1	18321256	5.4581410794107128e-08
7	straight	mask_25e3	0,1,5,6,7,8,10,13	73	18321256	3.9844429879698202e-06
7	straight	mask_25e5	0,2,5,6,7,8,10,13	35	18321256	1.9103493777937495e-06
7	straight	mask_25e6	1,2,5,6,7,8,10,13	131	18321256	7.1501648140280336e-06
7	straight	mask_25e9	0,3,5,6,7,8,10,13	6	18321256	3.2748846476464276e-07
7	straight	mask_25ea	1,3,5,6,7,8,10,13	34	18321256	1.8557679669996424e-06
7	straight	mask_25ec	2,3,5,6,7,8,10,13	16	18321256	8.7330257270571405e-07
7	straight	mask_25f2	1,4,5,6,7,8,10,13	135	18321256	7.3684904572044622e-06
7	straight	mask_25f4	2,4,5,6,7,8,10,13	64	18321256	3.4932102908228562e-06
7	straight	mask_269d	0,2,3,4,7,9,10,13	1	18321256	5.4581410794107128e-08
7	straight	mask_269e	1,2,3,4,7,9,10,13	2	18321256	1.0916282158821426e-07
7	straight	mask_26b9	0,3,4,5,7,9,10,13	2	18321256	1.0916282158821426e-07
7	straight	mask_26ba	1,3,4,5,7,9,10,13	21	18321256	1.1462096266762496e-06
7	straight	mask_26bc	2,3,4,5,7,9,10,13	18	18321256	9.8246539429392822e-07
7	straight	mask_26d3	0,1,4,6,7,9,10,13	26	18321256	1.4191166806467853e-06
7	straight	mask_26d5	0,2,4,6,7,9,10,13	35	18321256	1.9103493777937495e-06
7	straight	mask_26d6	1,2,4,6,7,9,10,13	165	18321256	9.0059327810276766e-06
7	straight	mask_26d9	0,3,4,6,7,9,10,13	25	18321256	1.3645352698526782e-06
7	straight	mask_26da	1,3,4,6,7,9,10,13	64	18321256	3.4932102908228562e-06
7	straight	mask_26dc	2,3,4,6,7,9,10,13	63	18321256	3.4386288800287493e-06
7	straight	mask_26f2	1,4,5,6,7,9,10,13	800	18321256	4.3665128635285701e-05
7	straight	mask_26f4	2,4,5,6,7,9,10,13	1323	18321256	7.2211206480603737e-05
7	straight	mask_2799	0,3,4,7,8,9,10,13	4	18321256	2.1832564317642851e-07
7	straight	mask_279a	1,3,4,7,8,9,10,13	2	18321256	1.0916282158821426e-07
7	straight	mask_279c	2,3,4,7,8,9,10,13	2	18321256	1.0916282158821426e-07
7	straight	mask_27a9	0,3,5,7,8,9,10,13	1	18321256	5.4581410794107128e-08
7	straight	mask_27aa	1,3,5,7,8,9,10,13	11	18321256	6.0039551873517838e-07
7	straight	mask_27ac	2,3,5,7,8,9,10,13	10	18321256	5.4581410794107124e-07
7	straight	mask_27c5	0,2,6,7,8,9,10,13	8	18321256	4.3665128635285703e-07
7	straight	mask_27c6	1,2,6,7,8,9,10,13	122	18321256	6.65893211688107e-06
7	straight	mask_27c9	0,3,6,7,8,9,10,13	5	18321256	2.7290705397053562e-07
7	straight	mask_27ca	1,3,6,7,8,9,10,13	25	18321256	1.3645352698526782e-06
7	straight	mask_27e4	2,5,6,7,8,9,10,13	250	18321256	1.3645352698526782e-05
7	straight	mask_283f	0,1,2,3,4,5,11,13	448	18321256	2.4452472035759993e-05
7	straight	mask_285f	0,1,2,3,4,6,11,13	194	18321256	1.0588793694056783e-05
7	straight	mask_2877	0,1,2,4,5,6,11,13	47	18321256	2.5653263073230351e-06
7	straight	mask_287b	0,1,3,4,5,6,11,13	16	18321256	8.7330257270571405e-07
7	straight	mask_287d	0,2,3,4,5,6,11,13	16	18321256	8.7330257270571405e-07
7	straight	mask_287e	1,2,3,4,5,6,11,13	118	18321256	6.4406064737046415e-06
7	straight	mask_289f	0,1,2,3,4,7,11,13	6	18321256	3.2748846476464276e-07
7	straight	mask_28b7	0,1,2,4,5,7,11,13	6	18321256	3.2748846476464276e-07
7	straight	mask_28bb	0,1,3,4,5,7,11,13	1	18321256	5.4581410794107128e-08
7	straight	mask_28bd	0,2,3,4,5,7,11,13	1	18321256	5.4581410794107128e-08
7	straight	mask_28be	1,2,3,4,5,7,11,13	5	18321256	2.7290705397053562e-07
7	straight	mask_28d7	0,1,2,4,6,7,11,13	2	18321256	1.0916282158821426e-07
7	straight	mask_28de	1,2,3,4,6,7,11,13	5	18321256	2.7290705397053562e-07
7	straight	mask_28f3	0,1,4,5,6,7,11,13	17	18321256	9.2788398349982119e-07
7	straight	mask_28f5	0,2,4,5,6,7,11,13	19	18321256	1.0370468050880354e-06
7	straight	mask_28f6	1,2,4,5,6,7,11,13	145	18321256	7.9143045651455331e-06
7	straight	mask_28f9	0,3,4,5,6,7,11,13	5	18321256	2.7290705397053562e-07
7	straight	mask_28fa	1,3,4,5,6,7,11,13	12	18321256	6.5497692952928551e-07
7	straight	mask_28fc	2,3,4,5,6,7,11,13	36	18321256	1.9649307885878564e-06
7	straight	mask_291f	0,1,2,3,4,8,11,13	3	18321256	1.6374423238232138e-07
7	straight	mask_292f	0,1,2,3,5,8,11,13	2	18321256	1.0916282158821426e-07
7	straight	mask_293e	1,2,3,4,5,8,11,13	4	18321256	2.1832564317642851e-07
7	straight	mask_2967	0,1,2,5,6,8,11,13	21	18321256	1.1462096266762496e-06
7	straight	mask_296d	0,2,3,5,6,8,11,13	1	18321256	5.4581410794107128e-08
7	straight	mask_296e	1,2,3,5,6,8,11,13	7	18321256	3.8206987555874989e-07
7	straight	mask_2975	0,2,4,5,6,8,11,13	9	18321256	4.9123269714696411e-07
7	straight	mask_2976	1,2,4,5,6,8,11,13	28	18321256	1.5282795022349996e-06
7	straight	mask_297a	1,3,4,5,6,8,11,13	3	18321256	1.6374423238232138e-07
7	straight	mask_297c	2,3,4,5,6,8,11,13	3	18321256	1.6374423238232138e-07
7	straight	mask_29ae	1,2,3,5,7,8,11,13	1	18321256	5.4581410794107128e-08
7	straight	mask_29b5	0,2,4,5,7,8,11,13	2	18321256	1.0916282158821426e-07
7	straight	mask_29bc	2,3,4,5,7,8,11,13	1	18321256	5.4581410794107128e-08
7	straight	mask_29e3	0,1,5,6,7,8,11,13	3	18321256	1.6374423238232138e-07
7	straight	mask_29e5	0,2,5,6,7,8,11,13	5	18321256	2.7290705397053562e-07
7	straight	mask_29e6	1,2,5,6,7,8,11,13	12	18321256	6.5497692952928551e-07
7	straight	mask_29ea	1,3,5,6,7,8,11,13	2	18321256	1.0916282158821426e-07
7	straight	mask_29f2	1,4,5,6,7,8,11,13	6	18321256	3.2748846476464276e-07
7	straight	mask_29f4	2,4,5,6,7,8,11,13	5	18321256	2.7290705397053562e-07
7	straight	mask_2a1f	0,1,2,3,4,9,11,13	232	18321256	1.2662887304232854e-05
7	straight	mask_2a3b	0,1,3,4,5,9,11,13	2	18321256	1.0916282158821426e-07
7	straight	mask_2a3d	0,2,3,4,5,9,11,13	2	18321256	1.0916282158821426e-07
7	straight	mask_2a3e	1,2,3,4,5,9,11,13	27	18321256	1.4736980914408924e-06
7	straight	mask_2a57	0,1,2,4,6,9,11,13	10	18321256	5.4581410794107124e-07
7	straight	mask_2a5b	0,1,3,4,6,9,11,13	2	18321256	1.0916282158821426e-07
7	straight	mask_2a5d	0,2,3,4,6,9,11,13	2	18321256	1.0916282158821426e-07
7	straight	mask_2a5e	1,2,3,4,6,9,11,13	3	18321256	1.6374423238232138e-07
7	straight	mask_2a75	0,2,4,5,6,9,11,13	122	18321256	6.65893211688107e-06
7	straight	mask_2a76	1,2,4,5,6,9,11,13	156	18321256	8.5147000838807122e-06
7	straight	mask_2a79	0,3,4,5,6,9,11,13	11	18321256	6.0039551873517838e-07
7	straight	mask_2a7a	1,3,4,5,6,9,11,13	13	18321256	7.0955834032339265e-07
7	straight	mask_2a7c	2,3,4,5,6,9,11,13	49	18321256	2.6744891289112494e-06
7	straight	mask_2a97	0,1,2,4,7,9,11,13	1	18321256	5.4581410794107128e-08
7	straight	mask_2a9d	0,2,3,4,7,9,11,13	1	18321256	5.4581410794107128e-08
7	straight	mask_2a9e	1,2,3,4,7,9,11,13	1	18321256	5.4581410794107128e-08
7	straight	mask_2ab3	0,1,4,5,7,9,11,13	2	18321256	1.0916282158821426e-07
7	straight	mask_2ab5	0,2,4,5,7,9,11,13	13	18321256	7.0955834032339265e-07
7	straight	mask_2ab6	1,2,4,5,7,9,11,13	5	18321256	2.7290705397053562e-07
7	straight	mask_2aba	1,3,4,5,7,9,11,13	1	18321256	5.4581410794107128e-08
7	straight	mask_2abc	2,3,4,5,7,9,11,13	5	18321256	2.7290705397053562e-07
7	straight	mask_2ad3	0,1,4,6,7,9,11,13	1	18321256	5.4581410794107128e-08
7	straight	mask_2ad5	0,2,4,6,7,9,11,13	4	18321256	2.1832564317642851e-07
7	straight	mask_2ad6	1,2,4,6,7,9,11,13	16	18321256	8.7330257270571405e-07
7	straight	mask_2ada	1,3,4,6,7,9,11,13	5	18321256	2.7290705397053562e-07
7	straight	mask_2adc	2,3,4,6,7,9,11,13	13	18321256	7.0955834032339265e-07
7	straight	mask_2af2	1,4,5,6,7,9,11,13	87	18321256	4.7485827390873205e-06
7	straight	mask_2af4	2,4,5,6,7,9,11,13	211	18321256	1.1516677677556604e-05
7	straight	mask_2b0f	0,1,2,3,8,9,11,13	1	18321256	5.4581410794107128e-08
7	straight	mask_2b1d	0,2,3,4,8,9,11,13	1	18321256	5.4581410794107128e-08
7	straight	mask_2b1e	1,2,3,4,8,9,11,13	1	18321256	5.4581410794107128e-08
7	straight	mask_2b2d	0,2,3,5,8,9,11,13	1	18321256	5.4581410794107128e-08
7	straight	mask_2b2e	1,2,3,5,8,9,11,13	1	18321256	5.4581410794107128e-08
7	straight	mask_2b39	0,3,4,5,8,9,11,13	2	18321256	1.0916282158821426e-07
7	straight	mask_2b3a	1,3,4,5,8,9,11,13	11	18321256	6.0039551873517838e-07
7	straight	mask_2b3c	2,3,4,5,8,9,11,13	6	18321256	3.2748846476464276e-07
7	straight	mask_2b47	0,1,2,6,8,9,11,13	5	18321256	2.7290705397053562e-07
7	straight	mask_2b55	0,2,4,6,8,9,11,13	27	18321256	1.4736980914408924e-06
7	straight	mask_2b56	1,2,4,6,8,9,11,13	17	18321256	9.2788398349982119e-07
7	straight	mask_2b59	0,3,4,6,8,9,11,13	1	18321256	5.4581410794107128e-08
7	straight	mask_2b5c	2,3,4,6,8,9,11,13	2	18321256	1.0916282158821426e-07
7	straight	mask_2b65	0,2,5,6,8,9,11,13	48	18321256	2.6199077181171421e-06
7	straight	mask_2b66	1,2,5,6,8,9,11,13	193	18321256	1.0534212283262676e-05
7	straight	mask_2b69	0,3,5,6,8,9,11,13	1	18321256	5.4581410794107128e-08
7	straight	mask_2b6a	1,3,5,6,8,9,11,13	6	18321256	3.2748846476464276e-07
7	straight	mask_2b74	2,4,5,6,8,9,11,13	269	18321256	1.4682399503614817e-05
7	straight	mask_2b95	0,2,4,7,8,9,11,13	1	18321256	5.4581410794107128e-08
7	straight	mask_2b96	1,2,4,7,8,9,11,13	2	18321256	1.0916282158821426e-07
7	straight	mask_2ba5	0,2,5,7,8,9,11,13	4	18321256	2.1832564317642851e-07
7	straight	mask_2ba6	1,2,5,7,8,9,11,13	2	18321256	1.0916282158821426e-07
7	straight	mask_2bb2	1,4,5,7,8,9,11,13	3	18321256	1.6374423238232138e-07
7	straight	mask_2bb4	2,4,5,7,8,9,11,13	4	18321256	2.1832564317642851e-07
7	straight	mask_2bc5	0,2,6,7,8,9,11,13	1	18321256	5.4581410794107128e-08
7	straight	mask_2bc6	1,2,6,7,8,9,11,13	13	18321256	7.0955834032339265e-07
7	straight	mask_2bd2	1,4,6,7,8,9,11,13	10	18321256	5.4581410794107124e-07
7	straight	mask_2bd4	2,4,6,7,8,9,11,13	11	18321256	6.0039551873517838e-07
7	straight	mask_2be2	1,5,6,7,8,9,11,13	76	18321256	4.1481872203521414e-06
7	straight	mask_2c1f	0,1,2,3,4,10,11,13	45	18321256	2.4561634857348209e-06
7	straight	mask_2c3b	0,1,3,4,5,10,11,13	2	18321256	1.0916282158821426e-07
7	straight	mask_2c3d	0,2,3,4,5,10,11,13	3	18321256	1.6374423238232138e-07
7	straight	mask_2c57	0,1,2,4,6,10,11,13	5	18321256	2.7290705397053562e-07
7	straight	mask_2c5b	0,1,3,4,6,10,11,13	1	18321256	5.4581410794107128e-08
7	straight	mask_2c75	0,2,4,5,6,10,11,13	26	18321256	1.4191166806467853e-06
7	straight	mask_2c79	0,3,4,5,6,10,11,13	7	18321256	3.8206987555874989e-07
7	straight	mask_2cb3	0,1,4,5,7,10,11,13	4	18321256	2.1832564317642851e-07
7	straight	mask_2cd3	0,1,4,6,7,10,11,13	2	18321256	1.0916282158821426e-07
7	straight	mask_2cd5	0,2,4,6,7,10,11,13	1	18321256	5.4581410794107128e-08
7	straight	mask_2d1e	1,2,3,4,8,10,11,13	3	18321256	1.6374423238232138e-07
7	straight	mask_2d2e	1,2,3,5,8,10,11,13	1	18321256	5.4581410794107128e-08
7	straight	mask_2d3a	1,3,4,5,8,10,11,13	5	18321256	2.7290705397053562e-07
7	straight	mask_2d47	0,1,2,6,8,10,11,13	1	18321256	5.4581410794107128e-08
7	straight	mask_2d55	0,2,4,6,8,10,11,13	7	18321256	3.8206987555874989e-07
7	straight	mask_2d56	1,2,4,6,8,10,11,13	4	18321256	2.1832564317642851e-07
7	straight	mask_2d5a	1,3,4,6,8,10,11,13	1	18321256	5.4581410794107128e-08
7	straight	mask_2d5c	2,3,4,6,8,10,11,13	2	18321256	1.0916282158821426e-07
7	straight	mask_2d65	0,2,5,6,8,10,11,13	15	18321256	8.1872116191160692e-07
7	straight	mask_2d66	1,2,5,6,8,10,11,13	143	18321256	7.8051417435573201e-06
7	straight	mask_2d6a	1,3,5,6,8,10,11,13	6	18321256	3.2748846476464276e-07
7	straight	mask_2d74	2,4,5,6,8,10,11,13	55	18321256	3.0019775936758922e-06
7	straight	mask_2d95	0,2,4,7,8,10,11,13	1	18321256	5.4581410794107128e-08
7	straight	mask_2d96	1,2,4,7,8,10,11,13	1	18321256	5.4581410794107128e-08
7	straight	mask_2da5	0,2,5,7,8,10,11,13	2	18321256	1.0916282158821426e-07
7	straight	mask_2da6	1,2,5,7,8,10,11,13	9	18321256	4.9123269714696411e-07
7	straight	mask_2da9	0,3,5,7,8,10,11,13	1	18321256	5.4581410794107128e-08
7	straight	mask_2db4	2,4,5,7,8,10,11,13	1	18321256	5.4581410794107128e-08
7	straight	mask_2dc3	0,1,6,7,8,10,11,13	1	18321256	5.4581410794107128e-08
7	straight	mask_2dc5	0,2,6,7,8,10,11,13	3	18321256	1.6374423238232138e-07
7	straight	mask_2dd2	1,4,6,7,8,10,11,13	1	18321256	5.4581410794107128e-08
7	straight	mask_2e1b	0,1,3,4,9,10,11,13	1	18321256	5.4581410794107128e-08
7	straight	mask_2e1d	0,2,3,4,9,10,11,13	1	18321256	5.4581410794107128e-08
7	straight	mask_2e39	0,3,4,5,9,10,11,13	7	18321256	3.8206987555874989e-07
7	straight	mask_2e3a	1,3,4,5,9,10,11,13	28	18321256	1.5282795022349996e-06
7	straight	mask_2e3c	2,3,4,5,9,10,11,13	28	18321256	1.5282795022349996e-06
7	straight	mask_2e59	0,3,4,6,9,10,11,13	5	18321256	2.7290705397053562e-07
7	straight	mask_2e74	2,4,5,6,9,10,11,13	266	18321256	1.4518655271232497e-05
7	straight	mask_2e93	0,1,4,7,9,10,11,13	1	18321256	5.4581410794107128e-08
7	straight	mask_2e95	0,2,4,7,9,10,11,13	1	18321256	5.4581410794107128e-08
7	straight	mask_2f19	0,3,4,8,9,10,11,13	2	18321256	1.0916282158821426e-07
7	straight	mask_2f1a	1,3,4,8,9,10,11,13	2	18321256	1.0916282158821426e-07
7	straight	mask_2f1c	2,3,4,8,9,10,11,13	1	18321256	5.4581410794107128e-08
7	straight	mask_2f29	0,3,5,8,9,10,11,13	2	18321256	1.0916282158821426e-07
7	straight	mask_2f2a	1,3,5,8,9,10,11,13	9	18321256	4.9123269714696411e-07
7	straight	mask_2f83	0,1,7,8,9,10,11,13	1	18321256	5.4581410794107128e-08
7	straight	mask_2f85	0,2,7,8,9,10,11,13	1	18321256	5.4581410794107128e-08
7	straight	mask_309f	0,1,2,3,4,7,12,13	1	18321256	5.4581410794107128e-08
7	straight	mask_30af	0,1,2,3,5,7,12,13	12	18321256	6.5497692952928551e-07
7	straight	mask_30be	1,2,3,4,5,7,12,13	2	18321256	1.0916282158821426e-07
7	straight	mask_30cf	0,1,2,3,6,7,12,13	21	18321256	1.1462096266762496e-06
7	straight	mask_30db	0,1,3,4,6,7,12,13	1	18321256	5.4581410794107128e-08
7	straight	mask_30eb	0,1,3,5,6,7,12,13	1	18321256	5.4581410794107128e-08
7	straight	mask_30ed	0,2,3,5,6,7,12,13	4	18321256	2.1832564317642851e-07
7	straight	mask_30fa	1,3,4,5,6,7,12,13	1	18321256	5.4581410794107128e-08
7	straight	mask_30fc	2,3,4,5,6,7,12,13	1	18321256	5.4581410794107128e-08
7	straight	mask_318f	0,1,2,3,7,8,12,13	6	18321256	3.2748846476464276e-07
7	straight	mask_31ad	0,2,3,5,7,8,12,13	1	18321256	5.4581410794107128e-08
7	straight	mask_31ae	1,2,3,5,7,8,12,13	1	18321256	5.4581410794107128e-08
7	straight	mask_31ce	1,2,3,6,7,8,12,13	3	18321256	1.6374423238232138e-07
7	straight	mask_31d9	0,3,4,6,7,8,12,13	2	18321256	1.0916282158821426e-07
7	straight	mask_31da	1,3,4,6,7,8,12,13	6	18321256	3.2748846476464276e-07
7	straight	mask_31e9	0,3,5,6,7,8,12,13	3	18321256	1.6374423238232138e-07
7	straight	mask_31ea	1,3,5,6,7,8,12,13	1	18321256	5.4581410794107128e-08
7	straight	mask_31ec	2,3,5,6,7,8,12,13	1	18321256	5.4581410794107128e-08
7	straight	mask_32cb	0,1,3,6,7,9,12,13	1	18321256	5.4581410794107128e-08
7	straight	mask_32cd	0,2,3,6,7,9,12,13	1	18321256	5.4581410794107128e-08
7	straight	mask_32da	1,3,4,6,7,9,12,13	2	18321256	1.0916282158821426e-07
7	straight	mask_32dc	2,3,4,6,7,9,12,13	1	18321256	5.4581410794107128e-08
7	straight	mask_32e9	0,3,5,6,7,9,12,13	1	18321256	5.4581410794107128e-08
7	straight	mask_33cc	2,3,6,7,8,9,12,13	6	18321256	3.2748846476464276e-07
7	straight	mask_348f	0,1,2,3,7,10,12,13	2	18321256	1.0916282158821426e-07
7	straight	mask_34ad	0,2,3,5,7,10,12,13	1	18321256	5.4581410794107128e-08
7	straight	mask_34cd	0,2,3,6,7,10,12,13	1	18321256	5.4581410794107128e-08
7	straight	mask_34da	1,3,4,6,7,10,12,13	1	18321256	5.4581410794107128e-08
7	straight	mask_34dc	2,3,4,6,7,10,12,13	1	18321256	5.4581410794107128e-08
7	straight	mask_34e9	0,3,5,6,7,10,12,13	1	18321256	5.4581410794107128e-08
7	straight	mask_35ca	1,3,6,7,8,10,12,13	1	18321256	5.4581410794107128e-08
7	straight	mask_36c9	0,3,6,7,9,10,12,13	4	18321256	2.1832564317642851e-07
7	straight	mask_387c	2,3,4,5,6,11,12,13	1	18321256	5.4581410794107128e-08
7	straight	mask_388f	0,1,2,3,7,11,12,13	1	18321256	5.4581410794107128e-08
7	straight	mask_38dc	2,3,4,6,7,11,12,13	3	18321256	1.6374423238232138e-07
7	straight	mask_392d	0,2,3,5,8,11,12,13	1	18321256	5.4581410794107128e-08
7	straight	mask_39c5	0,2,6,7,8,11,12,13	1	18321256	5.4581410794107128e-08
7	straight	mask_3a1e	1,2,3,4,9,11,12,13	1	18321256	5.4581410794107128e-08
7	straight	mask_3a69	0,3,5,6,9,11,12,13	1	18321256	5.4581410794107128e-08
7	straight	mask_3ac3	0,1,6,7,9,11,12,13	3	18321256	1.6374423238232138e-07
7	straight	mask_3b1a	1,3,4,8,9,11,12,13	1	18321256	5.4581410794107128e-08
7	straight	mask_3b85	0,2,7,8,9,11,12,13	1	18321256	5.4581410794107128e-08
7	straight	mask_3c2d	0,2,3,5,10,11,12,13	1	18321256	5.4581410794107128e-08
7	straight	mask_3c3c	2,3,4,5,10,11,12,13	1	18321256	5.4581410794107128e-08
7	straight	mask_3c87	0,1,2,7,10,11,12,13	1	18321256	5.4581410794107128e-08
7	straight	mask_3cc3	0,1,6,7,10,11,12,13	9	18321256	4.9123269714696411e-07
7	straight	mask_3cc5	0,2,6,7,10,11,12,13	4	18321256	2.1832564317642851e-07
7	straight	mask_3d19	0,3,4,8,10,11,12,13	32	18321256	1.7466051454114281e-06
7	straight	mask_3d89	0,3,7,8,10,11,12,13	1	18321256	5.4581410794107128e-08
7	straight	mask_584f	0,1,2,3,6,11,12,14	3	18321256	1.6374423238232138e-07
7	straight	mask_588f	0,1,2,3,7,11,12,14	22	18321256	1.2007910374703568e-06
7	straight	mask_58c7	0,1,2,6,7,11,12,14	1	18321256	5.4581410794107128e-08
7	straight	mask_5ac5	0,2,6,7,9,11,12,14	1	18321256	5.4581410794107128e-08
7	straight	mask_5c3a	1,3,4,5,10,11,12,14	1	18321256	5.4581410794107128e-08
7	straight	mask_5c4b	0,1,3,6,10,11,12,14	1	18321256	5.4581410794107128e-08
7	straight	mask_5c87	0,1,2,7,10,11,12,14	1	18321256	5.4581410794107128e-08
7	straight	mask_5e89	0,3,7,9,10,11,12,14	1	18321256	5.4581410794107128e-08
7	straight	mask_788d	0,2,3,7,11,12,13,14	1	18321256	5.4581410794107128e-08
7	straight	mask_915b	0,1,3,4,6,8,12,15	2	18321256	1.0916282158821426e-07
8	straight	mask_00ff	0,1,2,3,4,5,6,7	7317808	18341605	0.39897315420324447
8	straight	mask_017f	0,1,2,3,4,5,6,8	2002336	18341605	0.10916907217225537
8	straight	mask_01bf	0,1,2,3,4,5,7,8	116950	18341605	0.0063762140772304276
8	straight	mask_01df	0,1,2,3,4,6,7,8	41286	18341605	0.0022509480495300164
8	straight	mask_01ef	0,1,2,3,5,6,7,8	922849	18341605	0.050314517186473048
8	straight	mask_01f7	0,1,2,4,5,6,7,8	57522	18341605	0.0031361486631077268
8	straight	mask_01fb	0,1,3,4,5,6,7,8	3860	18341605	0.00021045050310482643
8	straight	mask_01fd	0,2,3,4,5,6,7,8	1679	18341605	9.1540516765026828e-05
8	straight	mask_01fe	1,2,3,4,5,6,7,8	42168	18341605	0.002299035444280912
8	straight	mask_027f	0,1,2,3,4,5,6,9	3376216	18341605	0.18407418543797013
8	straight	mask_02bf	0,1,2,3,4,5,7,9	176435	18341605	0.0096193871801295468
8	straight	mask_02df	0,1,2,3,4,6,7,9	159461	18341605	0.0086939501750255763
8	straight	mask_02ef	0,1,2,3,5,6,7,9	2343357	18341605	0.12776182891300952
8	straight	mask_02f7	0,1,2,4,5,6,7,9	49160	18341605	0.0026802452675215717
8	straight	mask_02fb	0,1,3,4,5,6,7,9	4606	18341605	0.00025112306147689911
8	straight	mask_02fd	0,2,3,4,5,6,7,9	5931	18341605	0.00032336319531469575
8	straight	mask_02fe	1,2,3,4,5,6,7,9	34101	18341605	0.0018592157011341156
8	straight	mask_033f	0,1,2,3,4,5,8,9	270336	18341605	0.014738950053716672
8	straight	mask_035f	0,1,2,3,4,6,8,9	42769	18341605	0.0023318024785726221
8	straight	mask_036f	0,1,2,3,5,6,8,9	67025	18341605	0.0036542603550779769
8	straight	mask_0377	0,1,2,4,5,6,8,9	40611	18341605	0.0022141464719145354
8	straight	mask_037b	0,1,3,4,5,6,8,9	10415	18341605	0.0005678347123929449
8	straight	mask_037d	0,2,3,4,5,6,8,9	6347	18341605	0.00034604387129697758
8	straight	mask_037e	1,2,3,4,5,6,8,9	18033	18341605	0.00098317459131848058
8	straight	mask_039f	0,1,2,3,4,7,8,9	4296	18341605	0.00023422159620164101
8	straight	mask_03af	0,1,2,3,5,7,8,9	33616	18341605	0.0018327730861066958
8	straight	mask_03b7	0,1,2,4,5,7,8,9	3642	18341605	0.00019856495655641915
8	straight	mask_03bb	0,1,3,4,5,7,8,9	44	18341605	2.3989176519721149e-06
8	straight	mask_03bd	0,2,3,4,5,7,8,9	303	18341605	1.6519819285171608e-05
8	straight	mask_03be	1,2,3,4,5,7,8,9	612	18341605	3.3366763704703053e-05
8	straight	mask_03cf	0,1,2,3,6,7,8,9	25839	18341605	0.0014087643911206245
8	straight	mask_03d7	0,1,2,4,6,7,8,9	728	18341605	3.969118296899317e-05
8	straight	mask_03db	0,1,3,4,6,7,8,9	114	18341605	6.2153775528368428e-06
8	straight	mask_03dd	0,2,3,4,6,7,8,9	13	18341605	7.087711244463066e-07
8	straight	mask_03de	1,2,3,4,6,7,8,9	432	18341605	2.3553009673908037e-05
8	straight	mask_03e7	0,1,2,5,6,7,8,9	8244	18341605	0.00044946993461041166
8	straight	mask_03eb	0,1,3,5,6,7,8,9	1096	18341605	5.9754857876396315e-05
8	straight	mask_03ed	0,2,3,5,6,7,8,9	1316	18341605	7.1749446136256892e-05
8	straight	mask_03ee	1,2,3,5,6,7,8,9	1989	18341605	0.00010844198204028492
8	straight	mask_03f3	0,1,4,5,6,7,8,9	4514	18341605	0.00024610714275004829
8	straight	mask_03f5	0,2,4,5,6,7,8,9	2551	18341605	0.00013908270295865603
8	straight	mask_03f6	1,2,4,5,6,7,8,9	11273	18341605	0.00061461360660640114
8	straight	mask_03f9	0,3,4,5,6,7,8,9	245	18341605	1.3357609653026548e-05
8	straight	mask_03fa	1,3,4,5,6,7,8,9	894	18341605	4.8741645019615241e-05
8	straight	mask_03fc	2,3,4,5,6,7,8,9	1188	18341605	6.4770776603247101e-05
8	straight	mask_053f	0,1,2,3,4,5,8,10	26009	18341605	0.001418032936594153
8	straight	mask_055f	0,1,2,3,4,6,8,10	2995	18341605	0.00016328996290128372
8	straight	mask_056f	0,1,2,3,5,6,8,10	10103	18341605	0.00055082420540623358
8	straight	mask_0577	0,1,2,4,5,6,8,10	7446	18341605	0.00040596229174055381
8	straight	mask_057b	0,1,3,4,5,6,8,10	1777	18341605	9.6883560626237451e-05
8	straight	mask_057d	0,2,3,4,5,6,8,10	451	18341605	2.4588905932714177e-05
8	straight	mask_057e	1,2,3,4,5,6,8,10	2798	18341605	0.00015254935432313583
8	straight	mask_059f	0,1,2,3,4,7,8,10	205	18341605	1.1176775423960989e-05
8	straight	mask_05af	0,1,2,3,5,7,8,10	5435	18341605	0.0002963208508742828
8	straight	mask_05b7	0,1,2,4,5,7,8,10	263	18341605	1.433898505610605e-05
8	straight	mask_05bb	0,1,3,4,5,7,8,10	12	18341605	6.5425026871966761e-07
8	straight	mask_05bd	0,2,3,4,5,7,8,10	15	18341605	8.1781283589958457e-07
8	straight	mask_05be	1,2,3,4,5,7,8,10	110	18341605	5.9972941299302873e-06
8	straight	mask_05cf	0,1,2,3,6,7,8,10	10840	18341605	0.00059100607607676645
8	straight	mask_05d7	0,1,2,4,6,7,8,10	109	18341605	5.9427732742036482e-06
8	straight	mask_05db	0,1,3,4,6,7,8,10	37	18341605	2.0172716618856421e-06
8	straight	mask_05dd	0,2,3,4,6,7,8,10	1	18341605	5.4520855726638972e-08
8	straight	mask_05de	1,2,3,4,6,7,8,10	115	18341605	6.2698984085634819e-06
8	straight	mask_05e7	0,1,2,5,6,7,8,10	1753	18341605	9.5575060088798119e-05
8	straight	mask_05eb	0,1,3,5,6,7,8,10	495	18341605	2.698782358468629e-05
8	straight	mask_05ed	0,2,3,5,6,7,8,10	368	18341605	2.0063674907403142e-05
8	straight	mask_05ee	1,2,3,5,6,7,8,10	1109	18341605	6.0463629000842623e-05
8	straight	mask_05f3	0,1,4,5,6,7,8,10	822	18341605	4.4816143407297233e-05
8	straight	mask_05f5	0,2,4,5,6,7,8,10	236	18341605	1.2866921951486797e-05
8	straight	mask_05f6	1,2,4,5,6,7,8,10	2584	18341605	0.00014088189119763509
8	straight	mask_05f9	0,3,4,5,6,7,8,10	50	18341605	2.7260427863319486e-06
8	straight	mask_05fa	1,3,4,5,6,7,8,10	696	18341605	3.7946515585740726e-05
8	straight	mask_05fc	2,3,4,5,6,7,8,10	211	18341605	1.1503900558320824e-05
8	straight	mask_063f	0,1,2,3,4,5,9,10	90460	18341605	0.0049319566090317611
8	straight	mask_065f	0,1,2,3,4,6,9,10	31929	18341605	0.0017407964024958558
8	straight	mask_066f	0,1,2,3,5,6,9,10	23268	18341605	0.0012685912710474357
8	straight	mask_0677	0,1,2,4,5,6,9,10	11190	18341605	0.00061008837558109005
8	straight	mask_067b	0,1,3,4,5,6,9,10	3624	18341605	0.00019758358115333963
8	straight	mask_067d	0,2,3,4,5,6,9,10	3100	18341605	0.00016901465275258082
8	straight	mask_067e	1,2,3,4,5,6,9,10	12330	18341605	0.00067224215110945847
8	straight	mask_069f	0,1,2,3,4,7,9,10	1026	18341605	5.5938397975531584e-05
8	straight	mask_06b7	0,1,2,4,5,7,9,10	709	18341605	3.8655286710187033e-05
8	straight	mask_06bb	0,1,3,4,5,7,9,10	34	18341605	1.8537090947057251e-06
8	straight	mask_06bd	0,2,3,4,5,7,9,10	130	18341605	7.0877112444630666e-06
8	straight	mask_06be	1,2,3,4,5,7,9,10	438	18341605	2.3880134808267869e-05
8	straight	mask_06f3	0,1,4,5,6,7,9,10	2382	18341605	0.00012986867834085403
8	straight	mask_06f5	0,2,4,5,6,7,9,10	2353	18341605	0.0001282875735247815
8	straight	mask_06f6	1,2,4,5,6,7,9,10	5563	18341605	0.0003032995204072926
8	straight	mask_06f9	0,3,4,5,6,7,9,10	274	18341605	1.4938714469099079e-05
8	straight	mask_071f	0,1,2,3,4,8,9,10	10980	18341605	0.00059863899587849596
8	straight	mask_072f	0,1,2,3,5,8,9,10	1589	18341605	8.6633639749629325e-05
8	straight	mask_073b	0,1,3,4,5,8,9,10	532	18341605	2.9005095246571932e-05
8	straight	mask_073d	0,2,3,4,5,8,9,10	615	18341605	3.3530326271882971e-05
8	straight	mask_073e	1,2,3,4,5,8,9,10	1069	18341605	5.8282794771777059e-05
8	straight	mask_074f	0,1,2,3,6,8,9,10	469	18341605	2.5570281335793679e-05
8	straight	mask_0757	0,1,2,4,6,8,9,10	361	18341605	1.968202891731667e-05
8	straight	mask_075b	0,1,3,4,6,8,9,10	267	18341605	1.4557068479012606e-05
8	straight	mask_075d	0,2,3,4,6,8,9,10	35	18341605	1.908229950432364e-06
8	straight	mask_075e	1,2,3,4,6,8,9,10	288	18341605	1.5702006449272024e-05
8	straight	mask_0767	0,1,2,5,6,8,9,10	3059	18341605	0.00016677929766778862
8	straight	mask_076b	0,1,3,5,6,8,9,10	785	18341605	4.2798871745411594e-05
8	straight	mask_076d	0,2,3,5,6,8,9,10	486	18341605	2.6497135883146539e-05
8	straight	mask_076e	1,2,3,5,6,8,9,10	986	18341605	5.3757563746466027e-05
8	straight	mask_0776	1,2,4,5,6,8,9,10	2794	18341605	0.00015233127090022929
8	straight	mask_0779	0,3,4,5,6,8,9,10	782	18341605	4.2635309178231676e-05
8	straight	mask_077a	1,3,4,5,6,8,9,10	1506	18341605	8.2108408724318287e-05
8	straight	mask_077c	2,3,4,5,6,8,9,10	835	18341605	4.552491453174354e-05
8	straight	mask_078f	0,1,2,3,7,8,9,10	2170	18341605	0.00011831025692680657
8	straight	mask_0797	0,1,2,4,7,8,9,10	13	18341605	7.087711244463066e-07
8	straight	mask_079b	0,1,3,4,7,8,9,10	2	18341605	1.0904171145327794e-07
8	straight	mask_079e	1,2,3,4,7,8,9,10	8	18341605	4.3616684581311178e-07
8	straight	mask_07a7	0,1,2,5,7,8,9,10	216	18341605	1.1776504836954018e-05
8	straight	mask_07ab	0,1,3,5,7,8,9,10	12	18341605	6.5425026871966761e-07
8	straight	mask_07ad	0,2,3,5,7,8,9,10	39	18341605	2.1263133733389199e-06
8	straight	mask_07ae	1,2,3,5,7,8,9,10	58	18341605	3.1622096321450605e-06
8	straight	mask_07b3	0,1,4,5,7,8,9,10	328	18341605	1.7882840678337581e-05
8	straight	mask_07b5	0,2,4,5,7,8,9,10	191	18341605	1.0413483443788044e-05
8	straight	mask_07b6	1,2,4,5,7,8,9,10	328	18341605	1.7882840678337581e-05
8	straight	mask_07b9	0,3,4,5,7,8,9,10	8	18341605	4.3616684581311178e-07
8	straight	mask_07ba	1,3,4,5,7,8,9,10	22	18341605	1.1994588259860575e-06
8	straight	mask_07bc	2,3,4,5,7,8,9,10	37	18341605	2.0172716618856421e-06
8	straight	mask_07c7	0,1,2,6,7,8,9,10	182	18341605	9.9227957422482926e-06
8	straight	mask_07cb	0,1,3,6,7,8,9,10	59	18341605	3.2167304878716992e-06
8	straight	mask_07cd	0,2,3,6,7,8,9,10	41	18341605	2.2353550847921977e-06
8	straight	mask_07ce	1,2,3,6,7,8,9,10	239	18341605	1.3030484518666715e-05
8	straight	mask_07d3	0,1,4,6,7,8,9,10	110	18341605	5.9972941299302873e-06
8	straight	mask_07d5	0,2,4,6,7,8,9,10	34	18341605	1.8537090947057251e-06
8	straight	mask_07d6	1,2,4,6,7,8,9,10	233	18341605	1.270335938430688e-05
8	straight	mask_07d9	0,3,4,6,7,8,9,10	10	18341605	5.4520855726638975e-07
8	straight	mask_07da	1,3,4,6,7,8,9,10	87	18341605	4.7433144482175908e-06
8	straight	mask_07dc	2,3,4,6,7,8,9,10	36	18341605	1.962750806159003e-06
8	straight	mask_07e3	0,1,5,6,7,8,9,10	981	18341605	5.3484959467832832e-05
8	straight	mask_07e5	0,2,5,6,7,8,9,10	673	18341605	3.669253590402803e-05
8	straight	mask_07e6	1,2,5,6,7,8,9,10	2194	18341605	0.0001196187574642459
8	straight	mask_07e9	0,3,5,6,7,8,9,10	181	18341605	9.8682748865216543e-06
8	straight	mask_07ea	1,3,5,6,7,8,9,10	663	18341605	3.614732734676164e-05
8	straight	mask_07ec	2,3,5,6,7,8,9,10	713	18341605	3.8873370133093586e-05
8	straight	mask_07f1	0,4,5,6,7,8,9,10	864	18341605	4.7106019347816073e-05
8	straight	mask_07f2	1,4,5,6,7,8,9,10	2651	18341605	0.00014453478853131992
8	straight	mask_07f4	2,4,5,6,7,8,9,10	1733	18341605	9.4484642974265341e-05
8	straight	mask_07f8	3,4,5,6,7,8,9,10	555	18341605	3.0259074928284629e-05
8	straight	mask_093f	0,1,2,3,4,5,8,11	865	18341605	4.7160540203542708e-05
8	straight	mask_095f	0,1,2,3,4,6,8,11	330	18341605	1.7991882389790861e-05
8	straight	mask_096f	0,1,2,3,5,6,8,11	437	18341605	2.3825613952541231e-05
8	straight	mask_0977	0,1,2,4,5,6,8,11	409	18341605	2.229902999219534e-05
8	straight	mask_097b	0,1,3,4,5,6,8,11	62	18341605	3.3802930550516165e-06
8	straight	mask_097d	0,2,3,4,5,6,8,11	45	18341605	2.4534385076987536e-06
8	straight	mask_097e	1,2,3,4,5,6,8,11	435	18341605	2.3716572241087951e-05
8	straight	mask_099f	0,1,2,3,4,7,8,11	12	18341605	6.5425026871966761e-07
8	straight	mask_09b7	0,1,2,4,5,7,8,11	40	18341605	2.180834229065559e-06
8	straight	mask_09bd	0,2,3,4,5,7,8,11	2	18341605	1.0904171145327794e-07
8	straight	mask_09be	1,2,3,4,5,7,8,11	20	18341605	1.0904171145327795e-06
8	straight	mask_09f3	0,1,4,5,6,7,8,11	267	18341605	1.4557068479012606e-05
8	straight	mask_09f5	0,2,4,5,6,7,8,11	46	18341605	2.5079593634253927e-06
8	straight	mask_09f6	1,2,4,5,6,7,8,11	2238	18341605	0.00012201767511621802
8	straight	mask_09f9	0,3,4,5,6,7,8,11	2	18341605	1.0904171145327794e-07
8	straight	mask_0b1f	0,1,2,3,4,8,9,11	431	18341605	2.3498488818181398e-05
8	straight	mask_0b2f	0,1,2,3,5,8,9,11	102	18341605	5.5611272841171754e-06
8	straight	mask_0b37	0,1,2,4,5,8,9,11	205	18341605	1.1176775423960989e-05
8	straight	mask_0b3b	0,1,3,4,5,8,9,11	5	18341605	2.7260427863319487e-07
8	straight	mask_0b3d	0,2,3,4,5,8,9,11	31	18341605	1.6901465275258082e-06
8	straight	mask_0b3e	1,2,3,4,5,8,9,11	70	18341605	3.8164599008647279e-06
8	straight	mask_0b4f	0,1,2,3,6,8,9,11	147	18341605	8.0145657918159286e-06
8	straight	mask_0b57	0,1,2,4,6,8,9,11	24	18341605	1.3085005374393352e-06
8	straight	mask_0b5b	0,1,3,4,6,8,9,11	14	18341605	7.6329198017294558e-07
8	straight	mask_0b5e	1,2,3,4,6,8,9,11	32	18341605	1.7446673832524471e-06
8	straight	mask_0b67	0,1,2,5,6,8,9,11	288	18341605	1.5702006449272024e-05
8	straight	mask_0b6b	0,1,3,5,6,8,9,11	28	18341605	1.5265839603458912e-06
8	straight	mask_0b6d	0,2,3,5,6,8,9,11	28	18341605	1.5265839603458912e-06
8	straight	mask_0b6e	1,2,3,5,6,8,9,11	115	18341605	6.2698984085634819e-06
8	straight	mask_0b73	0,1,4,5,6,8,9,11	450	18341605	2.4534385076987539e-05
8	straight	mask_0b75	0,2,4,5,6,8,9,11	264	18341605	1.4393505911832688e-05
8	straight	mask_0b76	1,2,4,5,6,8,9,11	775	18341605	4.2253663188145205e-05
8	straight	mask_0b79	0,3,4,5,6,8,9,11	24	18341605	1.3085005374393352e-06
8	straight	mask_0b7a	1,3,4,5,6,8,9,11	78	18341605	4.2526267466778398e-06
8	straight	mask_0b7c	2,3,4,5,6,8,9,11	105	18341605	5.7246898512970919e-06
8	straight	mask_0b8f	0,1,2,3,7,8,9,11	561	18341605	3.0586200062644465e-05
8	straight	mask_0b97	0,1,2,4,7,8,9,11	6	18341605	3.2712513435983381e-07
8	straight	mask_0b9e	1,2,3,4,7,8,9,11	5	18341605	2.7260427863319487e-07
8	straight	mask_0ba7	0,1,2,5,7,8,9,11	21	18341605	1.1449379702594184e-06
8	straight	mask_0bad	0,2,3,5,7,8,9,11	11	18341605	5.9972941299302873e-07
8	straight	mask_0bae	1,2,3,5,7,8,9,11	13	18341605	7.087711244463066e-07
8	straight	mask_0bb3	0,1,4,5,7,8,9,11	4	18341605	2.1808342290655589e-07
8	straight	mask_0bb5	0,2,4,5,7,8,9,11	19	18341605	1.0358962588061404e-06
8	straight	mask_0bb6	1,2,4,5,7,8,9,11	20	18341605	1.0904171145327795e-06
8	straight	mask_0bba	1,3,4,5,7,8,9,11	1	18341605	5.4520855726638972e-08
8	straight	mask_0bbc	2,3,4,5,7,8,9,11	4	18341605	2.1808342290655589e-07
8	straight	mask_0bc7	0,1,2,6,7,8,9,11	64	18341605	3.4893347665048942e-06
8	straight	mask_0bcb	0,1,3,6,7,8,9,11	9	18341605	4.9068770153975076e-07
8	straight	mask_0bcd	0,2,3,6,7,8,9,11	9	18341605	4.9068770153975076e-07
8	straight	mask_0bce	1,2,3,6,7,8,9,11	40	18341605	2.180834229065559e-06
8	straight	mask_0bd3	0,1,4,6,7,8,9,11	9	18341605	4.9068770153975076e-07
8	straight	mask_0bd5	0,2,4,6,7,8,9,11	5	18341605	2.7260427863319487e-07
8	straight	mask_0bd6	1,2,4,6,7,8,9,11	23	18341605	1.2539796817126963e-06
8	straight	mask_0bda	1,3,4,6,7,8,9,11	9	18341605	4.9068770153975076e-07
8	straight	mask_0bdc	2,3,4,6,7,8,9,11	14	18341605	7.6329198017294558e-07
8	straight	mask_0be3	0,1,5,6,7,8,9,11	67	18341605	3.6528973336848111e-06
8	straight	mask_0be5	0,2,5,6,7,8,9,11	85	18341605	4.6342727367643126e-06
8	straight	mask_0be6	1,2,5,6,7,8,9,11	385	18341605	2.0990529454756005e-05
8	straight	mask_0be9	0,3,5,6,7,8,9,11	5	18341605	2.7260427863319487e-07
8	straight	mask_0bea	1,3,5,6,7,8,9,11	25	18341605	1.3630213931659743e-06
8	straight	mask_0bec	2,3,5,6,7,8,9,11	171	18341605	9.3230663292552634e-06
8	straight	mask_0bf1	0,4,5,6,7,8,9,11	62	18341605	3.3802930550516165e-06
8	straight	mask_0bf2	1,4,5,6,7,8,9,11	255	18341605	1.3902818210292939e-05
8	straight	mask_0bf4	2,4,5,6,7,8,9,11	528	18341605	2.8787011823665376e-05
8	straight	mask_0bf8	3,4,5,6,7,8,9,11	43	18341605	2.3443967962454758e-06
8	straight	mask_0f0f	0,1,2,3,8,9,10,11	2	18341605	1.0904171145327794e-07
8	straight	mask_0f17	0,1,2,4,8,9,10,11	7	18341605	3.8164599008647279e-07
8	straight	mask_0f1b	0,1,3,4,8,9,10,11	1	18341605	5.4520855726638972e-08
8	straight	mask_0f1d	0,2,3,4,8,9,10,11	1	18341605	5.4520855726638972e-08
8	straight	mask_0f1e	1,2,3,4,8,9,10,11	2	18341605	1.0904171145327794e-07
8	straight	mask_0f27	0,1,2,5,8,9,10,11	27	18341605	1.4720631046192523e-06
8	straight	mask_0f2b	0,1,3,5,8,9,10,11	4	18341605	2.1808342290655589e-07
8	straight	mask_0f2d	0,2,3,5,8,9,10,11	4	18341605	2.1808342290655589e-07
8	straight	mask_0f2e	1,2,3,5,8,9,10,11	17	18341605	9.2685454735286254e-07
8	straight	mask_0f33	0,1,4,5,8,9,10,11	687	18341605	3.7455827884200972e-05
8	straight	mask_0f35	0,2,4,5,8,9,10,11	73	18341605	3.9800224680446452e-06
8	straight	mask_0f36	1,2,4,5,8,9,10,11	149	18341605	8.1236075032692068e-06
8	straight	mask_0f39	0,3,4,5,8,9,10,11	9	18341605	4.9068770153975076e-07
8	straight	mask_0f3a	1,3,4,5,8,9,10,11	38	18341605	2.0717925176122808e-06
8	straight	mask_0f3c	2,3,4,5,8,9,10,11	23	18341605	1.2539796817126963e-06
8	straight	mask_0f53	0,1,4,6,8,9,10,11	44	18341605	2.3989176519721149e-06
8	straight	mask_0f55	0,2,4,6,8,9,10,11	26	18341605	1.4175422488926132e-06
8	straight	mask_0f56	1,2,4,6,8,9,10,11	107	18341605	5.8337315627503701e-06
8	straight	mask_0f59	0,3,4,6,8,9,10,11	2	18341605	1.0904171145327794e-07
8	straight	mask_0f5a	1,3,4,6,8,9,10,11	25	18341605	1.3630213931659743e-06
8	straight	mask_0f5c	2,3,4,6,8,9,10,11	23	18341605	1.2539796817126963e-06
8	straight	mask_0f63	0,1,5,6,8,9,10,11	577	18341605	3.1458533754270684e-05
8	straight	mask_0f65	0,2,5,6,8,9,10,11	201	18341605	1.0958692001054433e-05
8	straight	mask_0f66	1,2,5,6,8,9,10,11	742	18341605	4.0454474949166119e-05
8	straight	mask_0f69	0,3,5,6,8,9,10,11	8	18341605	4.3616684581311178e-07
8	straight	mask_0f71	0,4,5,6,8,9,10,11	727	18341605	3.9636662113266535e-05
8	straight	mask_0f72	1,4,5,6,8,9,10,11	2278	18341605	0.00012419850934528357
8	straight	mask_0f74	2,4,5,6,8,9,10,11	1266	18341605	6.9023403349924932e-05
8	straight	mask_0f78	3,4,5,6,8,9,10,11	282	18341605	1.5374881314912192e-05
8	straight	mask_0f93	0,1,4,7,8,9,10,11	1	18341605	5.4520855726638972e-08
8	straight	mask_0f95	0,2,4,7,8,9,10,11	1	18341605	5.4520855726638972e-08
8	straight	mask_0fb1	0,4,5,7,8,9,10,11	25	18341605	1.3630213931659743e-06
8	straight	mask_0fb2	1,4,5,7,8,9,10,11	88	18341605	4.7978353039442299e-06
8	straight	mask_0fb4	2,4,5,7,8,9,10,11	80	18341605	4.361668458131118e-06
8	straight	mask_0fb8	3,4,5,7,8,9,10,11	30	18341605	1.6356256717991691e-06
8	straight	mask_0ff0	4,5,6,7,8,9,10,11	854	18341605	4.6560810790549684e-05
8	straight	mask_107f	0,1,2,3,4,5,6,12	111032	18341605	0.0060535596530401784
8	straight	mask_10bf	0,1,2,3,4,5,7,12	9853	18341605	0.00053719399147457382
8	straight	mask_10df	0,1,2,3,4,6,7,12	2497	18341605	0.00013613857674941752
8	straight	mask_10ef	0,1,2,3,5,6,7,12	47503	18341605	0.0025899042095825311
8	straight	mask_10f7	0,1,2,4,5,6,7,12	1586	18341605	8.6470077182449414e-05
8	straight	mask_10fb	0,1,3,4,5,6,7,12	119	18341605	6.4879818314700375e-06
8	straight	mask_10fd	0,2,3,4,5,6,7,12	68	18341605	3.7074181894114502e-06
8	straight	mask_10fe	1,2,3,4,5,6,7,12	938	18341605	5.1140562671587357e-05
8	straight	mask_113f	0,1,2,3,4,5,8,12	90434	18341605	0.0049305390667828686
8	straight	mask_115f	0,1,2,3,4,6,8,12	30505	18341605	0.0016631587039411218
8	straight	mask_116f	0,1,2,3,5,6,8,12	16375	18341605	0.0008927790125237132
8	straight	mask_117b	0,1,3,4,5,6,8,12	85087	18341605	0.00463901605121253
8	straight	mask_117d	0,2,3,4,5,6,8,12	4705	18341605	0.00025652062619383636
8	straight	mask_117e	1,2,3,4,5,6,8,12	4988	18341605	0.00027195002836447518
8	straight	mask_119f	0,1,2,3,4,7,8,12	3224	18341605	0.00017577523886268406
8	straight	mask_11af	0,1,2,3,5,7,8,12	6913	18341605	0.00037690267563825523
8	straight	mask_11b7	0,1,2,4,5,7,8,12	30876	18341605	0.0016833859414157049
8	straight	mask_11bb	0,1,3,4,5,7,8,12	104	18341605	5.6701689955704528e-06
8	straight	mask_11bd	0,2,3,4,5,7,8,12	224	18341605	1.2212671682767129e-05
8	straight	mask_11be	1,2,3,4,5,7,8,12	254	18341605	1.3848297354566299e-05
8	straight	mask_11cf	0,1,2,3,6,7,8,12	4539	18341605	0.00024747016414321428
8	straight	mask_11d7	0,1,2,4,6,7,8,12	7762	18341605	0.0004231908821501717
8	straight	mask_11db	0,1,3,4,6,7,8,12	2795	18341605	0.00015238579175595594
8	straight	mask_11dd	0,2,3,4,6,7,8,12	4	18341605	2.1808342290655589e-07
8	straight	mask_11de	1,2,3,4,6,7,8,12	121	18341605	6.5970235429233156e-06
8	straight	mask_11e7	0,1,2,5,6,7,8,12	2054	18341605	0.00011198583766251645
8	straight	mask_11eb	0,1,3,5,6,7,8,12	239	18341605	1.3030484518666715e-05
8	straight	mask_11ed	0,2,3,5,6,7,8,12	235	18341605	1.2812401095760158e-05
8	straight	mask_11ee	1,2,3,5,6,7,8,12	340	18341605	1.853709094705725e-05
8	straight	mask_11f3	0,1,4,5,6,7,8,12	23490	18341605	0.0012806949010187494
8	straight	mask_11f5	0,2,4,5,6,7,8,12	1997	18341605	0.00010887814888609803
8	straight	mask_11f6	1,2,4,5,6,7,8,12	1379	18341605	7.5184260047035138e-05
8	straight	mask_11f9	0,3,4,5,6,7,8,12	132	18341605	7.1967529559163439e-06
8	straight	mask_11fa	1,3,4,5,6,7,8,12	233	18341605	1.270335938430688e-05
8	straight	mask_11fc	2,3,4,5,6,7,8,12	64	18341605	3.4893347665048942e-06
8	straight	mask_125f	0,1,2,3,4,6,9,12	20200	18341605	0.0011013212856781072
8	straight	mask_126f	0,1,2,3,5,6,9,12	14820	18341605	0.00080799908186878953
8	straight	mask_127b	0,1,3,4,5,6,9,12	494	18341605	2.6933302728959652e-05
8	straight	mask_127d	0,2,3,4,5,6,9,12	832	18341605	4.5361351964563622e-05
8	straight	mask_127e	1,2,3,4,5,6,9,12	2628	18341605	0.00014328080884960722
8	straight	mask_129f	0,1,2,3,4,7,9,12	3406	18341605	0.00018569803460493235
8	straight	mask_12af	0,1,2,3,5,7,9,12	8236	18341605	0.00044903376776459858
8	straight	mask_12b7	0,1,2,4,5,7,9,12	736	18341605	4.0127349814806283e-05
8	straight	mask_12bb	0,1,3,4,5,7,9,12	12	18341605	6.5425026871966761e-07
8	straight	mask_12bd	0,2,3,4,5,7,9,12	34	18341605	1.8537090947057251e-06
8	straight	mask_12be	1,2,3,4,5,7,9,12	89	18341605	4.8523561596708681e-06
8	straight	mask_12cf	0,1,2,3,6,7,9,12	7630	18341605	0.00041599412919425538
8	straight	mask_12d7	0,1,2,4,6,7,9,12	138	18341605	7.5238780902761785e-06
8	straight	mask_12db	0,1,3,4,6,7,9,12	16	18341605	8.7233369162622355e-07
8	straight	mask_12dd	0,2,3,4,6,7,9,12	7	18341605	3.8164599008647279e-07
8	straight	mask_12de	1,2,3,4,6,7,9,12	85	18341605	4.6342727367643126e-06
8	straight	mask_12e7	0,1,2,5,6,7,9,12	1713	18341605	9.3394225859732562e-05
8	straight	mask_12eb	0,1,3,5,6,7,9,12	266	18341605	1.4502547623285966e-05
8	straight	mask_12ed	0,2,3,5,6,7,9,12	318	18341605	1.7337632121071192e-05
8	straight	mask_12ee	1,2,3,5,6,7,9,12	554	18341605	3.020455407255799e-05
8	straight	mask_12f3	0,1,4,5,6,7,9,12	788	18341605	4.2962434312591512e-05
8	straight	mask_12f5	0,2,4,5,6,7,9,12	386	18341605	2.1045050310482643e-05
8	straight	mask_12f6	1,2,4,5,6,7,9,12	813	18341605	4.4325455705757485e-05
8	straight	mask_12f9	0,3,4,5,6,7,9,12	28	18341605	1.5265839603458912e-06
8	straight	mask_12fa	1,3,4,5,6,7,9,12	154	18341605	8.3962117819024014e-06
8	straight	mask_12fc	2,3,4,5,6,7,9,12	101	18341605	5.5066064283905364e-06
8	straight	mask_134f	0,1,2,3,6,8,9,12	166	18341605	9.0504620506220688e-06
8	straight	mask_135e	1,2,3,4,6,8,9,12	183	18341605	9.9773165979749325e-06
8	straight	mask_136d	0,2,3,5,6,8,9,12	346	18341605	1.8864216081417083e-05
8	straight	mask_136e	1,2,3,5,6,8,9,12	593	18341605	3.2330867445896909e-05
8	straight	mask_138f	0,1,2,3,7,8,9,12	85	18341605	4.6342727367643126e-06
8	straight	mask_1397	0,1,2,4,7,8,9,12	3693	18341605	0.00020134552019847774
8	straight	mask_139b	0,1,3,4,7,8,9,12	10	18341605	5.4520855726638975e-07
8	straight	mask_139d	0,2,3,4,7,8,9,12	2	18341605	1.0904171145327794e-07
8	straight	mask_139e	1,2,3,4,7,8,9,12	5	18341605	2.7260427863319487e-07
8	straight	mask_13a7	0,1,2,5,7,8,9,12	605	18341605	3.2985117714616575e-05
8	straight	mask_13ab	0,1,3,5,7,8,9,12	1	18341605	5.4520855726638972e-08
8	straight	mask_13ad	0,2,3,5,7,8,9,12	43	18341605	2.3443967962454758e-06
8	straight	mask_13ae	1,2,3,5,7,8,9,12	29	18341605	1.5811048160725303e-06
8	straight	mask_13b3	0,1,4,5,7,8,9,12	57302	18341605	0.0031241540748478663
8	straight	mask_13b5	0,2,4,5,7,8,9,12	6089	18341605	0.00033197749051950469
8	straight	mask_13b6	1,2,4,5,7,8,9,12	914	18341605	4.9832062134148019e-05
8	straight	mask_13b9	0,3,4,5,7,8,9,12	14	18341605	7.6329198017294558e-07
8	straight	mask_13ba	1,3,4,5,7,8,9,12	7	18341605	3.8164599008647279e-07
8	straight	mask_13bc	2,3,4,5,7,8,9,12	23	18341605	1.2539796817126963e-06
8	straight	mask_13c7	0,1,2,6,7,8,9,12	49	18341605	2.6715219306053095e-06
8	straight	mask_13cb	0,1,3,6,7,8,9,12	9	18341605	4.9068770153975076e-07
8	straight	mask_13cd	0,2,3,6,7,8,9,12	4	18341605	2.1808342290655589e-07
8	straight	mask_13ce	1,2,3,6,7,8,9,12	25	18341605	1.3630213931659743e-06
8	straight	mask_13d3	0,1,4,6,7,8,9,12	8911	18341605	0.0004858353453800799
8	straight	mask_13d5	0,2,4,6,7,8,9,12	234	18341605	1.275788024003352e-05
8	straight	mask_13d6	1,2,4,6,7,8,9,12	199	18341605	1.0849650289601155e-05
8	straight	mask_13d9	0,3,4,6,7,8,9,12	3	18341605	1.635625671799169e-07
8	straight	mask_13da	1,3,4,6,7,8,9,12	38	18341605	2.0717925176122808e-06
8	straight	mask_13dc	2,3,4,6,7,8,9,12	7	18341605	3.8164599008647279e-07
8	straight	mask_13e3	0,1,5,6,7,8,9,12	849	18341605	4.6288206511916489e-05
8	straight	mask_13e5	0,2,5,6,7,8,9,12	405	18341605	2.2080946569288784e-05
8	straight	mask_13e6	1,2,5,6,7,8,9,12	329	18341605	1.7937361534064223e-05
8	straight	mask_13e9	0,3,5,6,7,8,9,12	30	18341605	1.6356256717991691e-06
8	straight	mask_13ea	1,3,5,6,7,8,9,12	62	18341605	3.3802930550516165e-06
8	straight	mask_13ec	2,3,5,6,7,8,9,12	45	18341605	2.4534385076987536e-06
8	straight	mask_13f1	0,4,5,6,7,8,9,12	5877	18341605	0.00032041906910545726
8	straight	mask_13f2	1,4,5,6,7,8,9,12	1621	18341605	8.8378307132881776e-05
8	straight	mask_13f4	2,4,5,6,7,8,9,12	405	18341605	2.2080946569288784e-05
8	straight	mask_13f8	3,4,5,6,7,8,9,12	67	18341605	3.6528973336848111e-06
8	straight	mask_143f	0,1,2,3,4,5,10,12	8649	18341605	0.00047155088117970049
8	straight	mask_145f	0,1,2,3,4,6,10,12	1814	18341605	9.8900832288123096e-05
8	straight	mask_146f	0,1,2,3,5,6,10,12	1041	18341605	5.6756210811431168e-05
8	straight	mask_147b	0,1,3,4,5,6,10,12	200	18341605	1.0904171145327795e-05
8	straight	mask_147d	0,2,3,4,5,6,10,12	66	18341605	3.598376477958172e-06
8	straight	mask_147e	1,2,3,4,5,6,10,12	461	18341605	2.5134114489980566e-05
8	straight	mask_149f	0,1,2,3,4,7,10,12	162	18341605	8.8323786277155141e-06
8	straight	mask_14af	0,1,2,3,5,7,10,12	785	18341605	4.2798871745411594e-05
8	straight	mask_14b7	0,1,2,4,5,7,10,12	43	18341605	2.3443967962454758e-06
8	straight	mask_14bb	0,1,3,4,5,7,10,12	2	18341605	1.0904171145327794e-07
8	straight	mask_14bd	0,2,3,4,5,7,10,12	5	18341605	2.7260427863319487e-07
8	straight	mask_14be	1,2,3,4,5,7,10,12	22	18341605	1.1994588259860575e-06
8	straight	mask_14cf	0,1,2,3,6,7,10,12	1698	18341605	9.2576413023832979e-05
8	straight	mask_14d7	0,1,2,4,6,7,10,12	16	18341605	8.7233369162622355e-07
8	straight	mask_14db	0,1,3,4,6,7,10,12	6	18341605	3.2712513435983381e-07
8	straight	mask_14de	1,2,3,4,6,7,10,12	29	18341605	1.5811048160725303e-06
8	straight	mask_14e7	0,1,2,5,6,7,10,12	185	18341605	1.0086358309428209e-05
8	straight	mask_14eb	0,1,3,5,6,7,10,12	64	18341605	3.4893347665048942e-06
8	straight	mask_14ed	0,2,3,5,6,7,10,12	26	18341605	1.4175422488926132e-06
8	straight	mask_14ee	1,2,3,5,6,7,10,12	240	18341605	1.3085005374393353e-05
8	straight	mask_14f3	0,1,4,5,6,7,10,12	103	18341605	5.6156481398438137e-06
8	straight	mask_14f5	0,2,4,5,6,7,10,12	32	18341605	1.7446673832524471e-06
8	straight	mask_14f6	1,2,4,5,6,7,10,12	226	18341605	1.2321713394220408e-05
8	straight	mask_14f9	0,3,4,5,6,7,10,12	19	18341605	1.0358962588061404e-06
8	straight	mask_14fa	1,3,4,5,6,7,10,12	81	18341605	4.4161893138577571e-06
8	straight	mask_14fc	2,3,4,5,6,7,10,12	45	18341605	2.4534385076987536e-06
8	straight	mask_151f	0,1,2,3,4,8,10,12	2721	18341605	0.00014835124843218464
8	straight	mask_152f	0,1,2,3,5,8,10,12	579	18341605	3.1567575465723967e-05
8	straight	mask_153e	1,2,3,4,5,8,10,12	187	18341605	1.0195400020881487e-05
8	straight	mask_154f	0,1,2,3,6,8,10,12	26	18341605	1.4175422488926132e-06
8	straight	mask_155b	0,1,3,4,6,8,10,12	22676	18341605	0.0012363149244572654
8	straight	mask_155d	0,2,3,4,6,8,10,12	4	18341605	2.1808342290655589e-07
8	straight	mask_155e	1,2,3,4,6,8,10,12	75	18341605	4.0890641794979225e-06
8	straight	mask_156b	0,1,3,5,6,8,10,12	182	18341605	9.9227957422482926e-06
8	straight	mask_156d	0,2,3,5,6,8,10,12	64	18341605	3.4893347665048942e-06
8	straight	mask_156e	1,2,3,5,6,8,10,12	91	18341605	4.9613978711241463e-06
8	straight	mask_1579	0,3,4,5,6,8,10,12	743	18341605	4.0508995804892754e-05
8	straight	mask_157a	1,3,4,5,6,8,10,12	509	18341605	2.7751115564859236e-05
8	straight	mask_157c	2,3,4,5,6,8,10,12	56	18341605	3.0531679206917823e-06
8	straight	mask_158f	0,1,2,3,7,8,10,12	8	18341605	4.3616684581311178e-07
8	straight	mask_1597	0,1,2,4,7,8,10,12	1011	18341605	5.5120585139632e-05
8	straight	mask_159b	0,1,3,4,7,8,10,12	22	18341605	1.1994588259860575e-06
8	straight	mask_159e	1,2,3,4,7,8,10,12	5	18341605	2.7260427863319487e-07
8	straight	mask_15a7	0,1,2,5,7,8,10,12	41	18341605	2.2353550847921977e-06
8	straight	mask_15ae	1,2,3,5,7,8,10,12	2	18341605	1.0904171145327794e-07
8	straight	mask_15b3	0,1,4,5,7,8,10,12	2938	18341605	0.00016018227412486531
8	straight	mask_15b5	0,2,4,5,7,8,10,12	108	18341605	5.8882524184770091e-06
8	straight	mask_15b6	1,2,4,5,7,8,10,12	73	18341605	3.9800224680446452e-06
8	straight	mask_15b9	0,3,4,5,7,8,10,12	1	18341605	5.4520855726638972e-08
8	straight	mask_15ba	1,3,4,5,7,8,10,12	3	18341605	1.635625671799169e-07
8	straight	mask_15bc	2,3,4,5,7,8,10,12	4	18341605	2.1808342290655589e-07
8	straight	mask_15c7	0,1,2,6,7,8,10,12	6	18341605	3.2712513435983381e-07
8	straight	mask_15cb	0,1,3,6,7,8,10,12	4	18341605	2.1808342290655589e-07
8	straight	mask_15cd	0,2,3,6,7,8,10,12	3	18341605	1.635625671799169e-07
8	straight	mask_15ce	1,2,3,6,7,8,10,12	9	18341605	4.9068770153975076e-07
8	straight	mask_15d3	0,1,4,6,7,8,10,12	5551	18341605	0.00030264527013857296
8	straight	mask_15d5	0,2,4,6,7,8,10,12	12	18341605	6.5425026871966761e-07
8	straight	mask_15d6	1,2,4,6,7,8,10,12	25	18341605	1.3630213931659743e-06
8	straight	mask_15d9	0,3,4,6,7,8,10,12	1	18341605	5.4520855726638972e-08
8	straight	mask_15da	1,3,4,6,7,8,10,12	24	18341605	1.3085005374393352e-06
8	straight	mask_15e3	0,1,5,6,7,8,10,12	133	18341605	7.251273811642983e-06
8	straight	mask_15e5	0,2,5,6,7,8,10,12	50	18341605	2.7260427863319486e-06
8	straight	mask_15e6	1,2,5,6,7,8,10,12	92	18341605	5.0159187268507854e-06
8	straight	mask_15e9	0,3,5,6,7,8,10,12	4	18341605	2.1808342290655589e-07
8	straight	mask_15ea	1,3,5,6,7,8,10,12	23	18341605	1.2539796817126963e-06
8	straight	mask_15ec	2,3,5,6,7,8,10,12	17	18341605	9.2685454735286254e-07
8	straight	mask_15f1	0,4,5,6,7,8,10,12	335	18341605	1.8264486668424056e-05
8	straight	mask_15f2	1,4,5,6,7,8,10,12	315	18341605	1.7174069553891277e-05
8	straight	mask_15f4	2,4,5,6,7,8,10,12	43	18341605	2.3443967962454758e-06
8	straight	mask_15f8	3,4,5,6,7,8,10,12	11	18341605	5.9972941299302873e-07
8	straight	mask_164f	0,1,2,3,6,9,10,12	52	18341605	2.8350844977852264e-06
8	straight	mask_165b	0,1,3,4,6,9,10,12	6	18341605	3.2712513435983381e-07
8	straight	mask_165d	0,2,3,4,6,9,10,12	15	18341605	8.1781283589958457e-07
8	straight	mask_165e	1,2,3,4,6,9,10,12	130	18341605	7.0877112444630666e-06
8	straight	mask_166b	0,1,3,5,6,9,10,12	203	18341605	1.1067733712507711e-05
8	straight	mask_166d	0,2,3,5,6,9,10,12	140	18341605	7.6329198017294558e-06
8	straight	mask_166e	1,2,3,5,6,9,10,12	293	18341605	1.5974610727905219e-05
8	straight	mask_167a	1,3,4,5,6,9,10,12	189	18341605	1.0304441732334765e-05
8	straight	mask_167c	2,3,4,5,6,9,10,12	106	18341605	5.779210707023731e-06
8	straight	mask_168f	0,1,2,3,7,9,10,12	60	18341605	3.2712513435983383e-06
8	straight	mask_1697	0,1,2,4,7,9,10,12	5	18341605	2.7260427863319487e-07
8	straight	mask_169b	0,1,3,4,7,9,10,12	1	18341605	5.4520855726638972e-08
8	straight	mask_169e	1,2,3,4,7,9,10,12	2	18341605	1.0904171145327794e-07
8	straight	mask_16a7	0,1,2,5,7,9,10,12	57	18341605	3.1076887764184214e-06
8	straight	mask_16ab	0,1,3,5,7,9,10,12	4	18341605	2.1808342290655589e-07
8	straight	mask_16ad	0,2,3,5,7,9,10,12	18	18341605	9.8137540307950152e-07
8	straight	mask_16ae	1,2,3,5,7,9,10,12	16	18341605	8.7233369162622355e-07
8	straight	mask_16b3	0,1,4,5,7,9,10,12	110	18341605	5.9972941299302873e-06
8	straight	mask_16b5	0,2,4,5,7,9,10,12	31	18341605	1.6901465275258082e-06
8	straight	mask_16b6	1,2,4,5,7,9,10,12	80	18341605	4.361668458131118e-06
8	straight	mask_16b9	0,3,4,5,7,9,10,12	5	18341605	2.7260427863319487e-07
8	straight	mask_16ba	1,3,4,5,7,9,10,12	3	18341605	1.635625671799169e-07
8	straight	mask_16bc	2,3,4,5,7,9,10,12	9	18341605	4.9068770153975076e-07
8	straight	mask_16c7	0,1,2,6,7,9,10,12	32	18341605	1.7446673832524471e-06
8	straight	mask_16cb	0,1,3,6,7,9,10,12	13	18341605	7.087711244463066e-07
8	straight	mask_16cd	0,2,3,6,7,9,10,12	4	18341605	2.1808342290655589e-07
8	straight	mask_16ce	1,2,3,6,7,9,10,12	64	18341605	3.4893347665048942e-06
8	straight	mask_16d3	0,1,4,6,7,9,10,12	26	18341605	1.4175422488926132e-06
8	straight	mask_16d5	0,2,4,6,7,9,10,12	6	18341605	3.2712513435983381e-07
8	straight	mask_16d6	1,2,4,6,7,9,10,12	65	18341605	3.5438556222315333e-06
8	straight	mask_16d9	0,3,4,6,7,9,10,12	1	18341605	5.4520855726638972e-08
8	straight	mask_16da	1,3,4,6,7,9,10,12	47	18341605	2.5624802191520318e-06
8	straight	mask_16dc	2,3,4,6,7,9,10,12	5	18341605	2.7260427863319487e-07
8	straight	mask_16e3	0,1,5,6,7,9,10,12	321	18341605	1.750119468825111e-05
8	straight	mask_16e5	0,2,5,6,7,9,10,12	194	18341605	1.057704601096796e-05
8	straight	mask_16e6	1,2,5,6,7,9,10,12	612	18341605	3.3366763704703053e-05
8	straight	mask_16e9	0,3,5,6,7,9,10,12	32	18341605	1.7446673832524471e-06
8	straight	mask_16ea	1,3,5,6,7,9,10,12	188	18341605	1.0249920876608127e-05
8	straight	mask_16ec	2,3,5,6,7,9,10,12	106	18341605	5.779210707023731e-06
8	straight	mask_16f1	0,4,5,6,7,9,10,12	269	18341605	1.4666110190465884e-05
8	straight	mask_16f2	1,4,5,6,7,9,10,12	569	18341605	3.1022366908457578e-05
8	straight	mask_16f4	2,4,5,6,7,9,10,12	253	18341605	1.379377649883966e-05
8	straight	mask_16f8	3,4,5,6,7,9,10,12	83	18341605	4.5252310253110344e-06
8	straight	mask_174d	0,2,3,6,8,9,10,12	3	18341605	1.635625671799169e-07
8	straight	mask_174e	1,2,3,6,8,9,10,12	6	18341605	3.2712513435983381e-07
8	straight	mask_176c	2,3,5,6,8,9,10,12	30	18341605	1.6356256717991691e-06
8	straight	mask_1787	0,1,2,7,8,9,10,12	3	18341605	1.635625671799169e-07
8	straight	mask_178e	1,2,3,7,8,9,10,12	1	18341605	5.4520855726638972e-08
8	straight	mask_1793	0,1,4,7,8,9,10,12	1604	18341605	8.7451452585528909e-05
8	straight	mask_1795	0,2,4,7,8,9,10,12	3	18341605	1.635625671799169e-07
8	straight	mask_1796	1,2,4,7,8,9,10,12	15	18341605	8.1781283589958457e-07
8	straight	mask_1799	0,3,4,7,8,9,10,12	1	18341605	5.4520855726638972e-08
8	straight	mask_17a3	0,1,5,7,8,9,10,12	86	18341605	4.6887935924909517e-06
8	straight	mask_17a5	0,2,5,7,8,9,10,12	33	18341605	1.799188238979086e-06
8	straight	mask_17a6	1,2,5,7,8,9,10,12	31	18341605	1.6901465275258082e-06
8	straight	mask_17a9	0,3,5,7,8,9,10,12	1	18341605	5.4520855726638972e-08
8	straight	mask_17aa	1,3,5,7,8,9,10,12	14	18341605	7.6329198017294558e-07
8	straight	mask_17ac	2,3,5,7,8,9,10,12	1	18341605	5.4520855726638972e-08
8	straight	mask_17b1	0,4,5,7,8,9,10,12	1167	18341605	6.3625838632987681e-05
8	straight	mask_17b2	1,4,5,7,8,9,10,12	378	18341605	2.0608883464669531e-05
8	straight	mask_17b4	2,4,5,7,8,9,10,12	60	18341605	3.2712513435983383e-06
8	straight	mask_17b8	3,4,5,7,8,9,10,12	6	18341605	3.2712513435983381e-07
8	straight	mask_17c3	0,1,6,7,8,9,10,12	13	18341605	7.087711244463066e-07
8	straight	mask_17c5	0,2,6,7,8,9,10,12	7	18341605	3.8164599008647279e-07
8	straight	mask_17c6	1,2,6,7,8,9,10,12	33	18341605	1.799188238979086e-06
8	straight	mask_17c9	0,3,6,7,8,9,10,12	2	18341605	1.0904171145327794e-07
8	straight	mask_17ca	1,3,6,7,8,9,10,12	6	18341605	3.2712513435983381e-07
8	straight	mask_17cc	2,3,6,7,8,9,10,12	20	18341605	1.0904171145327795e-06
8	straight	mask_17d1	0,4,6,7,8,9,10,12	92	18341605	5.0159187268507854e-06
8	straight	mask_17d2	1,4,6,7,8,9,10,12	104	18341605	5.6701689955704528e-06
8	straight	mask_17d4	2,4,6,7,8,9,10,12	24	18341605	1.3085005374393352e-06
8	straight	mask_17d8	3,4,6,7,8,9,10,12	6	18341605	3.2712513435983381e-07
8	straight	mask_17e1	0,5,6,7,8,9,10,12	229	18341605	1.2485275961400324e-05
8	straight	mask_17e2	1,5,6,7,8,9,10,12	477	18341605	2.6006448181606788e-05
8	straight	mask_17e4	2,5,6,7,8,9,10,12	278	18341605	1.5156797892005633e-05
8	straight	mask_17e8	3,5,6,7,8,9,10,12	32	18341605	1.7446673832524471e-06
8	straight	mask_183f	0,1,2,3,4,5,11,12	558	18341605	3.0422637495464547e-05
8	straight	mask_185f	0,1,2,3,4,6,11,12	229	18341605	1.2485275961400324e-05
8	straight	mask_186f	0,1,2,3,5,6,11,12	56	18341605	3.0531679206917823e-06
8	straight	mask_1877	0,1,2,4,5,6,11,12	24	18341605	1.3085005374393352e-06
8	straight	mask_187b	0,1,3,4,5,6,11,12	5	18341605	2.7260427863319487e-07
8	straight	mask_187d	0,2,3,4,5,6,11,12	6	18341605	3.2712513435983381e-07
8	straight	mask_187e	1,2,3,4,5,6,11,12	35	18341605	1.908229950432364e-06
8	straight	mask_189f	0,1,2,3,4,7,11,12	5	18341605	2.7260427863319487e-07
8	straight	mask_18af	0,1,2,3,5,7,11,12	21	18341605	1.1449379702594184e-06
8	straight	mask_18b7	0,1,2,4,5,7,11,12	6	18341605	3.2712513435983381e-07
8	straight	mask_18be	1,2,3,4,5,7,11,12	2	18341605	1.0904171145327794e-07
8	straight	mask_18cf	0,1,2,3,6,7,11,12	120	18341605	6.5425026871966765e-06
8	straight	mask_18d7	0,1,2,4,6,7,11,12	2	18341605	1.0904171145327794e-07
8	straight	mask_18de	1,2,3,4,6,7,11,12	8	18341605	4.3616684581311178e-07
8	straight	mask_18e7	0,1,2,5,6,7,11,12	15	18341605	8.1781283589958457e-07
8	straight	mask_18eb	0,1,3,5,6,7,11,12	1	18341605	5.4520855726638972e-08
8	straight	mask_18ed	0,2,3,5,6,7,11,12	7	18341605	3.8164599008647279e-07
8	straight	mask_18ee	1,2,3,5,6,7,11,12	133	18341605	7.251273811642983e-06
8	straight	mask_18f3	0,1,4,5,6,7,11,12	12	18341605	6.5425026871966761e-07
8	straight	mask_18f5	0,2,4,5,6,7,11,12	6	18341605	3.2712513435983381e-07
8	straight	mask_18f6	1,2,4,5,6,7,11,12	51	18341605	2.7805636420585877e-06
8	straight	mask_18f9	0,3,4,5,6,7,11,12	1	18341605	5.4520855726638972e-08
8	straight	mask_18fa	1,3,4,5,6,7,11,12	7	18341605	3.8164599008647279e-07
8	straight	mask_18fc	2,3,4,5,6,7,11,12	7	18341605	3.8164599008647279e-07
8	straight	mask_191f	0,1,2,3,4,8,11,12	173	18341605	9.4321080407085416e-06
8	straight	mask_192f	0,1,2,3,5,8,11,12	4	18341605	2.1808342290655589e-07
8	straight	mask_1937	0,1,2,4,5,8,11,12	511	18341605	2.7860157276312515e-05
8	straight	mask_193b	0,1,3,4,5,8,11,12	2	18341605	1.0904171145327794e-07
8	straight	mask_193d	0,2,3,4,5,8,11,12	29	18341605	1.5811048160725303e-06
8	straight	mask_193e	1,2,3,4,5,8,11,12	8	18341605	4.3616684581311178e-07
8	straight	mask_194f	0,1,2,3,6,8,11,12	5	18341605	2.7260427863319487e-07
8	straight	mask_1957	0,1,2,4,6,8,11,12	327	18341605	1.7828319822610943e-05
8	straight	mask_195b	0,1,3,4,6,8,11,12	244	18341605	1.3303088797299909e-05
8	straight	mask_195e	1,2,3,4,6,8,11,12	3	18341605	1.635625671799169e-07
8	straight	mask_1967	0,1,2,5,6,8,11,12	13	18341605	7.087711244463066e-07
8	straight	mask_196b	0,1,3,5,6,8,11,12	1	18341605	5.4520855726638972e-08
8	straight	mask_196d	0,2,3,5,6,8,11,12	2	18341605	1.0904171145327794e-07
8	straight	mask_196e	1,2,3,5,6,8,11,12	5	18341605	2.7260427863319487e-07
8	straight	mask_1973	0,1,4,5,6,8,11,12	2259	18341605	0.00012316261308647743
8	straight	mask_1975	0,2,4,5,6,8,11,12	25	18341605	1.3630213931659743e-06
8	straight	mask_1976	1,2,4,5,6,8,11,12	50	18341605	2.7260427863319486e-06
8	straight	mask_1979	0,3,4,5,6,8,11,12	14	18341605	7.6329198017294558e-07
8	straight	mask_197a	1,3,4,5,6,8,11,12	11	18341605	5.9972941299302873e-07
8	straight	mask_197c	2,3,4,5,6,8,11,12	3	18341605	1.635625671799169e-07
8	straight	mask_1997	0,1,2,4,7,8,11,12	528	18341605	2.8787011823665376e-05
8	straight	mask_199e	1,2,3,4,7,8,11,12	1	18341605	5.4520855726638972e-08
8	straight	mask_19a7	0,1,2,5,7,8,11,12	4	18341605	2.1808342290655589e-07
8	straight	mask_19ab	0,1,3,5,7,8,11,12	1	18341605	5.4520855726638972e-08
8	straight	mask_19ad	0,2,3,5,7,8,11,12	2	18341605	1.0904171145327794e-07
8	straight	mask_19b3	0,1,4,5,7,8,11,12	4	18341605	2.1808342290655589e-07
8	straight	mask_19b5	0,2,4,5,7,8,11,12	8	18341605	4.3616684581311178e-07
8	straight	mask_19b6	1,2,4,5,7,8,11,12	15	18341605	8.1781283589958457e-07
8	straight	mask_19c7	0,1,2,6,7,8,11,12	1	18341605	5.4520855726638972e-08
8	straight	mask_19ce	1,2,3,6,7,8,11,12	4	18341605	2.1808342290655589e-07
8	straight	mask_19d3	0,1,4,6,7,8,11,12	291	18341605	1.5865569016451943e-05
8	straight	mask_19d6	1,2,4,6,7,8,11,12	10	18341605	5.4520855726638975e-07
8	straight	mask_19da	1,3,4,6,7,8,11,12	3	18341605	1.635625671799169e-07
8	straight	mask_19e3	0,1,5,6,7,8,11,12	9	18341605	4.9068770153975076e-07
8	straight	mask_19e5	0,2,5,6,7,8,11,12	6	18341605	3.2712513435983381e-07
8	straight	mask_19e6	1,2,5,6,7,8,11,12	53	18341605	2.8896053535118655e-06
8	straight	mask_19ea	1,3,5,6,7,8,11,12	2	18341605	1.0904171145327794e-07
8	straight	mask_19ec	2,3,5,6,7,8,11,12	11	18341605	5.9972941299302873e-07
8	straight	mask_19f1	0,4,5,6,7,8,11,12	21	18341605	1.1449379702594184e-06
8	straight	mask_19f2	1,4,5,6,7,8,11,12	22	18341605	1.1994588259860575e-06
8	straight	mask_19f4	2,4,5,6,7,8,11,12	4	18341605	2.1808342290655589e-07
8	straight	mask_19f8	3,4,5,6,7,8,11,12	2	18341605	1.0904171145327794e-07
8	straight	mask_1a1f	0,1,2,3,4,9,11,12	943	18341605	5.1413166950220552e-05
8	straight	mask_1a2f	0,1,2,3,5,9,11,12	51	18341605	2.7805636420585877e-06
8	straight	mask_1a37	0,1,2,4,5,9,11,12	86	18341605	4.6887935924909517e-06
8	straight	mask_1a3b	0,1,3,4,5,9,11,12	10	18341605	5.4520855726638975e-07
8	straight	mask_1a3d	0,2,3,4,5,9,11,12	14	18341605	7.6329198017294558e-07
8	straight	mask_1a3e	1,2,3,4,5,9,11,12	37	18341605	2.0172716618856421e-06
8	straight	mask_1a4f	0,1,2,3,6,9,11,12	4	18341605	2.1808342290655589e-07
8	straight	mask_1a57	0,1,2,4,6,9,11,12	14	18341605	7.6329198017294558e-07
8	straight	mask_1a5b	0,1,3,4,6,9,11,12	1	18341605	5.4520855726638972e-08
8	straight	mask_1a5e	1,2,3,4,6,9,11,12	11	18341605	5.9972941299302873e-07
8	straight	mask_1a67	0,1,2,5,6,9,11,12	50	18341605	2.7260427863319486e-06
8	straight	mask_1a6b	0,1,3,5,6,9,11,12	9	18341605	4.9068770153975076e-07
8	straight	mask_1a6d	0,2,3,5,6,9,11,12	11	18341605	5.9972941299302873e-07
8	straight	mask_1a6e	1,2,3,5,6,9,11,12	31	18341605	1.6901465275258082e-06
8	straight	mask_1a73	0,1,4,5,6,9,11,12	151	18341605	8.232649214722485e-06
8	straight	mask_1a75	0,2,4,5,6,9,11,12	53	18341605	2.8896053535118655e-06
8	straight	mask_1a76	1,2,4,5,6,9,11,12	95	18341605	5.1794812940307027e-06
8	straight	mask_1a79	0,3,4,5,6,9,11,12	6	18341605	3.2712513435983381e-07
8	straight	mask_1a7a	1,3,4,5,6,9,11,12	7	18341605	3.8164599008647279e-07
8	straight	mask_1a7c	2,3,4,5,6,9,11,12	9	18341605	4.9068770153975076e-07
8	straight	mask_1a8f	0,1,2,3,7,9,11,12	3	18341605	1.635625671799169e-07
8	straight	mask_1a97	0,1,2,4,7,9,11,12	2	18341605	1.0904171145327794e-07
8	straight	mask_1a9e	1,2,3,4,7,9,11,12	1	18341605	5.4520855726638972e-08
8	straight	mask_1aa7	0,1,2,5,7,9,11,12	8	18341605	4.3616684581311178e-07
8	straight	mask_1aad	0,2,3,5,7,9,11,12	2	18341605	1.0904171145327794e-07
8	straight	mask_1aae	1,2,3,5,7,9,11,12	1	18341605	5.4520855726638972e-08
8	straight	mask_1ab3	0,1,4,5,7,9,11,12	4	18341605	2.1808342290655589e-07
8	straight	mask_1ab5	0,2,4,5,7,9,11,12	2	18341605	1.0904171145327794e-07
8	straight	mask_1ab6	1,2,4,5,7,9,11,12	7	18341605	3.8164599008647279e-07
8	straight	mask_1abc	2,3,4,5,7,9,11,12	1	18341605	5.4520855726638972e-08
8	straight	mask_1ac7	0,1,2,6,7,9,11,12	1	18341605	5.4520855726638972e-08
8	straight	mask_1acd	0,2,3,6,7,9,11,12	2	18341605	1.0904171145327794e-07
8	straight	mask_1ace	1,2,3,6,7,9,11,12	4	18341605	2.1808342290655589e-07
8	straight	mask_1ad5	0,2,4,6,7,9,11,12	2	18341605	1.0904171145327794e-07
8	straight	mask_1ad6	1,2,4,6,7,9,11,12	3	18341605	1.635625671799169e-07
8	straight	mask_1ada	1,3,4,6,7,9,11,12	2	18341605	1.0904171145327794e-07
8	straight	mask_1adc	2,3,4,6,7,9,11,12	2	18341605	1.0904171145327794e-07
8	straight	mask_1ae3	0,1,5,6,7,9,11,12	21	18341605	1.1449379702594184e-06
8	straight	mask_1ae5	0,2,5,6,7,9,11,12	12	18341605	6.5425026871966761e-07
8	straight	mask_1ae6	1,2,5,6,7,9,11,12	100	18341605	5.4520855726638973e-06
8	straight	mask_1ae9	0,3,5,6,7,9,11,12	2	18341605	1.0904171145327794e-07
8	straight	mask_1aea	1,3,5,6,7,9,11,12	10	18341605	5.4520855726638975e-07
8	straight	mask_1af1	0,4,5,6,7,9,11,12	22	18341605	1.1994588259860575e-06
8	straight	mask_1af2	1,4,5,6,7,9,11,12	23	18341605	1.2539796817126963e-06
8	straight	mask_1af4	2,4,5,6,7,9,11,12	39	18341605	2.1263133733389199e-06
8	straight	mask_1af8	3,4,5,6,7,9,11,12	3	18341605	1.635625671799169e-07
8	straight	mask_1b17	0,1,2,4,8,9,11,12	145	18341605	7.9055240803626504e-06
8	straight	mask_1b1b	0,1,3,4,8,9,11,12	3	18341605	1.635625671799169e-07
8	straight	mask_1b1e	1,2,3,4,8,9,11,12	3	18341605	1.635625671799169e-07
8	straight	mask_1b27	0,1,2,5,8,9,11,12	26	18341605	1.4175422488926132e-06
8	straight	mask_1b2d	0,2,3,5,8,9,11,12	2	18341605	1.0904171145327794e-07
8	straight	mask_1b2e	1,2,3,5,8,9,11,12	1	18341605	5.4520855726638972e-08
8	straight	mask_1b33	0,1,4,5,8,9,11,12	22260	18341605	0.0012136342484749835
8	straight	mask_1b35	0,2,4,5,8,9,11,12	260	18341605	1.4175422488926133e-05
8	straight	mask_1b36	1,2,4,5,8,9,11,12	107	18341605	5.8337315627503701e-06
8	straight	mask_1b39	0,3,4,5,8,9,11,12	2	18341605	1.0904171145327794e-07
8	straight	mask_1b3a	1,3,4,5,8,9,11,12	6	18341605	3.2712513435983381e-07
8	straight	mask_1b3c	2,3,4,5,8,9,11,12	3	18341605	1.635625671799169e-07
8	straight	mask_1b47	0,1,2,6,8,9,11,12	4	18341605	2.1808342290655589e-07
8	straight	mask_1b4e	1,2,3,6,8,9,11,12	1	18341605	5.4520855726638972e-08
8	straight	mask_1b53	0,1,4,6,8,9,11,12	1531	18341605	8.347143011748426e-05
8	straight	mask_1b55	0,2,4,6,8,9,11,12	23	18341605	1.2539796817126963e-06
8	straight	mask_1b56	1,2,4,6,8,9,11,12	19	18341605	1.0358962588061404e-06
8	straight	mask_1b5a	1,3,4,6,8,9,11,12	6	18341605	3.2712513435983381e-07
8	straight	mask_1b5c	2,3,4,6,8,9,11,12	1	18341605	5.4520855726638972e-08
8	straight	mask_1b63	0,1,5,6,8,9,11,12	108	18341605	5.8882524184770091e-06
8	straight	mask_1b65	0,2,5,6,8,9,11,12	26	18341605	1.4175422488926132e-06
8	straight	mask_1b66	1,2,5,6,8,9,11,12	139	18341605	7.5783989460028167e-06
8	straight	mask_1b6a	1,3,5,6,8,9,11,12	4	18341605	2.1808342290655589e-07
8	straight	mask_1b6c	2,3,5,6,8,9,11,12	13	18341605	7.087711244463066e-07
8	straight	mask_1b72	1,4,5,6,8,9,11,12	335	18341605	1.8264486668424056e-05
8	straight	mask_1b74	2,4,5,6,8,9,11,12	83	18341605	4.5252310253110344e-06
8	straight	mask_1b78	3,4,5,6,8,9,11,12	10	18341605	5.4520855726638975e-07
8	straight	mask_1b87	0,1,2,7,8,9,11,12	1	18341605	5.4520855726638972e-08
8	straight	mask_1b96	1,2,4,7,8,9,11,12	2	18341605	1.0904171145327794e-07
8	straight	mask_1ba5	0,2,5,7,8,9,11,12	3	18341605	1.635625671799169e-07
8	straight	mask_1ba6	1,2,5,7,8,9,11,12	4	18341605	2.1808342290655589e-07
8	straight	mask_1bb1	0,4,5,7,8,9,11,12	3	18341605	1.635625671799169e-07
8	straight	mask_1bb2	1,4,5,7,8,9,11,12	4	18341605	2.1808342290655589e-07
8	straight	mask_1bb4	2,4,5,7,8,9,11,12	2	18341605	1.0904171145327794e-07
8	straight	mask_1bc5	0,2,6,7,8,9,11,12	1	18341605	5.4520855726638972e-08
8	straight	mask_1bc6	1,2,6,7,8,9,11,12	6	18341605	3.2712513435983381e-07
8	straight	mask_1bcc	2,3,6,7,8,9,11,12	8	18341605	4.3616684581311178e-07
8	straight	mask_1bd1	0,4,6,7,8,9,11,12	2	18341605	1.0904171145327794e-07
8	straight	mask_1bd2	1,4,6,7,8,9,11,12	2	18341605	1.0904171145327794e-07
8	straight	mask_1be1	0,5,6,7,8,9,11,12	27	18341605	1.4720631046192523e-06
8	straight	mask_1be2	1,5,6,7,8,9,11,12	34	18341605	1.8537090947057251e-06
8	straight	mask_1be4	2,5,6,7,8,9,11,12	89	18341605	4.8523561596708681e-06
8	straight	mask_1c1f	0,1,2,3,4,10,11,12	413	18341605	2.2517113415101896e-05
8	straight	mask_1c2f	0,1,2,3,5,10,11,12	7	18341605	3.8164599008647279e-07
8	straight	mask_1c37	0,1,2,4,5,10,11,12	13	18341605	7.087711244463066e-07
8	straight	mask_1c3b	0,1,3,4,5,10,11,12	3	18341605	1.635625671799169e-07
8	straight	mask_1c3d	0,2,3,4,5,10,11,12	2	18341605	1.0904171145327794e-07
8	straight	mask_1c3e	1,2,3,4,5,10,11,12	21	18341605	1.1449379702594184e-06
8	straight	mask_1c4f	0,1,2,3,6,10,11,12	4	18341605	2.1808342290655589e-07
8	straight	mask_1c57	0,1,2,4,6,10,11,12	5	18341605	2.7260427863319487e-07
8	straight	mask_1c5b	0,1,3,4,6,10,11,12	1	18341605	5.4520855726638972e-08
8	straight	mask_1c5e	1,2,3,4,6,10,11,12	3	18341605	1.635625671799169e-07
8	straight	mask_1c67	0,1,2,5,6,10,11,12	21	18341605	1.1449379702594184e-06
8	straight	mask_1c6b	0,1,3,5,6,10,11,12	5	18341605	2.7260427863319487e-07
8	straight	mask_1c6d	0,2,3,5,6,10,11,12	7	18341605	3.8164599008647279e-07
8	straight	mask_1c6e	1,2,3,5,6,10,11,12	87	18341605	4.7433144482175908e-06
8	straight	mask_1c73	0,1,4,5,6,10,11,12	39	18341605	2.1263133733389199e-06
8	straight	mask_1c75	0,2,4,5,6,10,11,12	6	18341605	3.2712513435983381e-07
8	straight	mask_1c76	1,2,4,5,6,10,11,12	49	18341605	2.6715219306053095e-06
8	straight	mask_1c79	0,3,4,5,6,10,11,12	1	18341605	5.4520855726638972e-08
8	straight	mask_1c7a	1,3,4,5,6,10,11,12	13	18341605	7.087711244463066e-07
8	straight	mask_1c7c	2,3,4,5,6,10,11,12	16	18341605	8.7233369162622355e-07
8	straight	mask_1c8f	0,1,2,3,7,10,11,12	9	18341605	4.9068770153975076e-07
8	straight	mask_1c97	0,1,2,4,7,10,11,12	1	18341605	5.4520855726638972e-08
8	straight	mask_1ca7	0,1,2,5,7,10,11,12	8	18341605	4.3616684581311178e-07
8	straight	mask_1cab	0,1,3,5,7,10,11,12	1	18341605	5.4520855726638972e-08
8	straight	mask_1cad	0,2,3,5,7,10,11,12	4	18341605	2.1808342290655589e-07
8	straight	mask_1cae	1,2,3,5,7,10,11,12	4	18341605	2.1808342290655589e-07
8	straight	mask_1cb3	0,1,4,5,7,10,11,12	2	18341605	1.0904171145327794e-07
8	straight	mask_1cb5	0,2,4,5,7,10,11,12	2	18341605	1.0904171145327794e-07
8	straight	mask_1cb6	1,2,4,5,7,10,11,12	6	18341605	3.2712513435983381e-07
8	straight	mask_1cbc	2,3,4,5,7,10,11,12	3	18341605	1.635625671799169e-07
8	straight	mask_1cc7	0,1,2,6,7,10,11,12	12	18341605	6.5425026871966761e-07
8	straight	mask_1ccb	0,1,3,6,7,10,11,12	6	18341605	3.2712513435983381e-07
8	straight	mask_1ccd	0,2,3,6,7,10,11,12	3	18341605	1.635625671799169e-07
8	straight	mask_1cd3	0,1,4,6,7,10,11,12	1	18341605	5.4520855726638972e-08
8	straight	mask_1cd5	0,2,4,6,7,10,11,12	1	18341605	5.4520855726638972e-08
8	straight	mask_1cd6	1,2,4,6,7,10,11,12	6	18341605	3.2712513435983381e-07
8	straight	mask_1cda	1,3,4,6,7,10,11,12	5	18341605	2.7260427863319487e-07
8	straight	mask_1cdc	2,3,4,6,7,10,11,12	6	18341605	3.2712513435983381e-07
8	straight	mask_1ce3	0,1,5,6,7,10,11,12	89	18341605	4.8523561596708681e-06
8	straight	mask_1ce5	0,2,5,6,7,10,11,12	30	18341605	1.6356256717991691e-06
8	straight	mask_1ce6	1,2,5,6,7,10,11,12	133	18341605	7.251273811642983e-06
8	straight	mask_1ce9	0,3,5,6,7,10,11,12	12	18341605	6.5425026871966761e-07
8	straight	mask_1cf1	0,4,5,6,7,10,11,12	14	18341605	7.6329198017294558e-07
8	straight	mask_1cf2	1,4,5,6,7,10,11,12	36	18341605	1.962750806159003e-06
8	straight	mask_1cf4	2,4,5,6,7,10,11,12	21	18341605	1.1449379702594184e-06
8	straight	mask_1cf8	3,4,5,6,7,10,11,12	10	18341605	5.4520855726638975e-07
8	straight	mask_1d17	0,1,2,4,8,10,11,12	65	18341605	3.5438556222315333e-06
8	straight	mask_1d1e	1,2,3,4,8,10,11,12	2	18341605	1.0904171145327794e-07
8	straight	mask_1d27	0,1,2,5,8,10,11,12	5	18341605	2.7260427863319487e-07
8	straight	mask_1d2b	0,1,3,5,8,10,11,12	1	18341605	5.4520855726638972e-08
8	straight	mask_1d2d	0,2,3,5,8,10,11,12	1	18341605	5.4520855726638972e-08
8	straight	mask_1d33	0,1,4,5,8,10,11,12	5072	18341605	0.00027652978024551286
8	straight	mask_1d35	0,2,4,5,8,10,11,12	20	18341605	1.0904171145327795e-06
8	straight	mask_1d36	1,2,4,5,8,10,11,12	29	18341605	1.5811048160725303e-06
8	straight	mask_1d3a	1,3,4,5,8,10,11,12	4	18341605	2.1808342290655589e-07
8	straight	mask_1d3c	2,3,4,5,8,10,11,12	2	18341605	1.0904171145327794e-07
8	straight	mask_1d4e	1,2,3,6,8,10,11,12	1	18341605	5.4520855726638972e-08
8	straight	mask_1d53	0,1,4,6,8,10,11,12	509	18341605	2.7751115564859236e-05
8	straight	mask_1d55	0,2,4,6,8,10,11,12	9	18341605	4.9068770153975076e-07
8	straight	mask_1d56	1,2,4,6,8,10,11,12	4	18341605	2.1808342290655589e-07
8	straight	mask_1d5a	1,3,4,6,8,10,11,12	1	18341605	5.4520855726638972e-08
8	straight	mask_1d63	0,1,5,6,8,10,11,12	38	18341605	2.0717925176122808e-06
8	straight	mask_1d65	0,2,5,6,8,10,11,12	6	18341605	3.2712513435983381e-07
8	straight	mask_1d66	1,2,5,6,8,10,11,12	88	18341605	4.7978353039442299e-06
8	straight	mask_1d69	0,3,5,6,8,10,11,12	1	18341605	5.4520855726638972e-08
8	straight	mask_1d6a	1,3,5,6,8,10,11,12	9	18341605	4.9068770153975076e-07
8	straight	mask_1d6c	2,3,5,6,8,10,11,12	5	18341605	2.7260427863319487e-07
8	straight	mask_1d72	1,4,5,6,8,10,11,12	96	18341605	5.2340021497573409e-06
8	straight	mask_1d74	2,4,5,6,8,10,11,12	13	18341605	7.087711244463066e-07
8	straight	mask_1d78	3,4,5,6,8,10,11,12	2	18341605	1.0904171145327794e-07
8	straight	mask_1d87	0,1,2,7,8,10,11,12	1	18341605	5.4520855726638972e-08
8	straight	mask_1d93	0,1,4,7,8,10,11,12	2	18341605	1.0904171145327794e-07
8	straight	mask_1d96	1,2,4,7,8,10,11,12	3	18341605	1.635625671799169e-07
8	straight	mask_1da3	0,1,5,7,8,10,11,12	1	18341605	5.4520855726638972e-08
8	straight	mask_1da5	0,2,5,7,8,10,11,12	1	18341605	5.4520855726638972e-08
8	straight	mask_1da6	1,2,5,7,8,10,11,12	5	18341605	2.7260427863319487e-07
8	straight	mask_1daa	1,3,5,7,8,10,11,12	1	18341605	5.4520855726638972e-08
8	straight	mask_1db2	1,4,5,7,8,10,11,12	7	18341605	3.8164599008647279e-07
8	straight	mask_1db4	2,4,5,7,8,10,11,12	1	18341605	5.4520855726638972e-08
8	straight	mask_1dc3	0,1,6,7,8,10,11,12	2	18341605	1.0904171145327794e-07
8	straight	mask_1dc5	0,2,6,7,8,10,11,12	1	18341605	5.4520855726638972e-08
8	straight	mask_1dc6	1,2,6,7,8,10,11,12	6	18341605	3.2712513435983381e-07
8	straight	mask_1dca	1,3,6,7,8,10,11,12	2	18341605	1.0904171145327794e-07
8	straight	mask_1dcc	2,3,6,7,8,10,11,12	5	18341605	2.7260427863319487e-07
8	straight	mask_1dd2	1,4,6,7,8,10,11,12	6	18341605	3.2712513435983381e-07
8	straight	mask_1de1	0,5,6,7,8,10,11,12	20	18341605	1.0904171145327795e-06
8	straight	mask_1de2	1,5,6,7,8,10,11,12	60	18341605	3.2712513435983383e-06
8	straight	mask_1de4	2,5,6,7,8,10,11,12	30	18341605	1.6356256717991691e-06
8	straight	mask_1e0f	0,1,2,3,9,10,11,12	1	18341605	5.4520855726638972e-08
8	straight	mask_1e17	0,1,2,4,9,10,11,12	19	18341605	1.0358962588061404e-06
8	straight	mask_1e1b	0,1,3,4,9,10,11,12	2	18341605	1.0904171145327794e-07
8	straight	mask_1e1d	0,2,3,4,9,10,11,12	2	18341605	1.0904171145327794e-07
8	straight	mask_1e1e	1,2,3,4,9,10,11,12	7	18341605	3.8164599008647279e-07
8	straight	mask_1e27	0,1,2,5,9,10,11,12	21	18341605	1.1449379702594184e-06
8	straight	mask_1e2b	0,1,3,5,9,10,11,12	2	18341605	1.0904171145327794e-07
8	straight	mask_1e2d	0,2,3,5,9,10,11,12	1	18341605	5.4520855726638972e-08
8	straight	mask_1e2e	1,2,3,5,9,10,11,12	10	18341605	5.4520855726638975e-07
8	straight	mask_1e33	0,1,4,5,9,10,11,12	413	18341605	2.2517113415101896e-05
8	straight	mask_1e35	0,2,4,5,9,10,11,12	48	18341605	2.6170010748786704e-06
8	straight	mask_1e36	1,2,4,5,9,10,11,12	113	18341605	6.1608566971102038e-06
8	straight	mask_1e39	0,3,4,5,9,10,11,12	2	18341605	1.0904171145327794e-07
8	straight	mask_1e3a	1,3,4,5,9,10,11,12	19	18341605	1.0358962588061404e-06
8	straight	mask_1e3c	2,3,4,5,9,10,11,12	5	18341605	2.7260427863319487e-07
8	straight	mask_1e47	0,1,2,6,9,10,11,12	2	18341605	1.0904171145327794e-07
8	straight	mask_1e4d	0,2,3,6,9,10,11,12	1	18341605	5.4520855726638972e-08
8	straight	mask_1e53	0,1,4,6,9,10,11,12	37	18341605	2.0172716618856421e-06
8	straight	mask_1e55	0,2,4,6,9,10,11,12	13	18341605	7.087711244463066e-07
8	straight	mask_1e56	1,2,4,6,9,10,11,12	36	18341605	1.962750806159003e-06
8	straight	mask_1e5a	1,3,4,6,9,10,11,12	4	18341605	2.1808342290655589e-07
8	straight	mask_1e5c	2,3,4,6,9,10,11,12	2	18341605	1.0904171145327794e-07
8	straight	mask_1e63	0,1,5,6,9,10,11,12	181	18341605	9.8682748865216543e-06
8	straight	mask_1e65	0,2,5,6,9,10,11,12	57	18341605	3.1076887764184214e-06
8	straight	mask_1e66	1,2,5,6,9,10,11,12	549	18341605	2.9931949793924796e-05
8	straight	mask_1e69	0,3,5,6,9,10,11,12	5	18341605	2.7260427863319487e-07
8	straight	mask_1e6a	1,3,5,6,9,10,11,12	40	18341605	2.180834229065559e-06
8	straight	mask_1e72	1,4,5,6,9,10,11,12	612	18341605	3.3366763704703053e-05
8	straight	mask_1e74	2,4,5,6,9,10,11,12	234	18341605	1.275788024003352e-05
8	straight	mask_1e78	3,4,5,6,9,10,11,12	13	18341605	7.087711244463066e-07
8	straight	mask_1e87	0,1,2,7,9,10,11,12	1	18341605	5.4520855726638972e-08
8	straight	mask_1e8d	0,2,3,7,9,10,11,12	1	18341605	5.4520855726638972e-08
8	straight	mask_1e93	0,1,4,7,9,10,11,12	2	18341605	1.0904171145327794e-07
8	straight	mask_1ea3	0,1,5,7,9,10,11,12	11	18341605	5.9972941299302873e-07
8	straight	mask_1ea5	0,2,5,7,9,10,11,12	6	18341605	3.2712513435983381e-07
8	straight	mask_1ea6	1,2,5,7,9,10,11,12	23	18341605	1.2539796817126963e-06
8	straight	mask_1eb2	1,4,5,7,9,10,11,12	28	18341605	1.5265839603458912e-06
8	straight	mask_1eb4	2,4,5,7,9,10,11,12	17	18341605	9.2685454735286254e-07
8	straight	mask_1ec3	0,1,6,7,9,10,11,12	40	18341605	2.180834229065559e-06
8	straight	mask_1ec5	0,2,6,7,9,10,11,12	7	18341605	3.8164599008647279e-07
8	straight	mask_1ed2	1,4,6,7,9,10,11,12	35	18341605	1.908229950432364e-06
8	straight	mask_1ed4	2,4,6,7,9,10,11,12	26	18341605	1.4175422488926132e-06
8	straight	mask_1ee1	0,5,6,7,9,10,11,12	102	18341605	5.5611272841171754e-06
8	straight	mask_1f07	0,1,2,8,9,10,11,12	1	18341605	5.4520855726638972e-08
8	straight	mask_1f0d	0,2,3,8,9,10,11,12	1	18341605	5.4520855726638972e-08
8	straight	mask_1f13	0,1,4,8,9,10,11,12	4970	18341605	0.00027096865296139569
8	straight	mask_1f15	0,2,4,8,9,10,11,12	30	18341605	1.6356256717991691e-06
8	straight	mask_1f16	1,2,4,8,9,10,11,12	6	18341605	3.2712513435983381e-07
8	straight	mask_1f19	0,3,4,8,9,10,11,12	3	18341605	1.635625671799169e-07
8	straight	mask_1f1a	1,3,4,8,9,10,11,12	3	18341605	1.635625671799169e-07
8	straight	mask_1f1c	2,3,4,8,9,10,11,12	1	18341605	5.4520855726638972e-08
8	straight	mask_1f23	0,1,5,8,9,10,11,12	243	18341605	1.324856794157327e-05
8	straight	mask_1f25	0,2,5,8,9,10,11,12	15	18341605	8.1781283589958457e-07
8	straight	mask_1f26	1,2,5,8,9,10,11,12	37	18341605	2.0172716618856421e-06
8	straight	mask_1f2a	1,3,5,8,9,10,11,12	16	18341605	8.7233369162622355e-07
8	straight	mask_1f2c	2,3,5,8,9,10,11,12	4	18341605	2.1808342290655589e-07
8	straight	mask_1f32	1,4,5,8,9,10,11,12	1071	18341605	5.8391836483230342e-05
8	straight	mask_1f34	2,4,5,8,9,10,11,12	64	18341605	3.4893347665048942e-06
8	straight	mask_1f43	0,1,6,8,9,10,11,12	9	18341605	4.9068770153975076e-07
8	straight	mask_1f45	0,2,6,8,9,10,11,12	4	18341605	2.1808342290655589e-07
8	straight	mask_1f46	1,2,6,8,9,10,11,12	21	18341605	1.1449379702594184e-06
8	straight	mask_1f4a	1,3,6,8,9,10,11,12	3	18341605	1.635625671799169e-07
8	straight	mask_1f4c	2,3,6,8,9,10,11,12	9	18341605	4.9068770153975076e-07
8	straight	mask_1f52	1,4,6,8,9,10,11,12	83	18341605	4.5252310253110344e-06
8	straight	mask_1f54	2,4,6,8,9,10,11,12	20	18341605	1.0904171145327795e-06
8	straight	mask_1f62	1,5,6,8,9,10,11,12	803	18341605	4.3780247148491096e-05
8	straight	mask_1f64	2,5,6,8,9,10,11,12	368	18341605	2.0063674907403142e-05
8	straight	mask_1f86	1,2,7,8,9,10,11,12	3	18341605	1.635625671799169e-07
8	straight	mask_1f8a	1,3,7,8,9,10,11,12	1	18341605	5.4520855726638972e-08
8	straight	mask_1f8c	2,3,7,8,9,10,11,12	2	18341605	1.0904171145327794e-07
8	straight	mask_1f92	1,4,7,8,9,10,11,12	5	18341605	2.7260427863319487e-07
8	straight	mask_1f94	2,4,7,8,9,10,11,12	1	18341605	5.4520855726638972e-08
8	straight	mask_1fa2	1,5,7,8,9,10,11,12	55	18341605	2.9986470649651437e-06
8	straight	mask_1fa4	2,5,7,8,9,10,11,12	25	18341605	1.3630213931659743e-06
8	straight	mask_1fc2	1,6,7,8,9,10,11,12	35	18341605	1.908229950432364e-06
8	straight	mask_1fc4	2,6,7,8,9,10,11,12	62	18341605	3.3802930550516165e-06
8	straight	mask_20bf	0,1,2,3,4,5,7,13	3399	18341605	0.00018531638861484586
8	straight	mask_20df	0,1,2,3,4,6,7,13	2862	18341605	0.00015603868908964074
8	straight	mask_20f7	0,1,2,4,5,6,7,13	906	18341605	4.9395895288334907e-05
8	straight	mask_20fb	0,1,3,4,5,6,7,13	50	18341605	2.7260427863319486e-06
8	straight	mask_20fd	0,2,3,4,5,6,7,13	104	18341605	5.6701689955704528e-06
8	straight	mask_20fe	1,2,3,4,5,6,7,13	392	18341605	2.1372175444842476e-05
8	straight	mask_219f	0,1,2,3,4,7,8,13	415	18341605	2.2626155126555173e-05
8	straight	mask_21af	0,1,2,3,5,7,8,13	6781	18341605	0.00036970592268233886
8	straight	mask_21b7	0,1,2,4,5,7,8,13	167	18341605	9.1049829063487087e-06
8	straight	mask_21bb	0,1,3,4,5,7,8,13	2	18341605	1.0904171145327794e-07
8	straight	mask_21bd	0,2,3,4,5,7,8,13	34	18341605	1.8537090947057251e-06
8	straight	mask_21be	1,2,3,4,5,7,8,13	57	18341605	3.1076887764184214e-06
8	straight	mask_21cf	0,1,2,3,6,7,8,13	6224	18341605	0.00033933780604260099
8	straight	mask_21d7	0,1,2,4,6,7,8,13	74	18341605	4.0345433237712843e-06
8	straight	mask_21db	0,1,3,4,6,7,8,13	8	18341605	4.3616684581311178e-07
8	straight	mask_21dd	0,2,3,4,6,7,8,13	4	18341605	2.1808342290655589e-07
8	straight	mask_21de	1,2,3,4,6,7,8,13	53	18341605	2.8896053535118655e-06
8	straight	mask_21e7	0,1,2,5,6,7,8,13	785	18341605	4.2798871745411594e-05
8	straight	mask_21eb	0,1,3,5,6,7,8,13	76	18341605	4.1435850352245616e-06
8	straight	mask_21ed	0,2,3,5,6,7,8,13	127	18341605	6.9241486772831493e-06
8	straight	mask_21ee	1,2,3,5,6,7,8,13	177	18341605	9.650191463615098e-06
8	straight	mask_21f3	0,1,4,5,6,7,8,13	315	18341605	1.7174069553891277e-05
8	straight	mask_21f5	0,2,4,5,6,7,8,13	220	18341605	1.1994588259860575e-05
8	straight	mask_21f6	1,2,4,5,6,7,8,13	424	18341605	2.3116842828094924e-05
8	straight	mask_21f9	0,3,4,5,6,7,8,13	29	18341605	1.5811048160725303e-06
8	straight	mask_21fa	1,3,4,5,6,7,8,13	65	18341605	3.5438556222315333e-06
8	straight	mask_21fc	2,3,4,5,6,7,8,13	36	18341605	1.962750806159003e-06
8	straight	mask_229f	0,1,2,3,4,7,9,13	677	18341605	3.6910619326934583e-05
8	straight	mask_22bb	0,1,3,4,5,7,9,13	9	18341605	4.9068770153975076e-07
8	straight	mask_22bd	0,2,3,4,5,7,9,13	72	18341605	3.9255016123180061e-06
8	straight	mask_22be	1,2,3,4,5,7,9,13	108	18341605	5.8882524184770091e-06
8	straight	mask_22d7	0,1,2,4,6,7,9,13	86	18341605	4.6887935924909517e-06
8	straight	mask_22db	0,1,3,4,6,7,9,13	15	18341605	8.1781283589958457e-07
8	straight	mask_22dd	0,2,3,4,6,7,9,13	11	18341605	5.9972941299302873e-07
8	straight	mask_22de	1,2,3,4,6,7,9,13	79	18341605	4.3071476024044789e-06
8	straight	mask_22f3	0,1,4,5,6,7,9,13	187	18341605	1.0195400020881487e-05
8	straight	mask_22f5	0,2,4,5,6,7,9,13	469	18341605	2.5570281335793679e-05
8	straight	mask_22f6	1,2,4,5,6,7,9,13	1027	18341605	5.5992918831258226e-05
8	straight	mask_22f9	0,3,4,5,6,7,9,13	94	18341605	5.1249604383040636e-06
8	straight	mask_22fa	1,3,4,5,6,7,9,13	170	18341605	9.2685454735286252e-06
8	straight	mask_22fc	2,3,4,5,6,7,9,13	192	18341605	1.0468004299514682e-05
8	straight	mask_238f	0,1,2,3,7,8,9,13	90	18341605	4.9068770153975072e-06
8	straight	mask_239b	0,1,3,4,7,8,9,13	2	18341605	1.0904171145327794e-07
8	straight	mask_239e	1,2,3,4,7,8,9,13	19	18341605	1.0358962588061404e-06
8	straight	mask_23ab	0,1,3,5,7,8,9,13	3	18341605	1.635625671799169e-07
8	straight	mask_23ad	0,2,3,5,7,8,9,13	47	18341605	2.5624802191520318e-06
8	straight	mask_23ae	1,2,3,5,7,8,9,13	18	18341605	9.8137540307950152e-07
8	straight	mask_23b9	0,3,4,5,7,8,9,13	7	18341605	3.8164599008647279e-07
8	straight	mask_23ba	1,3,4,5,7,8,9,13	12	18341605	6.5425026871966761e-07
8	straight	mask_23bc	2,3,4,5,7,8,9,13	20	18341605	1.0904171145327795e-06
8	straight	mask_23c7	0,1,2,6,7,8,9,13	51	18341605	2.7805636420585877e-06
8	straight	mask_23cb	0,1,3,6,7,8,9,13	6	18341605	3.2712513435983381e-07
8	straight	mask_23cd	0,2,3,6,7,8,9,13	13	18341605	7.087711244463066e-07
8	straight	mask_23ce	1,2,3,6,7,8,9,13	46	18341605	2.5079593634253927e-06
8	straight	mask_23d6	1,2,4,6,7,8,9,13	48	18341605	2.6170010748786704e-06
8	straight	mask_23d9	0,3,4,6,7,8,9,13	5	18341605	2.7260427863319487e-07
8	straight	mask_23da	1,3,4,6,7,8,9,13	31	18341605	1.6901465275258082e-06
8	straight	mask_23dc	2,3,4,6,7,8,9,13	23	18341605	1.2539796817126963e-06
8	straight	mask_23e5	0,2,5,6,7,8,9,13	157	18341605	8.5597743490823178e-06
8	straight	mask_23e6	1,2,5,6,7,8,9,13	434	18341605	2.3662051385361313e-05
8	straight	mask_23e9	0,3,5,6,7,8,9,13	42	18341605	2.2898759405188367e-06
8	straight	mask_23ea	1,3,5,6,7,8,9,13	94	18341605	5.1249604383040636e-06
8	straight	mask_23ec	2,3,5,6,7,8,9,13	121	18341605	6.5970235429233156e-06
8	straight	mask_249f	0,1,2,3,4,7,10,13	97	18341605	5.28852300548398e-06
8	straight	mask_24b7	0,1,2,4,5,7,10,13	22	18341605	1.1994588259860575e-06
8	straight	mask_24bb	0,1,3,4,5,7,10,13	2	18341605	1.0904171145327794e-07
8	straight	mask_24bd	0,2,3,4,5,7,10,13	3	18341605	1.635625671799169e-07
8	straight	mask_24be	1,2,3,4,5,7,10,13	31	18341605	1.6901465275258082e-06
8	straight	mask_24d7	0,1,2,4,6,7,10,13	15	18341605	8.1781283589958457e-07
8	straight	mask_24db	0,1,3,4,6,7,10,13	6	18341605	3.2712513435983381e-07
8	straight	mask_24dd	0,2,3,4,6,7,10,13	3	18341605	1.635625671799169e-07
8	straight	mask_24de	1,2,3,4,6,7,10,13	28	18341605	1.5265839603458912e-06
8	straight	mask_24f3	0,1,4,5,6,7,10,13	101	18341605	5.5066064283905364e-06
8	straight	mask_24f5	0,2,4,5,6,7,10,13	64	18341605	3.4893347665048942e-06
8	straight	mask_24f6	1,2,4,5,6,7,10,13	406	18341605	2.2135467425015422e-05
8	straight	mask_24f9	0,3,4,5,6,7,10,13	21	18341605	1.1449379702594184e-06
8	straight	mask_24fa	1,3,4,5,6,7,10,13	146	18341605	7.9600449360892904e-06
8	straight	mask_24fc	2,3,4,5,6,7,10,13	89	18341605	4.8523561596708681e-06
8	straight	mask_258f	0,1,2,3,7,8,10,13	26	18341605	1.4175422488926132e-06
8	straight	mask_25a7	0,1,2,5,7,8,10,13	6	18341605	3.2712513435983381e-07
8	straight	mask_25ab	0,1,3,5,7,8,10,13	1	18341605	5.4520855726638972e-08
8	straight	mask_25ad	0,2,3,5,7,8,10,13	1	18341605	5.4520855726638972e-08
8	straight	mask_25ae	1,2,3,5,7,8,10,13	1	18341605	5.4520855726638972e-08
8	straight	mask_25b6	1,2,4,5,7,8,10,13	12	18341605	6.5425026871966761e-07
8	straight	mask_25ba	1,3,4,5,7,8,10,13	3	18341605	1.635625671799169e-07
8	straight	mask_25bc	2,3,4,5,7,8,10,13	2	18341605	1.0904171145327794e-07
8	straight	mask_25c7	0,1,2,6,7,8,10,13	9	18341605	4.9068770153975076e-07
8	straight	mask_25cb	0,1,3,6,7,8,10,13	5	18341605	2.7260427863319487e-07
8	straight	mask_25ce	1,2,3,6,7,8,10,13	19	18341605	1.0358962588061404e-06
8	straight	mask_25d3	0,1,4,6,7,8,10,13	3	18341605	1.635625671799169e-07
8	straight	mask_25d5	0,2,4,6,7,8,10,13	1	18341605	5.4520855726638972e-08
8	straight	mask_25d6	1,2,4,6,7,8,10,13	7	18341605	3.8164599008647279e-07
8	straight	mask_25d9	0,3,4,6,7,8,10,13	2	18341605	1.0904171145327794e-07
8	straight	mask_25da	1,3,4,6,7,8,10,13	3	18341605	1.635625671799169e-07
8	straight	mask_25e3	0,1,5,6,7,8,10,13	73	18341605	3.9800224680446452e-06
8	straight	mask_25e5	0,2,5,6,7,8,10,13	59	18341605	3.2167304878716992e-06
8	straight	mask_25e6	1,2,5,6,7,8,10,13	119	18341605	6.4879818314700375e-06
8	straight	mask_25e9	0,3,5,6,7,8,10,13	10	18341605	5.4520855726638975e-07
8	straight	mask_25ea	1,3,5,6,7,8,10,13	41	18341605	2.2353550847921977e-06
8	straight	mask_25ec	2,3,5,6,7,8,10,13	27	18341605	1.4720631046192523e-06
8	straight	mask_25f2	1,4,5,6,7,8,10,13	183	18341605	9.9773165979749325e-06
8	straight	mask_25f4	2,4,5,6,7,8,10,13	104	18341605	5.6701689955704528e-06
8	straight	mask_269e	1,2,3,4,7,9,10,13	7	18341605	3.8164599008647279e-07
8	straight	mask_26b9	0,3,4,5,7,9,10,13	8	18341605	4.3616684581311178e-07
8	straight	mask_26ba	1,3,4,5,7,9,10,13	28	18341605	1.5265839603458912e-06
8	straight	mask_26bc	2,3,4,5,7,9,10,13	37	18341605	2.0172716618856421e-06
8	straight	mask_26d3	0,1,4,6,7,9,10,13	31	18341605	1.6901465275258082e-06
8	straight	mask_26d5	0,2,4,6,7,9,10,13	51	18341605	2.7805636420585877e-06
8	straight	mask_26d6	1,2,4,6,7,9,10,13	136	18341605	7.4148363788229003e-06
8	straight	mask_26d9	0,3,4,6,7,9,10,13	21	18341605	1.1449379702594184e-06
8	straight	mask_26da	1,3,4,6,7,9,10,13	84	18341605	4.5797518810376735e-06
8	straight	mask_26dc	2,3,4,6,7,9,10,13	64	18341605	3.4893347665048942e-06
8	straight	mask_26f2	1,4,5,6,7,9,10,13	813	18341605	4.4325455705757485e-05
8	straight	mask_26f4	2,4,5,6,7,9,10,13	1430	18341605	7.7964823689093726e-05
8	straight	mask_278d	0,2,3,7,8,9,10,13	1	18341605	5.4520855726638972e-08
8	straight	mask_278e	1,2,3,7,8,9,10,13	2	18341605	1.0904171145327794e-07
8	straight	mask_2799	0,3,4,7,8,9,10,13	3	18341605	1.635625671799169e-07
8	straight	mask_279a	1,3,4,7,8,9,10,13	2	18341605	1.0904171145327794e-07
8	straight	mask_279c	2,3,4,7,8,9,10,13	1	18341605	5.4520855726638972e-08
8	straight	mask_27a9	0,3,5,7,8,9,10,13	5	18341605	2.7260427863319487e-07
8	straight	mask_27aa	1,3,5,7,8,9,10,13	18	18341605	9.8137540307950152e-07
8	straight	mask_27ac	2,3,5,7,8,9,10,13	13	18341605	7.087711244463066e-07
8	straight	mask_27c5	0,2,6,7,8,9,10,13	6	18341605	3.2712513435983381e-07
8	straight	mask_27c6	1,2,6,7,8,9,10,13	133	18341605	7.251273811642983e-06
8	straight	mask_27c9	0,3,6,7,8,9,10,13	7	18341605	3.8164599008647279e-07
8	straight	mask_27ca	1,3,6,7,8,9,10,13	26	18341605	1.4175422488926132e-06
8	straight	mask_27e4	2,5,6,7,8,9,10,13	264	18341605	1.4393505911832688e-05
8	straight	mask_283f	0,1,2,3,4,5,11,13	565	18341605	3.0804283485551018e-05
8	straight	mask_285f	0,1,2,3,4,6,11,13	306	18341605	1.6683381852351526e-05
8	straight	mask_2877	0,1,2,4,5,6,11,13	55	18341605	2.9986470649651437e-06
8	straight	mask_287b	0,1,3,4,5,6,11,13	10	18341605	5.4520855726638975e-07
8	straight	mask_287d	0,2,3,4,5,6,11,13	21	18341605	1.1449379702594184e-06
8	straight	mask_287e	1,2,3,4,5,6,11,13	95	18341605	5.1794812940307027e-06
8	straight	mask_289f	0,1,2,3,4,7,11,13	13	18341605	7.087711244463066e-07
8	straight	mask_28b7	0,1,2,4,5,7,11,13	10	18341605	5.4520855726638975e-07
8	straight	mask_28bd	0,2,3,4,5,7,11,13	3	18341605	1.635625671799169e-07
8	straight	mask_28be	1,2,3,4,5,7,11,13	6	18341605	3.2712513435983381e-07
8	straight	mask_28d7	0,1,2,4,6,7,11,13	1	18341605	5.4520855726638972e-08
8	straight	mask_28db	0,1,3,4,6,7,11,13	1	18341605	5.4520855726638972e-08
8	straight	mask_28dd	0,2,3,4,6,7,11,13	1	18341605	5.4520855726638972e-08
8	straight	mask_28de	1,2,3,4,6,7,11,13	6	18341605	3.2712513435983381e-07
8	straight	mask_28f3	0,1,4,5,6,7,11,13	13	18341605	7.087711244463066e-07
8	straight	mask_28f5	0,2,4,5,6,7,11,13	18	18341605	9.8137540307950152e-07
8	straight	mask_28f6	1,2,4,5,6,7,11,13	156	18341605	8.5052534933556796e-06
8	straight	mask_28f9	0,3,4,5,6,7,11,13	4	18341605	2.1808342290655589e-07
8	straight	mask_28fa	1,3,4,5,6,7,11,13	14	18341605	7.6329198017294558e-07
8	straight	mask_28fc	2,3,4,5,6,7,11,13	49	18341605	2.6715219306053095e-06
8	straight	mask_291f	0,1,2,3,4,8,11,13	7	18341605	3.8164599008647279e-07
8	straight	mask_293d	0,2,3,4,5,8,11,13	2	18341605	1.0904171145327794e-07
8	straight	mask_293e	1,2,3,4,5,8,11,13	3	18341605	1.635625671799169e-07
8	straight	mask_2967	0,1,2,5,6,8,11,13	19	18341605	1.0358962588061404e-06
8	straight	mask_296b	0,1,3,5,6,8,11,13	1	18341605	5.4520855726638972e-08
8	straight	mask_296e	1,2,3,5,6,8,11,13	2	18341605	1.0904171145327794e-07
8	straight	mask_2975	0,2,4,5,6,8,11,13	7	18341605	3.8164599008647279e-07
8	straight	mask_2976	1,2,4,5,6,8,11,13	19	18341605	1.0358962588061404e-06
8	straight	mask_2979	0,3,4,5,6,8,11,13	1	18341605	5.4520855726638972e-08
8	straight	mask_297a	1,3,4,5,6,8,11,13	2	18341605	1.0904171145327794e-07
8	straight	mask_297c	2,3,4,5,6,8,11,13	1	18341605	5.4520855726638972e-08
8	straight	mask_29a7	0,1,2,5,7,8,11,13	3	18341605	1.635625671799169e-07
8	straight	mask_29ad	0,2,3,5,7,8,11,13	2	18341605	1.0904171145327794e-07
8	straight	mask_29ae	1,2,3,5,7,8,11,13	1	18341605	5.4520855726638972e-08
8	straight	mask_29b6	1,2,4,5,7,8,11,13	5	18341605	2.7260427863319487e-07
8	straight	mask_29c7	0,1,2,6,7,8,11,13	2	18341605	1.0904171145327794e-07
8	straight	mask_29d5	0,2,4,6,7,8,11,13	1	18341605	5.4520855726638972e-08
8	straight	mask_29d6	1,2,4,6,7,8,11,13	4	18341605	2.1808342290655589e-07
8	straight	mask_29dc	2,3,4,6,7,8,11,13	1	18341605	5.4520855726638972e-08
8	straight	mask_29e3	0,1,5,6,7,8,11,13	4	18341605	2.1808342290655589e-07
8	straight	mask_29e5	0,2,5,6,7,8,11,13	4	18341605	2.1808342290655589e-07
8	straight	mask_29e6	1,2,5,6,7,8,11,13	6	18341605	3.2712513435983381e-07
8	straight	mask_29e9	0,3,5,6,7,8,11,13	1	18341605	5.4520855726638972e-08
8	straight	mask_29ea	1,3,5,6,7,8,11,13	5	18341605	2.7260427863319487e-07
8	straight	mask_29f2	1,4,5,6,7,8,11,13	5	18341605	2.7260427863319487e-07
8	straight	mask_29f4	2,4,5,6,7,8,11,13	5	18341605	2.7260427863319487e-07
8	straight	mask_2a1f	0,1,2,3,4,9,11,13	292	18341605	1.5920089872178581e-05
8	straight	mask_2a3b	0,1,3,4,5,9,11,13	1	18341605	5.4520855726638972e-08
8	straight	mask_2a3d	0,2,3,4,5,9,11,13	6	18341605	3.2712513435983381e-07
8	straight	mask_2a3e	1,2,3,4,5,9,11,13	23	18341605	1.2539796817126963e-06
8	straight	mask_2a57	0,1,2,4,6,9,11,13	10	18341605	5.4520855726638975e-07
8	straight	mask_2a5b	0,1,3,4,6,9,11,13	3	18341605	1.635625671799169e-07
8	straight	mask_2a5d	0,2,3,4,6,9,11,13	3	18341605	1.635625671799169e-07
8	straight	mask_2a5e	1,2,3,4,6,9,11,13	12	18341605	6.5425026871966761e-07
8	straight	mask_2a75	0,2,4,5,6,9,11,13	110	18341605	5.9972941299302873e-06
8	straight	mask_2a76	1,2,4,5,6,9,11,13	135	18341605	7.3603155230962612e-06
8	straight	mask_2a79	0,3,4,5,6,9,11,13	9	18341605	4.9068770153975076e-07
8	straight	mask_2a7a	1,3,4,5,6,9,11,13	17	18341605	9.2685454735286254e-07
8	straight	mask_2a7c	2,3,4,5,6,9,11,13	53	18341605	2.8896053535118655e-06
8	straight	mask_2a9d	0,2,3,4,7,9,11,13	1	18341605	5.4520855726638972e-08
8	straight	mask_2a9e	1,2,3,4,7,9,11,13	4	18341605	2.1808342290655589e-07
8	straight	mask_2ab3	0,1,4,5,7,9,11,13	4	18341605	2.1808342290655589e-07
8	straight	mask_2ab5	0,2,4,5,7,9,11,13	20	18341605	1.0904171145327795e-06
8	straight	mask_2ab6	1,2,4,5,7,9,11,13	17	18341605	9.2685454735286254e-07
8	straight	mask_2aba	1,3,4,5,7,9,11,13	1	18341605	5.4520855726638972e-08
8	straight	mask_2abc	2,3,4,5,7,9,11,13	4	18341605	2.1808342290655589e-07
8	straight	mask_2ad3	0,1,4,6,7,9,11,13	6	18341605	3.2712513435983381e-07
8	straight	mask_2ad5	0,2,4,6,7,9,11,13	6	18341605	3.2712513435983381e-07
8	straight	mask_2ad6	1,2,4,6,7,9,11,13	19	18341605	1.0358962588061404e-06
8	straight	mask_2ada	1,3,4,6,7,9,11,13	7	18341605	3.8164599008647279e-07
8	straight	mask_2adc	2,3,4,6,7,9,11,13	7	18341605	3.8164599008647279e-07
8	straight	mask_2af2	1,4,5,6,7,9,11,13	83	18341605	4.5252310253110344e-06
8	straight	mask_2af4	2,4,5,6,7,9,11,13	168	18341605	9.159503762075347e-06
8	straight	mask_2b0f	0,1,2,3,8,9,11,13	1	18341605	5.4520855726638972e-08
8	straight	mask_2b1b	0,1,3,4,8,9,11,13	1	18341605	5.4520855726638972e-08
8	straight	mask_2b1d	0,2,3,4,8,9,11,13	1	18341605	5.4520855726638972e-08
8	straight	mask_2b1e	1,2,3,4,8,9,11,13	2	18341605	1.0904171145327794e-07
8	straight	mask_2b2b	0,1,3,5,8,9,11,13	1	18341605	5.4520855726638972e-08
8	straight	mask_2b2d	0,2,3,5,8,9,11,13	4	18341605	2.1808342290655589e-07
8	straight	mask_2b2e	1,2,3,5,8,9,11,13	4	18341605	2.1808342290655589e-07
8	straight	mask_2b39	0,3,4,5,8,9,11,13	1	18341605	5.4520855726638972e-08
8	straight	mask_2b3a	1,3,4,5,8,9,11,13	14	18341605	7.6329198017294558e-07
8	straight	mask_2b3c	2,3,4,5,8,9,11,13	8	18341605	4.3616684581311178e-07
8	straight	mask_2b47	0,1,2,6,8,9,11,13	6	18341605	3.2712513435983381e-07
8	straight	mask_2b4d	0,2,3,6,8,9,11,13	1	18341605	5.4520855726638972e-08
8	straight	mask_2b4e	1,2,3,6,8,9,11,13	2	18341605	1.0904171145327794e-07
8	straight	mask_2b55	0,2,4,6,8,9,11,13	21	18341605	1.1449379702594184e-06
8	straight	mask_2b56	1,2,4,6,8,9,11,13	29	18341605	1.5811048160725303e-06
8	straight	mask_2b59	0,3,4,6,8,9,11,13	1	18341605	5.4520855726638972e-08
8	straight	mask_2b5a	1,3,4,6,8,9,11,13	2	18341605	1.0904171145327794e-07
8	straight	mask_2b5c	2,3,4,6,8,9,11,13	2	18341605	1.0904171145327794e-07
8	straight	mask_2b65	0,2,5,6,8,9,11,13	50	18341605	2.7260427863319486e-06
8	straight	mask_2b66	1,2,5,6,8,9,11,13	164	18341605	8.9414203391687906e-06
8	straight	mask_2b69	0,3,5,6,8,9,11,13	4	18341605	2.1808342290655589e-07
8	straight	mask_2b6a	1,3,5,6,8,9,11,13	10	18341605	5.4520855726638975e-07
8	straight	mask_2b74	2,4,5,6,8,9,11,13	230	18341605	1.2539796817126964e-05
8	straight	mask_2b8d	0,2,3,7,8,9,11,13	1	18341605	5.4520855726638972e-08
8	straight	mask_2b8e	1,2,3,7,8,9,11,13	4	18341605	2.1808342290655589e-07
8	straight	mask_2b93	0,1,4,7,8,9,11,13	1	18341605	5.4520855726638972e-08
8	straight	mask_2b96	1,2,4,7,8,9,11,13	5	18341605	2.7260427863319487e-07
8	straight	mask_2ba5	0,2,5,7,8,9,11,13	3	18341605	1.635625671799169e-07
8	straight	mask_2ba6	1,2,5,7,8,9,11,13	3	18341605	1.635625671799169e-07
8	straight	mask_2bb2	1,4,5,7,8,9,11,13	1	18341605	5.4520855726638972e-08
8	straight	mask_2bb4	2,4,5,7,8,9,11,13	8	18341605	4.3616684581311178e-07
8	straight	mask_2bc3	0,1,6,7,8,9,11,13	2	18341605	1.0904171145327794e-07
8	straight	mask_2bc5	0,2,6,7,8,9,11,13	3	18341605	1.635625671799169e-07
8	straight	mask_2bc6	1,2,6,7,8,9,11,13	8	18341605	4.3616684581311178e-07
8	straight	mask_2bd2	1,4,6,7,8,9,11,13	19	18341605	1.0358962588061404e-06
8	straight	mask_2bd4	2,4,6,7,8,9,11,13	22	18341605	1.1994588259860575e-06
8	straight	mask_2be2	1,5,6,7,8,9,11,13	87	18341605	4.7433144482175908e-06
8	straight	mask_2c1f	0,1,2,3,4,10,11,13	83	18341605	4.5252310253110344e-06
8	straight	mask_2c3b	0,1,3,4,5,10,11,13	4	18341605	2.1808342290655589e-07
8	straight	mask_2c3d	0,2,3,4,5,10,11,13	2	18341605	1.0904171145327794e-07
8	straight	mask_2c57	0,1,2,4,6,10,11,13	6	18341605	3.2712513435983381e-07
8	straight	mask_2c5b	0,1,3,4,6,10,11,13	2	18341605	1.0904171145327794e-07
8	straight	mask_2c75	0,2,4,5,6,10,11,13	27	18341605	1.4720631046192523e-06
8	straight	mask_2c79	0,3,4,5,6,10,11,13	9	18341605	4.9068770153975076e-07
8	straight	mask_2cb3	0,1,4,5,7,10,11,13	2	18341605	1.0904171145327794e-07
8	straight	mask_2cb5	0,2,4,5,7,10,11,13	3	18341605	1.635625671799169e-07
8	straight	mask_2cb9	0,3,4,5,7,10,11,13	1	18341605	5.4520855726638972e-08
8	straight	mask_2cd3	0,1,4,6,7,10,11,13	2	18341605	1.0904171145327794e-07
8	straight	mask_2cd5	0,2,4,6,7,10,11,13	1	18341605	5.4520855726638972e-08
8	straight	mask_2cd9	0,3,4,6,7,10,11,13	1	18341605	5.4520855726638972e-08
8	straight	mask_2d1e	1,2,3,4,8,10,11,13	2	18341605	1.0904171145327794e-07
8	straight	mask_2d2d	0,2,3,5,8,10,11,13	1	18341605	5.4520855726638972e-08
8	straight	mask_2d2e	1,2,3,5,8,10,11,13	4	18341605	2.1808342290655589e-07
8	straight	mask_2d3a	1,3,4,5,8,10,11,13	3	18341605	1.635625671799169e-07
8	straight	mask_2d3c	2,3,4,5,8,10,11,13	2	18341605	1.0904171145327794e-07
8	straight	mask_2d47	0,1,2,6,8,10,11,13	1	18341605	5.4520855726638972e-08
8	straight	mask_2d55	0,2,4,6,8,10,11,13	3	18341605	1.635625671799169e-07
8	straight	mask_2d56	1,2,4,6,8,10,11,13	6	18341605	3.2712513435983381e-07
8	straight	mask_2d65	0,2,5,6,8,10,11,13	21	18341605	1.1449379702594184e-06
8	straight	mask_2d66	1,2,5,6,8,10,11,13	136	18341605	7.4148363788229003e-06
8	straight	mask_2d69	0,3,5,6,8,10,11,13	2	18341605	1.0904171145327794e-07
8	straight	mask_2d6a	1,3,5,6,8,10,11,13	8	18341605	4.3616684581311178e-07
8	straight	mask_2d74	2,4,5,6,8,10,11,13	96	18341605	5.2340021497573409e-06
8	straight	mask_2da3	0,1,5,7,8,10,11,13	2	18341605	1.0904171145327794e-07
8	straight	mask_2da6	1,2,5,7,8,10,11,13	4	18341605	2.1808342290655589e-07
8	straight	mask_2db4	2,4,5,7,8,10,11,13	4	18341605	2.1808342290655589e-07
8	straight	mask_2dc3	0,1,6,7,8,10,11,13	4	18341605	2.1808342290655589e-07
8	straight	mask_2dc5	0,2,6,7,8,10,11,13	1	18341605	5.4520855726638972e-08
8	straight	mask_2dc9	0,3,6,7,8,10,11,13	1	18341605	5.4520855726638972e-08
8	straight	mask_2dd2	1,4,6,7,8,10,11,13	2	18341605	1.0904171145327794e-07
8	straight	mask_2e1b	0,1,3,4,9,10,11,13	1	18341605	5.4520855726638972e-08
8	straight	mask_2e1d	0,2,3,4,9,10,11,13	1	18341605	5.4520855726638972e-08
8	straight	mask_2e39	0,3,4,5,9,10,11,13	8	18341605	4.3616684581311178e-07
8	straight	mask_2e3a	1,3,4,5,9,10,11,13	23	18341605	1.2539796817126963e-06
8	straight	mask_2e3c	2,3,4,5,9,10,11,13	37	18341605	2.0172716618856421e-06
8	straight	mask_2e59	0,3,4,6,9,10,11,13	10	18341605	5.4520855726638975e-07
8	straight	mask_2e74	2,4,5,6,9,10,11,13	277	18341605	1.5102277036278995e-05
8	straight	mask_2e95	0,2,4,7,9,10,11,13	3	18341605	1.635625671799169e-07
8	straight	mask_2e99	0,3,4,7,9,10,11,13	1	18341605	5.4520855726638972e-08
8	straight	mask_2f19	0,3,4,8,9,10,11,13	3	18341605	1.635625671799169e-07
8	straight	mask_2f2a	1,3,5,8,9,10,11,13	6	18341605	3.2712513435983381e-07
8	straight	mask_2f49	0,3,6,8,9,10,11,13	2	18341605	1.0904171145327794e-07
8	straight	mask_30af	0,1,2,3,5,7,12,13	6	18341605	3.2712513435983381e-07
8	straight	mask_30be	1,2,3,4,5,7,12,13	2	18341605	1.0904171145327794e-07
8	straight	mask_30cf	0,1,2,3,6,7,12,13	34	18341605	1.8537090947057251e-06
8	straight	mask_30ed	0,2,3,5,6,7,12,13	2	18341605	1.0904171145327794e-07
8	straight	mask_30fa	1,3,4,5,6,7,12,13	1	18341605	5.4520855726638972e-08
8	straight	mask_318f	0,1,2,3,7,8,12,13	5	18341605	2.7260427863319487e-07
8	straight	mask_319e	1,2,3,4,7,8,12,13	1	18341605	5.4520855726638972e-08
8	straight	mask_31ad	0,2,3,5,7,8,12,13	4	18341605	2.1808342290655589e-07
8	straight	mask_31cb	0,1,3,6,7,8,12,13	2	18341605	1.0904171145327794e-07
8	straight	mask_31cd	0,2,3,6,7,8,12,13	1	18341605	5.4520855726638972e-08
8	straight	mask_31ce	1,2,3,6,7,8,12,13	4	18341605	2.1808342290655589e-07
8	straight	mask_31d9	0,3,4,6,7,8,12,13	3	18341605	1.635625671799169e-07
8	straight	mask_31da	1,3,4,6,7,8,12,13	4	18341605	2.1808342290655589e-07
8	straight	mask_31e9	0,3,5,6,7,8,12,13	6	18341605	3.2712513435983381e-07
8	straight	mask_31ea	1,3,5,6,7,8,12,13	4	18341605	2.1808342290655589e-07
8	straight	mask_31ec	2,3,5,6,7,8,12,13	11	18341605	5.9972941299302873e-07
8	straight	mask_32cb	0,1,3,6,7,9,12,13	1	18341605	5.4520855726638972e-08
8	straight	mask_32cd	0,2,3,6,7,9,12,13	2	18341605	1.0904171145327794e-07
8	straight	mask_32da	1,3,4,6,7,9,12,13	8	18341605	4.3616684581311178e-07
8	straight	mask_32dc	2,3,4,6,7,9,12,13	8	18341605	4.3616684581311178e-07
8	straight	mask_32e9	0,3,5,6,7,9,12,13	4	18341605	2.1808342290655589e-07
8	straight	mask_33cc	2,3,6,7,8,9,12,13	4	18341605	2.1808342290655589e-07
8	straight	mask_348f	0,1,2,3,7,10,12,13	2	18341605	1.0904171145327794e-07
8	straight	mask_34cb	0,1,3,6,7,10,12,13	1	18341605	5.4520855726638972e-08
8	straight	mask_34cd	0,2,3,6,7,10,12,13	1	18341605	5.4520855726638972e-08
8	straight	mask_34da	1,3,4,6,7,10,12,13	3	18341605	1.635625671799169e-07
8	straight	mask_34e9	0,3,5,6,7,10,12,13	1	18341605	5.4520855726638972e-08
8	straight	mask_36c9	0,3,6,7,9,10,12,13	1	18341605	5.4520855726638972e-08
8	straight	mask_387c	2,3,4,5,6,11,12,13	3	18341605	1.635625671799169e-07
8	straight	mask_388f	0,1,2,3,7,11,12,13	2	18341605	1.0904171145327794e-07
8	straight	mask_38bc	2,3,4,5,7,11,12,13	1	18341605	5.4520855726638972e-08
8	straight	mask_38dc	2,3,4,6,7,11,12,13	1	18341605	5.4520855726638972e-08
8	straight	mask_391d	0,2,3,4,8,11,12,13	1	18341605	5.4520855726638972e-08
8	straight	mask_3a1e	1,2,3,4,9,11,12,13	1	18341605	5.4520855726638972e-08
8	straight	mask_3a2b	0,1,3,5,9,11,12,13	1	18341605	5.4520855726638972e-08
8	straight	mask_3a3a	1,3,4,5,9,11,12,13	1	18341605	5.4520855726638972e-08
8	straight	mask_3a5c	2,3,4,6,9,11,12,13	1	18341605	5.4520855726638972e-08
8	straight	mask_3a69	0,3,5,6,9,11,12,13	1	18341605	5.4520855726638972e-08
8	straight	mask_3a95	0,2,4,7,9,11,12,13	3	18341605	1.635625671799169e-07
8	straight	mask_3a96	1,2,4,7,9,11,12,13	2	18341605	1.0904171145327794e-07
8	straight	mask_3aa5	0,2,5,7,9,11,12,13	2	18341605	1.0904171145327794e-07
8	straight	mask_3ac5	0,2,6,7,9,11,12,13	1	18341605	5.4520855726638972e-08
8	straight	mask_3b19	0,3,4,8,9,11,12,13	1	18341605	5.4520855726638972e-08
8	straight	mask_3b2a	1,3,5,8,9,11,12,13	1	18341605	5.4520855726638972e-08
8	straight	mask_3b85	0,2,7,8,9,11,12,13	1	18341605	5.4520855726638972e-08
8	straight	mask_3c1e	1,2,3,4,10,11,12,13	1	18341605	5.4520855726638972e-08
8	straight	mask_3c3a	1,3,4,5,10,11,12,13	2	18341605	1.0904171145327794e-07
8	straight	mask_3c3c	2,3,4,5,10,11,12,13	1	18341605	5.4520855726638972e-08
8	straight	mask_3c59	0,3,4,6,10,11,12,13	2	18341605	1.0904171145327794e-07
8	straight	mask_3c99	0,3,4,7,10,11,12,13	1	18341605	5.4520855726638972e-08
8	straight	mask_3ca5	0,2,5,7,10,11,12,13	1	18341605	5.4520855726638972e-08
8	straight	mask_3cc3	0,1,6,7,10,11,12,13	6	18341605	3.2712513435983381e-07
8	straight	mask_3d19	0,3,4,8,10,11,12,13	26	18341605	1.4175422488926132e-06
8	straight	mask_3d1a	1,3,4,8,10,11,12,13	1	18341605	5.4520855726638972e-08
8	straight	mask_3d2a	1,3,5,8,10,11,12,13	2	18341605	1.0904171145327794e-07
8	straight	mask_3e19	0,3,4,9,10,11,12,13	3	18341605	1.635625671799169e-07
8	straight	mask_3e1a	1,3,4,9,10,11,12,13	3	18341605	1.635625671799169e-07
8	straight	mask_3e29	0,3,5,9,10,11,12,13	1	18341605	5.4520855726638972e-08
8	straight	mask_3e49	0,3,6,9,10,11,12,13	1	18341605	5.4520855726638972e-08
8	straight	mask_3e85	0,2,7,9,10,11,12,13	1	18341605	5.4520855726638972e-08
8	straight	mask_3e89	0,3,7,9,10,11,12,13	1	18341605	5.4520855726638972e-08
8	straight	mask_583b	0,1,3,4,5,11,12,14	1	18341605	5.4520855726638972e-08
8	straight	mask_583d	0,2,3,4,5,11,12,14	1	18341605	5.4520855726638972e-08
8	straight	mask_583e	1,2,3,4,5,11,12,14	1	18341605	5.4520855726638972e-08
8	straight	mask_584f	0,1,2,3,6,11,12,14	1	18341605	5.4520855726638972e-08
8	straight	mask_588f	0,1,2,3,7,11,12,14	28	18341605	1.5265839603458912e-06
8	straight	mask_5ca9	0,3,5,7,10,11,12,14	1	18341605	5.4520855726638972e-08
8	straight	mask_5cc5	0,2,6,7,10,11,12,14	2	18341605	1.0904171145327794e-07
8	straight	mask_5cc9	0,3,6,7,10,11,12,14	1	18341605	5.4520855726638972e-08
8	straight	mask_5e89	0,3,7,9,10,11,12,14	1	18341605	5.4520855726638972e-08
8	straight	mask_911f	0,1,2,3,4,8,12,15	1	18341605	5.4520855726638972e-08
8	straight	mask_915b	0,1,3,4,6,8,12,15	1	18341605	5.4520855726638972e-08
9	straight	mask_00ff	0,1,2,3,4,5,6,7	3555510	8901680	0.39942010946248346
9	straight	mask_017f	0,1,2,3,4,5,6,8	1108650	8901680	0.12454390631880724
9	straight	mask_01bf	0,1,2,3,4,5,7,8	43871	8901680	0.0049283955388196386
9	straight	mask_01df	0,1,2,3,4,6,7,8	13651	8901680	0.0015335307492518266
9	straight	mask_01ef	0,1,2,3,5,6,7,8	351357	8901680	0.039470863926809319
9	straight	mask_01f7	0,1,2,4,5,6,7,8	26797	8901680	0.0030103306342173612
9	straight	mask_01fb	0,1,3,4,5,6,7,8	1925	8901680	0.00021625131435863793
9	straight	mask_01fd	0,2,3,4,5,6,7,8	1002	8901680	0.00011256302181161309
9	straight	mask_01fe	1,2,3,4,5,6,7,8	22629	8901680	0.0025421044117514896
9	straight	mask_027f	0,1,2,3,4,5,6,9	1687681	8901680	0.18959129063277944
9	straight	mask_02bf	0,1,2,3,4,5,7,9	59107	8901680	0.0066399825650888368
9	straight	mask_02df	0,1,2,3,4,6,7,9	49204	8901680	0.0055274959333519065
9	straight	mask_02ef	0,1,2,3,5,6,7,9	1103460	8901680	0.12396087030762733
9	straight	mask_02f7	0,1,2,4,5,6,7,9	23958	8901680	0.0026914020724177908
9	straight	mask_02fb	0,1,3,4,5,6,7,9	2267	8901680	0.00025467102839014656
9	straight	mask_02fd	0,2,3,4,5,6,7,9	2642	8901680	0.00029679790781066048
9	straight	mask_02fe	1,2,3,4,5,6,7,9	16796	8901680	0.0018868348446585365
9	straight	mask_033f	0,1,2,3,4,5,8,9	146464	8901680	0.016453523379856387
9	straight	mask_035f	0,1,2,3,4,6,8,9	19138	8901680	0.0021499312489327857
9	straight	mask_036f	0,1,2,3,5,6,8,9	33509	8901680	0.0037643456066719992
9	straight	mask_0377	0,1,2,4,5,6,8,9	21225	8901680	0.0023843813752010856
9	straight	mask_037b	0,1,3,4,5,6,8,9	5301	8901680	0.00059550556748838416
9	straight	mask_037d	0,2,3,4,5,6,8,9	3000	8901680	0.00033701503536411102
9	straight	mask_037e	1,2,3,4,5,6,8,9	10068	8901680	0.0011310224586819568
9	straight	mask_039f	0,1,2,3,4,7,8,9	1506	8901680	0.00016918154775278374
9	straight	mask_03af	0,1,2,3,5,7,8,9	12833	8901680	0.0014416379829425457
9	straight	mask_03b7	0,1,2,4,5,7,8,9	1988	8901680	0.00022332863010128426
9	straight	mask_03bb	0,1,3,4,5,7,8,9	24	8901680	2.6961202829128885e-06
9	straight	mask_03bd	0,2,3,4,5,7,8,9	125	8901680	1.4042293140171293e-05
9	straight	mask_03be	1,2,3,4,5,7,8,9	328	8901680	3.6846977199809474e-05
9	straight	mask_03cf	0,1,2,3,6,7,8,9	9739	8901680	0.0010940631431370258
9	straight	mask_03d7	0,1,2,4,6,7,8,9	277	8901680	3.1117721598619589e-05
9	straight	mask_03db	0,1,3,4,6,7,8,9	41	8901680	4.6058721499761842e-06
9	straight	mask_03dd	0,2,3,4,6,7,8,9	6	8901680	6.7403007072822212e-07
9	straight	mask_03de	1,2,3,4,6,7,8,9	211	8901680	2.3703390820609145e-05
9	straight	mask_03e7	0,1,2,5,6,7,8,9	4445	8901680	0.00049934394406449115
9	straight	mask_03eb	0,1,3,5,6,7,8,9	483	8901680	5.4259420693621876e-05
9	straight	mask_03ed	0,2,3,5,6,7,8,9	607	8901680	6.8189375488671806e-05
9	straight	mask_03ee	1,2,3,5,6,7,8,9	1214	8901680	0.00013637875097734361
9	straight	mask_03f3	0,1,4,5,6,7,8,9	2379	8901680	0.00026725292304374007
9	straight	mask_03f5	0,2,4,5,6,7,8,9	1351	8901680	0.00015176910425897133
9	straight	mask_03f6	1,2,4,5,6,7,8,9	9462	8901680	0.0010629454215384062
9	straight	mask_03f9	0,3,4,5,6,7,8,9	81	8901680	9.0994059548309985e-06
9	straight	mask_03fa	1,3,4,5,6,7,8,9	502	8901680	5.6393849250927916e-05
9	straight	mask_03fc	2,3,4,5,6,7,8,9	483	8901680	5.4259420693621876e-05
9	straight	mask_053f	0,1,2,3,4,5,8,10	13023	8901680	0.0014629822685156061
9	straight	mask_055f	0,1,2,3,4,6,8,10	1115	8901680	0.00012525725481032793
9	straight	mask_056f	0,1,2,3,5,6,8,10	4949	8901680	0.0005559624700056619
9	straight	mask_0577	0,1,2,4,5,6,8,10	3445	8901680	0.00038700559894312085
9	straight	mask_057b	0,1,3,4,5,6,8,10	860	8901680	9.6610976804378497e-05
9	straight	mask_057d	0,2,3,4,5,6,8,10	214	8901680	2.4040405855973256e-05
9	straight	mask_057e	1,2,3,4,5,6,8,10	1540	8901680	0.00017300105148691035
9	straight	mask_059f	0,1,2,3,4,7,8,10	75	8901680	8.4253758841027756e-06
9	straight	mask_05af	0,1,2,3,5,7,8,10	1871	8901680	0.00021018504372208392
9	straight	mask_05b7	0,1,2,4,5,7,8,10	114	8901680	1.2806571343836219e-05
9	straight	mask_05bb	0,1,3,4,5,7,8,10	4	8901680	4.493533804854814e-07
9	straight	mask_05bd	0,2,3,4,5,7,8,10	10	8901680	1.1233834512137036e-06
9	straight	mask_05be	1,2,3,4,5,7,8,10	71	8901680	7.9760225036172943e-06
9	straight	mask_05cf	0,1,2,3,6,7,8,10	4517	8901680	0.00050743230491322991
9	straight	mask_05d7	0,1,2,4,6,7,8,10	37	8901680	4.1565187694907028e-06
9	straight	mask_05db	0,1,3,4,6,7,8,10	29	8901680	3.2578120085197402e-06
9	straight	mask_05de	1,2,3,4,6,7,8,10	47	8901680	5.2799022207044062e-06
9	straight	mask_05e7	0,1,2,5,6,7,8,10	876	8901680	9.8408390326320429e-05
9	straight	mask_05eb	0,1,3,5,6,7,8,10	227	8901680	2.550080434255107e-05
9	straight	mask_05ed	0,2,3,5,6,7,8,10	174	8901680	1.9546872051118439e-05
9	straight	mask_05ee	1,2,3,5,6,7,8,10	598	8901680	6.7178330382579462e-05
9	straight	mask_05f3	0,1,4,5,6,7,8,10	417	8901680	4.6845089915611438e-05
9	straight	mask_05f5	0,2,4,5,6,7,8,10	132	8901680	1.4828661556020886e-05
9	straight	mask_05f6	1,2,4,5,6,7,8,10	2046	8901680	0.00022984425411832373
9	straight	mask_05f9	0,3,4,5,6,7,8,10	23	8901680	2.5837819377915181e-06
9	straight	mask_05fa	1,3,4,5,6,7,8,10	457	8901680	5.1338623720466248e-05
9	straight	mask_05fc	2,3,4,5,6,7,8,10	93	8901680	1.0447466096287443e-05
9	straight	mask_063f	0,1,2,3,4,5,9,10	38813	8901680	0.0043601881891957477
9	straight	mask_065f	0,1,2,3,4,6,9,10	12652	8901680	0.0014213047424755777
9	straight	mask_066f	0,1,2,3,5,6,9,10	12351	8901680	0.0013874909005940452
9	straight	mask_0677	0,1,2,4,5,6,9,10	6203	8901680	0.00069683475478786027
9	straight	mask_067b	0,1,3,4,5,6,9,10	1652	8901680	0.00018558294614050381
9	straight	mask_067d	0,2,3,4,5,6,9,10	1276	8901680	0.00014334372837486857
9	straight	mask_067e	1,2,3,4,5,6,9,10	6273	8901680	0.00070469843894635617
9	straight	mask_069f	0,1,2,3,4,7,9,10	334	8901680	3.7521007270537696e-05
9	straight	mask_06b7	0,1,2,4,5,7,9,10	374	8901680	4.2014541075392513e-05
9	straight	mask_06bb	0,1,3,4,5,7,9,10	20	8901680	2.2467669024274071e-06
9	straight	mask_06bd	0,2,3,4,5,7,9,10	67	8901680	7.5266691231318129e-06
9	straight	mask_06be	1,2,3,4,5,7,9,10	207	8901680	2.3254037440123662e-05
9	straight	mask_06f3	0,1,4,5,6,7,9,10	1100	8901680	0.00012357217963350738
9	straight	mask_06f5	0,2,4,5,6,7,9,10	1285	8901680	0.00014435477348096089
9	straight	mask_06f6	1,2,4,5,6,7,9,10	4006	8901680	0.00045002741055620961
9	straight	mask_06f9	0,3,4,5,6,7,9,10	81	8901680	9.0994059548309985e-06
9	straight	mask_071f	0,1,2,3,4,8,9,10	5266	8901680	0.00059157372540913627
9	straight	mask_072f	0,1,2,3,5,8,9,10	836	8901680	9.3914856521465606e-05
9	straight	mask_073b	0,1,3,4,5,8,9,10	270	8901680	3.0331353182769995e-05
9	straight	mask_073d	0,2,3,4,5,8,9,10	297	8901680	3.3364488501046994e-05
9	straight	mask_073e	1,2,3,4,5,8,9,10	582	8901680	6.5380916860637543e-05
9	straight	mask_074f	0,1,2,3,6,8,9,10	238	8901680	2.6736526138886144e-05
9	straight	mask_0757	0,1,2,4,6,8,9,10	153	8901680	1.7187766803569663e-05
9	straight	mask_075b	0,1,3,4,6,8,9,10	126	8901680	1.4154631485292663e-05
9	straight	mask_075d	0,2,3,4,6,8,9,10	8	8901680	8.9870676097096279e-07
9	straight	mask_075e	1,2,3,4,6,8,9,10	138	8901680	1.5502691626749109e-05
9	straight	mask_0767	0,1,2,5,6,8,9,10	1433	8901680	0.0001609808485589237
9	straight	mask_076b	0,1,3,5,6,8,9,10	333	8901680	3.7408668925416325e-05
9	straight	mask_076d	0,2,3,5,6,8,9,10	171	8901680	1.9209857015754328e-05
9	straight	mask_076e	1,2,3,5,6,8,9,10	550	8901680	6.1786089816753692e-05
9	straight	mask_0776	1,2,4,5,6,8,9,10	1527	8901680	0.00017154065300033252
9	straight	mask_0779	0,3,4,5,6,8,9,10	358	8901680	4.0217127553450588e-05
9	straight	mask_077a	1,3,4,5,6,8,9,10	733	8901680	8.2344006973964466e-05
9	straight	mask_077c	2,3,4,5,6,8,9,10	423	8901680	4.7519119986339654e-05
9	straight	mask_078f	0,1,2,3,7,8,9,10	904	8901680	0.00010155386398971879
9	straight	mask_0797	0,1,2,4,7,8,9,10	5	8901680	5.6169172560685179e-07
9	straight	mask_079e	1,2,3,4,7,8,9,10	4	8901680	4.493533804854814e-07
9	straight	mask_07a7	0,1,2,5,7,8,9,10	122	8901680	1.3705278104807182e-05
9	straight	mask_07ab	0,1,3,5,7,8,9,10	5	8901680	5.6169172560685179e-07
9	straight	mask_07ad	0,2,3,5,7,8,9,10	20	8901680	2.2467669024274071e-06
9	straight	mask_07ae	1,2,3,5,7,8,9,10	31	8901680	3.4824886987624808e-06
9	straight	mask_07b3	0,1,4,5,7,8,9,10	208	8901680	2.3366375785245033e-05
9	straight	mask_07b5	0,2,4,5,7,8,9,10	104	8901680	1.1683187892622517e-05
9	straight	mask_07b6	1,2,4,5,7,8,9,10	186	8901680	2.0894932192574885e-05
9	straight	mask_07b9	0,3,4,5,7,8,9,10	5	8901680	5.6169172560685179e-07
9	straight	mask_07ba	1,3,4,5,7,8,9,10	20	8901680	2.2467669024274071e-06
9	straight	mask_07bc	2,3,4,5,7,8,9,10	22	8901680	2.4714435926701478e-06
9	straight	mask_07c7	0,1,2,6,7,8,9,10	84	8901680	9.4364209901951099e-06
9	straight	mask_07cb	0,1,3,6,7,8,9,10	37	8901680	4.1565187694907028e-06
9	straight	mask_07cd	0,2,3,6,7,8,9,10	18	8901680	2.0220902121846665e-06
9	straight	mask_07ce	1,2,3,6,7,8,9,10	130	8901680	1.4603984865778145e-05
9	straight	mask_07d3	0,1,4,6,7,8,9,10	47	8901680	5.2799022207044062e-06
9	straight	mask_07d5	0,2,4,6,7,8,9,10	16	8901680	1.7974135219419256e-06
9	straight	mask_07d6	1,2,4,6,7,8,9,10	128	8901680	1.4379308175535405e-05
9	straight	mask_07d9	0,3,4,6,7,8,9,10	8	8901680	8.9870676097096279e-07
9	straight	mask_07da	1,3,4,6,7,8,9,10	37	8901680	4.1565187694907028e-06
9	straight	mask_07dc	2,3,4,6,7,8,9,10	21	8901680	2.3591052475487775e-06
9	straight	mask_07e3	0,1,5,6,7,8,9,10	477	8901680	5.3585390622893653e-05
9	straight	mask_07e5	0,2,5,6,7,8,9,10	257	8901680	2.8870954696192181e-05
9	straight	mask_07e6	1,2,5,6,7,8,9,10	1163	8901680	0.00013064949537615371
9	straight	mask_07e9	0,3,5,6,7,8,9,10	63	8901680	7.0773157426463316e-06
9	straight	mask_07ea	1,3,5,6,7,8,9,10	280	8901680	3.1454736633983697e-05
9	straight	mask_07ec	2,3,5,6,7,8,9,10	393	8901680	4.4148969632698547e-05
9	straight	mask_07f1	0,4,5,6,7,8,9,10	561	8901680	6.3021811613088766e-05
9	straight	mask_07f2	1,4,5,6,7,8,9,10	1517	8901680	0.00017041726954911883
9	straight	mask_07f4	2,4,5,6,7,8,9,10	1187	8901680	0.00013334561565906661
9	straight	mask_07f8	3,4,5,6,7,8,9,10	336	8901680	3.774568396078044e-05
9	straight	mask_093f	0,1,2,3,4,5,8,11	412	8901680	4.628339819000458e-05
9	straight	mask_095f	0,1,2,3,4,6,8,11	143	8901680	1.606438335235596e-05
9	straight	mask_096f	0,1,2,3,5,6,8,11	231	8901680	2.595015772303655e-05
9	straight	mask_0977	0,1,2,4,5,6,8,11	186	8901680	2.0894932192574885e-05
9	straight	mask_097b	0,1,3,4,5,6,8,11	36	8901680	4.0441804243693329e-06
9	straight	mask_097d	0,2,3,4,5,6,8,11	23	8901680	2.5837819377915181e-06
9	straight	mask_097e	1,2,3,4,5,6,8,11	224	8901680	2.5163789307186959e-05
9	straight	mask_099f	0,1,2,3,4,7,8,11	1	8901680	1.1233834512137035e-07
9	straight	mask_09b7	0,1,2,4,5,7,8,11	16	8901680	1.7974135219419256e-06
9	straight	mask_09bd	0,2,3,4,5,7,8,11	1	8901680	1.1233834512137035e-07
9	straight	mask_09be	1,2,3,4,5,7,8,11	4	8901680	4.493533804854814e-07
9	straight	mask_09f3	0,1,4,5,6,7,8,11	110	8901680	1.2357217963350738e-05
9	straight	mask_09f5	0,2,4,5,6,7,8,11	25	8901680	2.8084586280342588e-06
9	straight	mask_09f6	1,2,4,5,6,7,8,11	1201	8901680	0.00013491835249076578
9	straight	mask_09f9	0,3,4,5,6,7,8,11	1	8901680	1.1233834512137035e-07
9	straight	mask_0b1f	0,1,2,3,4,8,9,11	243	8901680	2.7298217864492995e-05
9	straight	mask_0b2f	0,1,2,3,5,8,9,11	29	8901680	3.2578120085197402e-06
9	straight	mask_0b37	0,1,2,4,5,8,9,11	119	8901680	1.3368263069443072e-05
9	straight	mask_0b3b	0,1,3,4,5,8,9,11	11	8901680	1.2357217963350739e-06
9	straight	mask_0b3d	0,2,3,4,5,8,9,11	14	8901680	1.5727368316991849e-06
9	straight	mask_0b3e	1,2,3,4,5,8,9,11	42	8901680	4.718210495097555e-06
9	straight	mask_0b4f	0,1,2,3,6,8,9,11	55	8901680	6.1786089816753689e-06
9	straight	mask_0b57	0,1,2,4,6,8,9,11	11	8901680	1.2357217963350739e-06
9	straight	mask_0b5b	0,1,3,4,6,8,9,11	4	8901680	4.493533804854814e-07
9	straight	mask_0b5d	0,2,3,4,6,8,9,11	1	8901680	1.1233834512137035e-07
9	straight	mask_0b5e	1,2,3,4,6,8,9,11	22	8901680	2.4714435926701478e-06
9	straight	mask_0b67	0,1,2,5,6,8,9,11	137	8901680	1.5390353281627737e-05
9	straight	mask_0b6b	0,1,3,5,6,8,9,11	16	8901680	1.7974135219419256e-06
9	straight	mask_0b6d	0,2,3,5,6,8,9,11	15	8901680	1.6850751768205552e-06
9	straight	mask_0b6e	1,2,3,5,6,8,9,11	67	8901680	7.5266691231318129e-06
9	straight	mask_0b73	0,1,4,5,6,8,9,11	253	8901680	2.8421601315706698e-05
9	straight	mask_0b75	0,2,4,5,6,8,9,11	134	8901680	1.5053338246263626e-05
9	straight	mask_0b76	1,2,4,5,6,8,9,11	428	8901680	4.8080811711946512e-05
9	straight	mask_0b79	0,3,4,5,6,8,9,11	9	8901680	1.0110451060923332e-06
9	straight	mask_0b7a	1,3,4,5,6,8,9,11	36	8901680	4.0441804243693329e-06
9	straight	mask_0b7c	2,3,4,5,6,8,9,11	51	8901680	5.7292556011898876e-06
9	straight	mask_0b8f	0,1,2,3,7,8,9,11	226	8901680	2.5388465997429698e-05
9	straight	mask_0b97	0,1,2,4,7,8,9,11	2	8901680	2.246766902427407e-07
9	straight	mask_0b9e	1,2,3,4,7,8,9,11	1	8901680	1.1233834512137035e-07
9	straight	mask_0ba7	0,1,2,5,7,8,9,11	10	8901680	1.1233834512137036e-06
9	straight	mask_0bad	0,2,3,5,7,8,9,11	2	8901680	2.246766902427407e-07
9	straight	mask_0bae	1,2,3,5,7,8,9,11	3	8901680	3.3701503536411106e-07
9	straight	mask_0bb3	0,1,4,5,7,8,9,11	1	8901680	1.1233834512137035e-07
9	straight	mask_0bb5	0,2,4,5,7,8,9,11	6	8901680	6.7403007072822212e-07
9	straight	mask_0bb6	1,2,4,5,7,8,9,11	16	8901680	1.7974135219419256e-06
9	straight	mask_0bba	1,3,4,5,7,8,9,11	1	8901680	1.1233834512137035e-07
9	straight	mask_0bbc	2,3,4,5,7,8,9,11	2	8901680	2.246766902427407e-07
9	straight	mask_0bc7	0,1,2,6,7,8,9,11	25	8901680	2.8084586280342588e-06
9	straight	mask_0bcb	0,1,3,6,7,8,9,11	1	8901680	1.1233834512137035e-07
9	straight	mask_0bcd	0,2,3,6,7,8,9,11	5	8901680	5.6169172560685179e-07
9	straight	mask_0bce	1,2,3,6,7,8,9,11	28	8901680	3.1454736633983698e-06
9	straight	mask_0bd3	0,1,4,6,7,8,9,11	5	8901680	5.6169172560685179e-07
9	straight	mask_0bd5	0,2,4,6,7,8,9,11	3	8901680	3.3701503536411106e-07
9	straight	mask_0bd6	1,2,4,6,7,8,9,11	14	8901680	1.5727368316991849e-06
9	straight	mask_0bd9	0,3,4,6,7,8,9,11	1	8901680	1.1233834512137035e-07
9	straight	mask_0bda	1,3,4,6,7,8,9,11	5	8901680	5.6169172560685179e-07
9	straight	mask_0bdc	2,3,4,6,7,8,9,11	9	8901680	1.0110451060923332e-06
9	straight	mask_0be3	0,1,5,6,7,8,9,11	33	8901680	3.7071653890052215e-06
9	straight	mask_0be5	0,2,5,6,7,8,9,11	33	8901680	3.7071653890052215e-06
9	straight	mask_0be6	1,2,5,6,7,8,9,11	201	8901680	2.2580007369395439e-05
9	straight	mask_0bea	1,3,5,6,7,8,9,11	15	8901680	1.6850751768205552e-06
9	straight	mask_0bec	2,3,5,6,7,8,9,11	129	8901680	1.4491646520656775e-05
9	straight	mask_0bf1	0,4,5,6,7,8,9,11	23	8901680	2.5837819377915181e-06
9	straight	mask_0bf2	1,4,5,6,7,8,9,11	126	8901680	1.4154631485292663e-05
9	straight	mask_0bf4	2,4,5,6,7,8,9,11	361	8901680	4.0554142588814696e-05
9	straight	mask_0bf8	3,4,5,6,7,8,9,11	23	8901680	2.5837819377915181e-06
9	straight	mask_0f0f	0,1,2,3,8,9,10,11	1	8901680	1.1233834512137035e-07
9	straight	mask_0f17	0,1,2,4,8,9,10,11	2	8901680	2.246766902427407e-07
9	straight	mask_0f1e	1,2,3,4,8,9,10,11	4	8901680	4.493533804854814e-07
9	straight	mask_0f27	0,1,2,5,8,9,10,11	9	8901680	1.0110451060923332e-06
9	straight	mask_0f2b	0,1,3,5,8,9,10,11	1	8901680	1.1233834512137035e-07
9	straight	mask_0f2d	0,2,3,5,8,9,10,11	3	8901680	3.3701503536411106e-07
9	straight	mask_0f2e	1,2,3,5,8,9,10,11	21	8901680	2.3591052475487775e-06
9	straight	mask_0f33	0,1,4,5,8,9,10,11	392	8901680	4.4036631287577175e-05
9	straight	mask_0f35	0,2,4,5,8,9,10,11	40	8901680	4.4935338048548143e-06
9	straight	mask_0f36	1,2,4,5,8,9,10,11	90	8901680	1.0110451060923331e-05
9	straight	mask_0f39	0,3,4,5,8,9,10,11	2	8901680	2.246766902427407e-07
9	straight	mask_0f3a	1,3,4,5,8,9,10,11	7	8901680	7.8636841584959246e-07
9	straight	mask_0f3c	2,3,4,5,8,9,10,11	16	8901680	1.7974135219419256e-06
9	straight	mask_0f53	0,1,4,6,8,9,10,11	21	8901680	2.3591052475487775e-06
9	straight	mask_0f55	0,2,4,6,8,9,10,11	12	8901680	1.3480601414564442e-06
9	straight	mask_0f56	1,2,4,6,8,9,10,11	41	8901680	4.6058721499761842e-06
9	straight	mask_0f5a	1,3,4,6,8,9,10,11	8	8901680	8.9870676097096279e-07
9	straight	mask_0f5c	2,3,4,6,8,9,10,11	10	8901680	1.1233834512137036e-06
9	straight	mask_0f63	0,1,5,6,8,9,10,11	323	8901680	3.6285285474202622e-05
9	straight	mask_0f65	0,2,5,6,8,9,10,11	79	8901680	8.874729264588257e-06
9	straight	mask_0f66	1,2,5,6,8,9,10,11	399	8901680	4.482299970342677e-05
9	straight	mask_0f69	0,3,5,6,8,9,10,11	3	8901680	3.3701503536411106e-07
9	straight	mask_0f71	0,4,5,6,8,9,10,11	367	8901680	4.1228172659542919e-05
9	straight	mask_0f72	1,4,5,6,8,9,10,11	1125	8901680	0.00012638063826154165
9	straight	mask_0f74	2,4,5,6,8,9,10,11	688	8901680	7.7288781443502798e-05
9	straight	mask_0f78	3,4,5,6,8,9,10,11	106	8901680	1.1907864582865256e-05
9	straight	mask_0f95	0,2,4,7,8,9,10,11	2	8901680	2.246766902427407e-07
9	straight	mask_0f99	0,3,4,7,8,9,10,11	1	8901680	1.1233834512137035e-07
9	straight	mask_0fb1	0,4,5,7,8,9,10,11	20	8901680	2.2467669024274071e-06
9	straight	mask_0fb2	1,4,5,7,8,9,10,11	49	8901680	5.5045789109471469e-06
9	straight	mask_0fb4	2,4,5,7,8,9,10,11	25	8901680	2.8084586280342588e-06
9	straight	mask_0fb8	3,4,5,7,8,9,10,11	7	8901680	7.8636841584959246e-07
9	straight	mask_0ff0	4,5,6,7,8,9,10,11	480	8901680	5.3922405658257768e-05
9	straight	mask_107f	0,1,2,3,4,5,6,12	56933	8901680	0.0063957590027949778
9	straight	mask_10bf	0,1,2,3,4,5,7,12	3613	8901680	0.00040587844092351106
9	straight	mask_10df	0,1,2,3,4,6,7,12	862	8901680	9.6835653494621241e-05
9	straight	mask_10ef	0,1,2,3,5,6,7,12	21570	8901680	0.0024231381042679584
9	straight	mask_10f7	0,1,2,4,5,6,7,12	824	8901680	9.256679638000916e-05
9	straight	mask_10fb	0,1,3,4,5,6,7,12	60	8901680	6.740300707282221e-06
9	straight	mask_10fd	0,2,3,4,5,6,7,12	40	8901680	4.4935338048548143e-06
9	straight	mask_10fe	1,2,3,4,5,6,7,12	447	8901680	5.0215240269252546e-05
9	straight	mask_113f	0,1,2,3,4,5,8,12	48310	8901680	0.0054270654528134014
9	straight	mask_115f	0,1,2,3,4,6,8,12	15796	8901680	0.0017744964995371659
9	straight	mask_116f	0,1,2,3,5,6,8,12	9162	8901680	0.0010292439180019952
9	straight	mask_117b	0,1,3,4,5,6,8,12	42545	8901680	0.0047794348931887018
9	straight	mask_117d	0,2,3,4,5,6,8,12	2915	8901680	0.00032746627602879455
9	straight	mask_117e	1,2,3,4,5,6,8,12	2794	8901680	0.00031387333626910874
9	straight	mask_119f	0,1,2,3,4,7,8,12	1651	8901680	0.00018547060779538244
9	straight	mask_11af	0,1,2,3,5,7,8,12	2901	8901680	0.0003258935391970954
9	straight	mask_11b7	0,1,2,4,5,7,8,12	16432	8901680	0.0018459436870343576
9	straight	mask_11bb	0,1,3,4,5,7,8,12	57	8901680	6.4032856719181096e-06
9	straight	mask_11bd	0,2,3,4,5,7,8,12	156	8901680	1.7524781838933774e-05
9	straight	mask_11be	1,2,3,4,5,7,8,12	113	8901680	1.2694232998714849e-05
9	straight	mask_11cf	0,1,2,3,6,7,8,12	1661	8901680	0.00018659399124659615
9	straight	mask_11d7	0,1,2,4,6,7,8,12	4381	8901680	0.00049215428997672348
9	straight	mask_11db	0,1,3,4,6,7,8,12	1219	8901680	0.00013694044270295044
9	straight	mask_11dd	0,2,3,4,6,7,8,12	3	8901680	3.3701503536411106e-07
9	straight	mask_11de	1,2,3,4,6,7,8,12	71	8901680	7.9760225036172943e-06
9	straight	mask_11e7	0,1,2,5,6,7,8,12	1192	8901680	0.00013390730738467346
9	straight	mask_11eb	0,1,3,5,6,7,8,12	103	8901680	1.1570849547501145e-05
9	straight	mask_11ed	0,2,3,5,6,7,8,12	83	8901680	9.3240826450737383e-06
9	straight	mask_11ee	1,2,3,5,6,7,8,12	181	8901680	2.0333240466968034e-05
9	straight	mask_11f3	0,1,4,5,6,7,8,12	11527	8901680	0.0012949241042140361
9	straight	mask_11f5	0,2,4,5,6,7,8,12	1158	8901680	0.00013008780365054686
9	straight	mask_11f6	1,2,4,5,6,7,8,12	866	8901680	9.7285006875106727e-05
9	straight	mask_11f9	0,3,4,5,6,7,8,12	80	8901680	8.9870676097096286e-06
9	straight	mask_11fa	1,3,4,5,6,7,8,12	91	8901680	1.0222789406044701e-05
9	straight	mask_11fc	2,3,4,5,6,7,8,12	19	8901680	2.1344285573060368e-06
9	straight	mask_125f	0,1,2,3,4,6,9,12	7816	8901680	0.00087803650546863061
9	straight	mask_126f	0,1,2,3,5,6,9,12	7810	8901680	0.00087736247539790238
9	straight	mask_127b	0,1,3,4,5,6,9,12	229	8901680	2.572548103279381e-05
9	straight	mask_127d	0,2,3,4,5,6,9,12	345	8901680	3.8756729066872771e-05
9	straight	mask_127e	1,2,3,4,5,6,9,12	1326	8901680	0.00014896064563093707
9	straight	mask_129f	0,1,2,3,4,7,9,12	819	8901680	9.2005104654402316e-05
9	straight	mask_12af	0,1,2,3,5,7,9,12	3501	8901680	0.0003932965462699176
9	straight	mask_12b7	0,1,2,4,5,7,9,12	368	8901680	4.134051100466429e-05
9	straight	mask_12bb	0,1,3,4,5,7,9,12	6	8901680	6.7403007072822212e-07
9	straight	mask_12bd	0,2,3,4,5,7,9,12	15	8901680	1.6850751768205552e-06
9	straight	mask_12be	1,2,3,4,5,7,9,12	55	8901680	6.1786089816753689e-06
9	straight	mask_12cf	0,1,2,3,6,7,9,12	3306	8901680	0.00037139056897125036
9	straight	mask_12d7	0,1,2,4,6,7,9,12	62	8901680	6.9649773975249617e-06
9	straight	mask_12db	0,1,3,4,6,7,9,12	3	8901680	3.3701503536411106e-07
9	straight	mask_12dd	0,2,3,4,6,7,9,12	2	8901680	2.246766902427407e-07
9	straight	mask_12de	1,2,3,4,6,7,9,12	43	8901680	4.8305488402189249e-06
9	straight	mask_12e7	0,1,2,5,6,7,9,12	892	8901680	0.00010020580384826235
9	straight	mask_12eb	0,1,3,5,6,7,9,12	94	8901680	1.0559804441408812e-05
9	straight	mask_12ed	0,2,3,5,6,7,9,12	108	8901680	1.2132541273107998e-05
9	straight	mask_12ee	1,2,3,5,6,7,9,12	285	8901680	3.2016428359590549e-05
9	straight	mask_12f3	0,1,4,5,6,7,9,12	360	8901680	4.0441804243693324e-05
9	straight	mask_12f5	0,2,4,5,6,7,9,12	153	8901680	1.7187766803569663e-05
9	straight	mask_12f6	1,2,4,5,6,7,9,12	379	8901680	4.2576232800999364e-05
9	straight	mask_12f9	0,3,4,5,6,7,9,12	12	8901680	1.3480601414564442e-06
9	straight	mask_12fa	1,3,4,5,6,7,9,12	53	8901680	5.9539322914326282e-06
9	straight	mask_12fc	2,3,4,5,6,7,9,12	43	8901680	4.8305488402189249e-06
9	straight	mask_134f	0,1,2,3,6,8,9,12	82	8901680	9.2117442999523684e-06
9	straight	mask_135e	1,2,3,4,6,8,9,12	95	8901680	1.0672142786530182e-05
9	straight	mask_136d	0,2,3,5,6,8,9,12	114	8901680	1.2806571343836219e-05
9	straight	mask_136e	1,2,3,5,6,8,9,12	281	8901680	3.1567074979105069e-05
9	straight	mask_138f	0,1,2,3,7,8,9,12	36	8901680	4.0441804243693329e-06
9	straight	mask_1397	0,1,2,4,7,8,9,12	1634	8901680	0.00018356085592831914
9	straight	mask_139b	0,1,3,4,7,8,9,12	5	8901680	5.6169172560685179e-07
9	straight	mask_139d	0,2,3,4,7,8,9,12	1	8901680	1.1233834512137035e-07
9	straight	mask_139e	1,2,3,4,7,8,9,12	6	8901680	6.7403007072822212e-07
9	straight	mask_13a7	0,1,2,5,7,8,9,12	379	8901680	4.2576232800999364e-05
9	straight	mask_13ad	0,2,3,5,7,8,9,12	20	8901680	2.2467669024274071e-06
9	straight	mask_13ae	1,2,3,5,7,8,9,12	10	8901680	1.1233834512137036e-06
9	straight	mask_13b3	0,1,4,5,7,8,9,12	29614	8901680	0.0033267877524242617
9	straight	mask_13b5	0,2,4,5,7,8,9,12	3375	8901680	0.00037914191478462494
9	straight	mask_13b6	1,2,4,5,7,8,9,12	541	8901680	6.0775044710661361e-05
9	straight	mask_13b9	0,3,4,5,7,8,9,12	9	8901680	1.0110451060923332e-06
9	straight	mask_13ba	1,3,4,5,7,8,9,12	3	8901680	3.3701503536411106e-07
9	straight	mask_13bc	2,3,4,5,7,8,9,12	13	8901680	1.4603984865778146e-06
9	straight	mask_13c7	0,1,2,6,7,8,9,12	26	8901680	2.9207969731556292e-06
9	straight	mask_13cb	0,1,3,6,7,8,9,12	4	8901680	4.493533804854814e-07
9	straight	mask_13cd	0,2,3,6,7,8,9,12	6	8901680	6.7403007072822212e-07
9	straight	mask_13ce	1,2,3,6,7,8,9,12	16	8901680	1.7974135219419256e-06
9	straight	mask_13d3	0,1,4,6,7,8,9,12	3128	8901680	0.00035139434353964643
9	straight	mask_13d5	0,2,4,6,7,8,9,12	124	8901680	1.3929954795049923e-05
9	straight	mask_13d6	1,2,4,6,7,8,9,12	56	8901680	6.2909473267967397e-06
9	straight	mask_13d9	0,3,4,6,7,8,9,12	2	8901680	2.246766902427407e-07
9	straight	mask_13da	1,3,4,6,7,8,9,12	24	8901680	2.6961202829128885e-06
9	straight	mask_13dc	2,3,4,6,7,8,9,12	1	8901680	1.1233834512137035e-07
9	straight	mask_13e3	0,1,5,6,7,8,9,12	346	8901680	3.8869067411994142e-05
9	straight	mask_13e5	0,2,5,6,7,8,9,12	150	8901680	1.6850751768205551e-05
9	straight	mask_13e6	1,2,5,6,7,8,9,12	196	8901680	2.2018315643788588e-05
9	straight	mask_13e9	0,3,5,6,7,8,9,12	12	8901680	1.3480601414564442e-06
9	straight	mask_13ea	1,3,5,6,7,8,9,12	20	8901680	2.2467669024274071e-06
9	straight	mask_13ec	2,3,5,6,7,8,9,12	32	8901680	3.5948270438838512e-06
9	straight	mask_13f1	0,4,5,6,7,8,9,12	3197	8901680	0.00035914568935302101
9	straight	mask_13f2	1,4,5,6,7,8,9,12	811	8901680	9.1106397893431356e-05
9	straight	mask_13f4	2,4,5,6,7,8,9,12	229	8901680	2.572548103279381e-05
9	straight	mask_13f8	3,4,5,6,7,8,9,12	31	8901680	3.4824886987624808e-06
9	straight	mask_143f	0,1,2,3,4,5,10,12	3543	8901680	0.00039801475676501516
9	straight	mask_145f	0,1,2,3,4,6,10,12	647	8901680	7.2682909293526616e-05
9	straight	mask_146f	0,1,2,3,5,6,10,12	562	8901680	6.3134149958210138e-05
9	straight	mask_147b	0,1,3,4,5,6,10,12	105	8901680	1.1795526237743887e-05
9	straight	mask_147d	0,2,3,4,5,6,10,12	23	8901680	2.5837819377915181e-06
9	straight	mask_147e	1,2,3,4,5,6,10,12	228	8901680	2.5613142687672438e-05
9	straight	mask_149f	0,1,2,3,4,7,10,12	26	8901680	2.9207969731556292e-06
9	straight	mask_14af	0,1,2,3,5,7,10,12	368	8901680	4.134051100466429e-05
9	straight	mask_14b7	0,1,2,4,5,7,10,12	17	8901680	1.9097518670632957e-06
9	straight	mask_14be	1,2,3,4,5,7,10,12	12	8901680	1.3480601414564442e-06
9	straight	mask_14cf	0,1,2,3,6,7,10,12	979	8901680	0.00010997923987382157
9	straight	mask_14d7	0,1,2,4,6,7,10,12	4	8901680	4.493533804854814e-07
9	straight	mask_14de	1,2,3,4,6,7,10,12	13	8901680	1.4603984865778146e-06
9	straight	mask_14e7	0,1,2,5,6,7,10,12	83	8901680	9.3240826450737383e-06
9	straight	mask_14eb	0,1,3,5,6,7,10,12	31	8901680	3.4824886987624808e-06
9	straight	mask_14ed	0,2,3,5,6,7,10,12	35	8901680	3.9318420792479622e-06
9	straight	mask_14ee	1,2,3,5,6,7,10,12	117	8901680	1.3143586379200331e-05
9	straight	mask_14f3	0,1,4,5,6,7,10,12	51	8901680	5.7292556011898876e-06
9	straight	mask_14f5	0,2,4,5,6,7,10,12	7	8901680	7.8636841584959246e-07
9	straight	mask_14f6	1,2,4,5,6,7,10,12	147	8901680	1.651373673284144e-05
9	straight	mask_14f9	0,3,4,5,6,7,10,12	5	8901680	5.6169172560685179e-07
9	straight	mask_14fa	1,3,4,5,6,7,10,12	29	8901680	3.2578120085197402e-06
9	straight	mask_14fc	2,3,4,5,6,7,10,12	27	8901680	3.0331353182769995e-06
9	straight	mask_151f	0,1,2,3,4,8,10,12	1256	8901680	0.00014109696147244117
9	straight	mask_152f	0,1,2,3,5,8,10,12	292	8901680	3.2802796775440143e-05
9	straight	mask_153e	1,2,3,4,5,8,10,12	121	8901680	1.3592939759685812e-05
9	straight	mask_154f	0,1,2,3,6,8,10,12	11	8901680	1.2357217963350739e-06
9	straight	mask_155b	0,1,3,4,6,8,10,12	8873	8901680	0.0009967781362619191
9	straight	mask_155d	0,2,3,4,6,8,10,12	3	8901680	3.3701503536411106e-07
9	straight	mask_155e	1,2,3,4,6,8,10,12	35	8901680	3.9318420792479622e-06
9	straight	mask_156b	0,1,3,5,6,8,10,12	112	8901680	1.2581894653593479e-05
9	straight	mask_156d	0,2,3,5,6,8,10,12	21	8901680	2.3591052475487775e-06
9	straight	mask_156e	1,2,3,5,6,8,10,12	50	8901680	5.6169172560685176e-06
9	straight	mask_1579	0,3,4,5,6,8,10,12	425	8901680	4.7743796676582397e-05
9	straight	mask_157a	1,3,4,5,6,8,10,12	274	8901680	3.0780706563255475e-05
9	straight	mask_157c	2,3,4,5,6,8,10,12	20	8901680	2.2467669024274071e-06
9	straight	mask_158f	0,1,2,3,7,8,10,12	3	8901680	3.3701503536411106e-07
9	straight	mask_1597	0,1,2,4,7,8,10,12	417	8901680	4.6845089915611438e-05
9	straight	mask_159b	0,1,3,4,7,8,10,12	5	8901680	5.6169172560685179e-07
9	straight	mask_159e	1,2,3,4,7,8,10,12	4	8901680	4.493533804854814e-07
9	straight	mask_15a7	0,1,2,5,7,8,10,12	38	8901680	4.2688571146120736e-06
9	straight	mask_15b3	0,1,4,5,7,8,10,12	1213	8901680	0.00013626641263222224
9	straight	mask_15b5	0,2,4,5,7,8,10,12	62	8901680	6.9649773975249617e-06
9	straight	mask_15b6	1,2,4,5,7,8,10,12	36	8901680	4.0441804243693329e-06
9	straight	mask_15bc	2,3,4,5,7,8,10,12	1	8901680	1.1233834512137035e-07
9	straight	mask_15c7	0,1,2,6,7,8,10,12	5	8901680	5.6169172560685179e-07
9	straight	mask_15cb	0,1,3,6,7,8,10,12	2	8901680	2.246766902427407e-07
9	straight	mask_15cd	0,2,3,6,7,8,10,12	1	8901680	1.1233834512137035e-07
9	straight	mask_15ce	1,2,3,6,7,8,10,12	2	8901680	2.246766902427407e-07
9	straight	mask_15d3	0,1,4,6,7,8,10,12	1863	8901680	0.00020928633696111297
9	straight	mask_15d5	0,2,4,6,7,8,10,12	5	8901680	5.6169172560685179e-07
9	straight	mask_15d6	1,2,4,6,7,8,10,12	31	8901680	3.4824886987624808e-06
9	straight	mask_15da	1,3,4,6,7,8,10,12	6	8901680	6.7403007072822212e-07
9	straight	mask_15e3	0,1,5,6,7,8,10,12	54	8901680	6.066270636553999e-06
9	straight	mask_15e5	0,2,5,6,7,8,10,12	19	8901680	2.1344285573060368e-06
9	straight	mask_15e6	1,2,5,6,7,8,10,12	41	8901680	4.6058721499761842e-06
9	straight	mask_15e9	0,3,5,6,7,8,10,12	4	8901680	4.493533804854814e-07
9	straight	mask_15ea	1,3,5,6,7,8,10,12	14	8901680	1.5727368316991849e-06
9	straight	mask_15ec	2,3,5,6,7,8,10,12	10	8901680	1.1233834512137036e-06
9	straight	mask_15f1	0,4,5,6,7,8,10,12	211	8901680	2.3703390820609145e-05
9	straight	mask_15f2	1,4,5,6,7,8,10,12	187	8901680	2.1007270537696257e-05
9	straight	mask_15f4	2,4,5,6,7,8,10,12	23	8901680	2.5837819377915181e-06
9	straight	mask_15f8	3,4,5,6,7,8,10,12	6	8901680	6.7403007072822212e-07
9	straight	mask_164f	0,1,2,3,6,9,10,12	21	8901680	2.3591052475487775e-06
9	straight	mask_165b	0,1,3,4,6,9,10,12	7	8901680	7.8636841584959246e-07
9	straight	mask_165d	0,2,3,4,6,9,10,12	5	8901680	5.6169172560685179e-07
9	straight	mask_165e	1,2,3,4,6,9,10,12	66	8901680	7.414330778010443e-06
9	straight	mask_166b	0,1,3,5,6,9,10,12	61	8901680	6.8526390524035909e-06
9	straight	mask_166d	0,2,3,5,6,9,10,12	42	8901680	4.718210495097555e-06
9	straight	mask_166e	1,2,3,5,6,9,10,12	144	8901680	1.6176721697477332e-05
9	straight	mask_167a	1,3,4,5,6,9,10,12	86	8901680	9.6610976804378497e-06
9	straight	mask_167c	2,3,4,5,6,9,10,12	40	8901680	4.4935338048548143e-06
9	straight	mask_168f	0,1,2,3,7,9,10,12	24	8901680	2.6961202829128885e-06
9	straight	mask_1697	0,1,2,4,7,9,10,12	1	8901680	1.1233834512137035e-07
9	straight	mask_169b	0,1,3,4,7,9,10,12	1	8901680	1.1233834512137035e-07
9	straight	mask_169e	1,2,3,4,7,9,10,12	1	8901680	1.1233834512137035e-07
9	straight	mask_16a7	0,1,2,5,7,9,10,12	41	8901680	4.6058721499761842e-06
9	straight	mask_16ad	0,2,3,5,7,9,10,12	9	8901680	1.0110451060923332e-06
9	straight	mask_16ae	1,2,3,5,7,9,10,12	13	8901680	1.4603984865778146e-06
9	straight	mask_16b3	0,1,4,5,7,9,10,12	63	8901680	7.0773157426463316e-06
9	straight	mask_16b5	0,2,4,5,7,9,10,12	16	8901680	1.7974135219419256e-06
9	straight	mask_16b6	1,2,4,5,7,9,10,12	37	8901680	4.1565187694907028e-06
9	straight	mask_16b9	0,3,4,5,7,9,10,12	1	8901680	1.1233834512137035e-07
9	straight	mask_16ba	1,3,4,5,7,9,10,12	2	8901680	2.246766902427407e-07
9	straight	mask_16bc	2,3,4,5,7,9,10,12	4	8901680	4.493533804854814e-07
9	straight	mask_16c7	0,1,2,6,7,9,10,12	20	8901680	2.2467669024274071e-06
9	straight	mask_16cb	0,1,3,6,7,9,10,12	7	8901680	7.8636841584959246e-07
9	straight	mask_16cd	0,2,3,6,7,9,10,12	5	8901680	5.6169172560685179e-07
9	straight	mask_16ce	1,2,3,6,7,9,10,12	37	8901680	4.1565187694907028e-06
9	straight	mask_16d3	0,1,4,6,7,9,10,12	13	8901680	1.4603984865778146e-06
9	straight	mask_16d5	0,2,4,6,7,9,10,12	4	8901680	4.493533804854814e-07
9	straight	mask_16d6	1,2,4,6,7,9,10,12	28	8901680	3.1454736633983698e-06
9	straight	mask_16d9	0,3,4,6,7,9,10,12	1	8901680	1.1233834512137035e-07
9	straight	mask_16da	1,3,4,6,7,9,10,12	25	8901680	2.8084586280342588e-06
9	straight	mask_16dc	2,3,4,6,7,9,10,12	3	8901680	3.3701503536411106e-07
9	straight	mask_16e3	0,1,5,6,7,9,10,12	159	8901680	1.7861796874297886e-05
9	straight	mask_16e5	0,2,5,6,7,9,10,12	62	8901680	6.9649773975249617e-06
9	straight	mask_16e6	1,2,5,6,7,9,10,12	291	8901680	3.2690458430318772e-05
9	straight	mask_16e9	0,3,5,6,7,9,10,12	21	8901680	2.3591052475487775e-06
9	straight	mask_16ea	1,3,5,6,7,9,10,12	97	8901680	1.0896819476772924e-05
9	straight	mask_16ec	2,3,5,6,7,9,10,12	57	8901680	6.4032856719181096e-06
9	straight	mask_16f1	0,4,5,6,7,9,10,12	84	8901680	9.4364209901951099e-06
9	straight	mask_16f2	1,4,5,6,7,9,10,12	235	8901680	2.6399511103522033e-05
9	straight	mask_16f4	2,4,5,6,7,9,10,12	113	8901680	1.2694232998714849e-05
9	straight	mask_16f8	3,4,5,6,7,9,10,12	41	8901680	4.6058721499761842e-06
9	straight	mask_174e	1,2,3,6,8,9,10,12	2	8901680	2.246766902427407e-07
9	straight	mask_176c	2,3,5,6,8,9,10,12	10	8901680	1.1233834512137036e-06
9	straight	mask_178d	0,2,3,7,8,9,10,12	1	8901680	1.1233834512137035e-07
9	straight	mask_1793	0,1,4,7,8,9,10,12	601	8901680	6.7515345417943576e-05
9	straight	mask_1795	0,2,4,7,8,9,10,12	5	8901680	5.6169172560685179e-07
9	straight	mask_1796	1,2,4,7,8,9,10,12	5	8901680	5.6169172560685179e-07
9	straight	mask_17a3	0,1,5,7,8,9,10,12	36	8901680	4.0441804243693329e-06
9	straight	mask_17a5	0,2,5,7,8,9,10,12	21	8901680	2.3591052475487775e-06
9	straight	mask_17a6	1,2,5,7,8,9,10,12	10	8901680	1.1233834512137036e-06
9	straight	mask_17aa	1,3,5,7,8,9,10,12	4	8901680	4.493533804854814e-07
9	straight	mask_17ac	2,3,5,7,8,9,10,12	2	8901680	2.246766902427407e-07
9	straight	mask_17b1	0,4,5,7,8,9,10,12	636	8901680	7.1447187497191542e-05
9	straight	mask_17b2	1,4,5,7,8,9,10,12	200	8901680	2.2467669024274071e-05
9	straight	mask_17b4	2,4,5,7,8,9,10,12	36	8901680	4.0441804243693329e-06
9	straight	mask_17b8	3,4,5,7,8,9,10,12	2	8901680	2.246766902427407e-07
9	straight	mask_17c3	0,1,6,7,8,9,10,12	7	8901680	7.8636841584959246e-07
9	straight	mask_17c5	0,2,6,7,8,9,10,12	7	8901680	7.8636841584959246e-07
9	straight	mask_17c6	1,2,6,7,8,9,10,12	13	8901680	1.4603984865778146e-06
9	straight	mask_17ca	1,3,6,7,8,9,10,12	5	8901680	5.6169172560685179e-07
9	straight	mask_17cc	2,3,6,7,8,9,10,12	9	8901680	1.0110451060923332e-06
9	straight	mask_17d1	0,4,6,7,8,9,10,12	54	8901680	6.066270636553999e-06
9	straight	mask_17d2	1,4,6,7,8,9,10,12	47	8901680	5.2799022207044062e-06
9	straight	mask_17d4	2,4,6,7,8,9,10,12	15	8901680	1.6850751768205552e-06
9	straight	mask_17d8	3,4,6,7,8,9,10,12	8	8901680	8.9870676097096279e-07
9	straight	mask_17e1	0,5,6,7,8,9,10,12	96	8901680	1.0784481131651554e-05
9	straight	mask_17e2	1,5,6,7,8,9,10,12	233	8901680	2.617483441327929e-05
9	straight	mask_17e4	2,5,6,7,8,9,10,12	132	8901680	1.4828661556020886e-05
9	straight	mask_17e8	3,5,6,7,8,9,10,12	17	8901680	1.9097518670632957e-06
9	straight	mask_183f	0,1,2,3,4,5,11,12	156	8901680	1.7524781838933774e-05
9	straight	mask_185f	0,1,2,3,4,6,11,12	50	8901680	5.6169172560685176e-06
9	straight	mask_186f	0,1,2,3,5,6,11,12	48	8901680	5.392240565825777e-06
9	straight	mask_1877	0,1,2,4,5,6,11,12	14	8901680	1.5727368316991849e-06
9	straight	mask_187b	0,1,3,4,5,6,11,12	6	8901680	6.7403007072822212e-07
9	straight	mask_187d	0,2,3,4,5,6,11,12	7	8901680	7.8636841584959246e-07
9	straight	mask_187e	1,2,3,4,5,6,11,12	10	8901680	1.1233834512137036e-06
9	straight	mask_189f	0,1,2,3,4,7,11,12	4	8901680	4.493533804854814e-07
9	straight	mask_18af	0,1,2,3,5,7,11,12	9	8901680	1.0110451060923332e-06
9	straight	mask_18b7	0,1,2,4,5,7,11,12	2	8901680	2.246766902427407e-07
9	straight	mask_18be	1,2,3,4,5,7,11,12	2	8901680	2.246766902427407e-07
9	straight	mask_18cf	0,1,2,3,6,7,11,12	77	8901680	8.6500525743455171e-06
9	straight	mask_18d7	0,1,2,4,6,7,11,12	2	8901680	2.246766902427407e-07
9	straight	mask_18de	1,2,3,4,6,7,11,12	3	8901680	3.3701503536411106e-07
9	straight	mask_18e7	0,1,2,5,6,7,11,12	11	8901680	1.2357217963350739e-06
9	straight	mask_18eb	0,1,3,5,6,7,11,12	1	8901680	1.1233834512137035e-07
9	straight	mask_18ed	0,2,3,5,6,7,11,12	3	8901680	3.3701503536411106e-07
9	straight	mask_18ee	1,2,3,5,6,7,11,12	89	8901680	9.9981127158019612e-06
9	straight	mask_18f3	0,1,4,5,6,7,11,12	5	8901680	5.6169172560685179e-07
9	straight	mask_18f5	0,2,4,5,6,7,11,12	1	8901680	1.1233834512137035e-07
9	straight	mask_18f6	1,2,4,5,6,7,11,12	29	8901680	3.2578120085197402e-06
9	straight	mask_18f9	0,3,4,5,6,7,11,12	1	8901680	1.1233834512137035e-07
9	straight	mask_18fa	1,3,4,5,6,7,11,12	2	8901680	2.246766902427407e-07
9	straight	mask_18fc	2,3,4,5,6,7,11,12	3	8901680	3.3701503536411106e-07
9	straight	mask_191f	0,1,2,3,4,8,11,12	81	8901680	9.0994059548309985e-06
9	straight	mask_192f	0,1,2,3,5,8,11,12	1	8901680	1.1233834512137035e-07
9	straight	mask_1937	0,1,2,4,5,8,11,12	219	8901680	2.4602097581580107e-05
9	straight	mask_193b	0,1,3,4,5,8,11,12	1	8901680	1.1233834512137035e-07
9	straight	mask_193d	0,2,3,4,5,8,11,12	14	8901680	1.5727368316991849e-06
9	straight	mask_193e	1,2,3,4,5,8,11,12	5	8901680	5.6169172560685179e-07
9	straight	mask_194f	0,1,2,3,6,8,11,12	1	8901680	1.1233834512137035e-07
9	straight	mask_1957	0,1,2,4,6,8,11,12	111	8901680	1.2469556308472109e-05
9	straight	mask_195b	0,1,3,4,6,8,11,12	112	8901680	1.2581894653593479e-05
9	straight	mask_195e	1,2,3,4,6,8,11,12	1	8901680	1.1233834512137035e-07
9	straight	mask_1967	0,1,2,5,6,8,11,12	10	8901680	1.1233834512137036e-06
9	straight	mask_1973	0,1,4,5,6,8,11,12	1288	8901680	0.000144691788516325
9	straight	mask_1975	0,2,4,5,6,8,11,12	17	8901680	1.9097518670632957e-06
9	straight	mask_1976	1,2,4,5,6,8,11,12	29	8901680	3.2578120085197402e-06
9	straight	mask_1979	0,3,4,5,6,8,11,12	15	8901680	1.6850751768205552e-06
9	straight	mask_197a	1,3,4,5,6,8,11,12	2	8901680	2.246766902427407e-07
9	straight	mask_197c	2,3,4,5,6,8,11,12	1	8901680	1.1233834512137035e-07
9	straight	mask_1997	0,1,2,4,7,8,11,12	232	8901680	2.6062496068157921e-05
9	straight	mask_199e	1,2,3,4,7,8,11,12	1	8901680	1.1233834512137035e-07
9	straight	mask_19a7	0,1,2,5,7,8,11,12	4	8901680	4.493533804854814e-07
9	straight	mask_19ad	0,2,3,5,7,8,11,12	1	8901680	1.1233834512137035e-07
9	straight	mask_19b3	0,1,4,5,7,8,11,12	1	8901680	1.1233834512137035e-07
9	straight	mask_19b5	0,2,4,5,7,8,11,12	8	8901680	8.9870676097096279e-07
9	straight	mask_19b6	1,2,4,5,7,8,11,12	4	8901680	4.493533804854814e-07
9	straight	mask_19c7	0,1,2,6,7,8,11,12	2	8901680	2.246766902427407e-07
9	straight	mask_19cb	0,1,3,6,7,8,11,12	1	8901680	1.1233834512137035e-07
9	straight	mask_19d3	0,1,4,6,7,8,11,12	211	8901680	2.3703390820609145e-05
9	straight	mask_19d6	1,2,4,6,7,8,11,12	4	8901680	4.493533804854814e-07
9	straight	mask_19da	1,3,4,6,7,8,11,12	4	8901680	4.493533804854814e-07
9	straight	mask_19e3	0,1,5,6,7,8,11,12	5	8901680	5.6169172560685179e-07
9	straight	mask_19e5	0,2,5,6,7,8,11,12	1	8901680	1.1233834512137035e-07
9	straight	mask_19e6	1,2,5,6,7,8,11,12	30	8901680	3.3701503536411105e-06
9	straight	mask_19e9	0,3,5,6,7,8,11,12	1	8901680	1.1233834512137035e-07
9	straight	mask_19ea	1,3,5,6,7,8,11,12	1	8901680	1.1233834512137035e-07
9	straight	mask_19ec	2,3,5,6,7,8,11,12	5	8901680	5.6169172560685179e-07
9	straight	mask_19f1	0,4,5,6,7,8,11,12	9	8901680	1.0110451060923332e-06
9	straight	mask_19f2	1,4,5,6,7,8,11,12	8	8901680	8.9870676097096279e-07
9	straight	mask_19f4	2,4,5,6,7,8,11,12	2	8901680	2.246766902427407e-07
9	straight	mask_19f8	3,4,5,6,7,8,11,12	2	8901680	2.246766902427407e-07
9	straight	mask_1a1f	0,1,2,3,4,9,11,12	375	8901680	4.2126879420513878e-05
9	straight	mask_1a2f	0,1,2,3,5,9,11,12	27	8901680	3.0331353182769995e-06
9	straight	mask_1a37	0,1,2,4,5,9,11,12	49	8901680	5.5045789109471469e-06
9	straight	mask_1a3b	0,1,3,4,5,9,11,12	10	8901680	1.1233834512137036e-06
9	straight	mask_1a3d	0,2,3,4,5,9,11,12	10	8901680	1.1233834512137036e-06
9	straight	mask_1a3e	1,2,3,4,5,9,11,12	23	8901680	2.5837819377915181e-06
9	straight	mask_1a4f	0,1,2,3,6,9,11,12	5	8901680	5.6169172560685179e-07
9	straight	mask_1a57	0,1,2,4,6,9,11,12	6	8901680	6.7403007072822212e-07
9	straight	mask_1a5b	0,1,3,4,6,9,11,12	1	8901680	1.1233834512137035e-07
9	straight	mask_1a5e	1,2,3,4,6,9,11,12	2	8901680	2.246766902427407e-07
9	straight	mask_1a67	0,1,2,5,6,9,11,12	33	8901680	3.7071653890052215e-06
9	straight	mask_1a6b	0,1,3,5,6,9,11,12	3	8901680	3.3701503536411106e-07
9	straight	mask_1a6d	0,2,3,5,6,9,11,12	10	8901680	1.1233834512137036e-06
9	straight	mask_1a6e	1,2,3,5,6,9,11,12	15	8901680	1.6850751768205552e-06
9	straight	mask_1a73	0,1,4,5,6,9,11,12	77	8901680	8.6500525743455171e-06
9	straight	mask_1a75	0,2,4,5,6,9,11,12	14	8901680	1.5727368316991849e-06
9	straight	mask_1a76	1,2,4,5,6,9,11,12	42	8901680	4.718210495097555e-06
9	straight	mask_1a79	0,3,4,5,6,9,11,12	1	8901680	1.1233834512137035e-07
9	straight	mask_1a7a	1,3,4,5,6,9,11,12	4	8901680	4.493533804854814e-07
9	straight	mask_1a7c	2,3,4,5,6,9,11,12	7	8901680	7.8636841584959246e-07
9	straight	mask_1a8f	0,1,2,3,7,9,11,12	2	8901680	2.246766902427407e-07
9	straight	mask_1a97	0,1,2,4,7,9,11,12	1	8901680	1.1233834512137035e-07
9	straight	mask_1aa7	0,1,2,5,7,9,11,12	3	8901680	3.3701503536411106e-07
9	straight	mask_1ab3	0,1,4,5,7,9,11,12	1	8901680	1.1233834512137035e-07
9	straight	mask_1ab6	1,2,4,5,7,9,11,12	1	8901680	1.1233834512137035e-07
9	straight	mask_1ac7	0,1,2,6,7,9,11,12	4	8901680	4.493533804854814e-07
9	straight	mask_1acd	0,2,3,6,7,9,11,12	1	8901680	1.1233834512137035e-07
9	straight	mask_1ad5	0,2,4,6,7,9,11,12	1	8901680	1.1233834512137035e-07
9	straight	mask_1ad6	1,2,4,6,7,9,11,12	3	8901680	3.3701503536411106e-07
9	straight	mask_1ada	1,3,4,6,7,9,11,12	1	8901680	1.1233834512137035e-07
9	straight	mask_1ae3	0,1,5,6,7,9,11,12	9	8901680	1.0110451060923332e-06
9	straight	mask_1ae5	0,2,5,6,7,9,11,12	10	8901680	1.1233834512137036e-06
9	straight	mask_1ae6	1,2,5,6,7,9,11,12	42	8901680	4.718210495097555e-06
9	straight	mask_1ae9	0,3,5,6,7,9,11,12	1	8901680	1.1233834512137035e-07
9	straight	mask_1aea	1,3,5,6,7,9,11,12	5	8901680	5.6169172560685179e-07
9	straight	mask_1af1	0,4,5,6,7,9,11,12	3	8901680	3.3701503536411106e-07
9	straight	mask_1af2	1,4,5,6,7,9,11,12	13	8901680	1.4603984865778146e-06
9	straight	mask_1af4	2,4,5,6,7,9,11,12	14	8901680	1.5727368316991849e-06
9	straight	mask_1af8	3,4,5,6,7,9,11,12	3	8901680	3.3701503536411106e-07
9	straight	mask_1b17	0,1,2,4,8,9,11,12	42	8901680	4.718210495097555e-06
9	straight	mask_1b1e	1,2,3,4,8,9,11,12	2	8901680	2.246766902427407e-07
9	straight	mask_1b27	0,1,2,5,8,9,11,12	6	8901680	6.7403007072822212e-07
9	straight	mask_1b2d	0,2,3,5,8,9,11,12	1	8901680	1.1233834512137035e-07
9	straight	mask_1b2e	1,2,3,5,8,9,11,12	2	8901680	2.246766902427407e-07
9	straight	mask_1b33	0,1,4,5,8,9,11,12	10171	8901680	0.0011425933082294577
9	straight	mask_1b35	0,2,4,5,8,9,11,12	115	8901680	1.2918909688957591e-05
9	straight	mask_1b36	1,2,4,5,8,9,11,12	64	8901680	7.1896540877677023e-06
9	straight	mask_1b39	0,3,4,5,8,9,11,12	3	8901680	3.3701503536411106e-07
9	straight	mask_1b3a	1,3,4,5,8,9,11,12	3	8901680	3.3701503536411106e-07
9	straight	mask_1b3c	2,3,4,5,8,9,11,12	1	8901680	1.1233834512137035e-07
9	straight	mask_1b53	0,1,4,6,8,9,11,12	540	8901680	6.066270636553999e-05
9	straight	mask_1b55	0,2,4,6,8,9,11,12	11	8901680	1.2357217963350739e-06
9	straight	mask_1b56	1,2,4,6,8,9,11,12	10	8901680	1.1233834512137036e-06
9	straight	mask_1b5a	1,3,4,6,8,9,11,12	3	8901680	3.3701503536411106e-07
9	straight	mask_1b63	0,1,5,6,8,9,11,12	62	8901680	6.9649773975249617e-06
9	straight	mask_1b65	0,2,5,6,8,9,11,12	13	8901680	1.4603984865778146e-06
9	straight	mask_1b66	1,2,5,6,8,9,11,12	106	8901680	1.1907864582865256e-05
9	straight	mask_1b69	0,3,5,6,8,9,11,12	1	8901680	1.1233834512137035e-07
9	straight	mask_1b6a	1,3,5,6,8,9,11,12	2	8901680	2.246766902427407e-07
9	straight	mask_1b6c	2,3,5,6,8,9,11,12	9	8901680	1.0110451060923332e-06
9	straight	mask_1b72	1,4,5,6,8,9,11,12	179	8901680	2.0108563776725294e-05
9	straight	mask_1b74	2,4,5,6,8,9,11,12	40	8901680	4.4935338048548143e-06
9	straight	mask_1b78	3,4,5,6,8,9,11,12	5	8901680	5.6169172560685179e-07
9	straight	mask_1b93	0,1,4,7,8,9,11,12	1	8901680	1.1233834512137035e-07
9	straight	mask_1ba6	1,2,5,7,8,9,11,12	2	8901680	2.246766902427407e-07
9	straight	mask_1bac	2,3,5,7,8,9,11,12	1	8901680	1.1233834512137035e-07
9	straight	mask_1bb1	0,4,5,7,8,9,11,12	5	8901680	5.6169172560685179e-07
9	straight	mask_1bb2	1,4,5,7,8,9,11,12	4	8901680	4.493533804854814e-07
9	straight	mask_1bb4	2,4,5,7,8,9,11,12	2	8901680	2.246766902427407e-07
9	straight	mask_1bc3	0,1,6,7,8,9,11,12	3	8901680	3.3701503536411106e-07
9	straight	mask_1bcc	2,3,6,7,8,9,11,12	3	8901680	3.3701503536411106e-07
9	straight	mask_1bd1	0,4,6,7,8,9,11,12	4	8901680	4.493533804854814e-07
9	straight	mask_1bd2	1,4,6,7,8,9,11,12	1	8901680	1.1233834512137035e-07
9	straight	mask_1bd4	2,4,6,7,8,9,11,12	1	8901680	1.1233834512137035e-07
9	straight	mask_1be1	0,5,6,7,8,9,11,12	10	8901680	1.1233834512137036e-06
9	straight	mask_1be2	1,5,6,7,8,9,11,12	17	8901680	1.9097518670632957e-06
9	straight	mask_1be4	2,5,6,7,8,9,11,12	54	8901680	6.066270636553999e-06
9	straight	mask_1c1f	0,1,2,3,4,10,11,12	92	8901680	1.0335127751166073e-05
9	straight	mask_1c2f	0,1,2,3,5,10,11,12	5	8901680	5.6169172560685179e-07
9	straight	mask_1c37	0,1,2,4,5,10,11,12	5	8901680	5.6169172560685179e-07
9	straight	mask_1c3b	0,1,3,4,5,10,11,12	1	8901680	1.1233834512137035e-07
9	straight	mask_1c3e	1,2,3,4,5,10,11,12	9	8901680	1.0110451060923332e-06
9	straight	mask_1c5e	1,2,3,4,6,10,11,12	2	8901680	2.246766902427407e-07
9	straight	mask_1c67	0,1,2,5,6,10,11,12	10	8901680	1.1233834512137036e-06
9	straight	mask_1c6b	0,1,3,5,6,10,11,12	3	8901680	3.3701503536411106e-07
9	straight	mask_1c6d	0,2,3,5,6,10,11,12	1	8901680	1.1233834512137035e-07
9	straight	mask_1c6e	1,2,3,5,6,10,11,12	51	8901680	5.7292556011898876e-06
9	straight	mask_1c73	0,1,4,5,6,10,11,12	21	8901680	2.3591052475487775e-06
9	straight	mask_1c75	0,2,4,5,6,10,11,12	7	8901680	7.8636841584959246e-07
9	straight	mask_1c76	1,2,4,5,6,10,11,12	34	8901680	3.8195037341265914e-06
9	straight	mask_1c79	0,3,4,5,6,10,11,12	2	8901680	2.246766902427407e-07
9	straight	mask_1c7a	1,3,4,5,6,10,11,12	7	8901680	7.8636841584959246e-07
9	straight	mask_1c7c	2,3,4,5,6,10,11,12	11	8901680	1.2357217963350739e-06
9	straight	mask_1c8f	0,1,2,3,7,10,11,12	4	8901680	4.493533804854814e-07
9	straight	mask_1c97	0,1,2,4,7,10,11,12	2	8901680	2.246766902427407e-07
9	straight	mask_1c9e	1,2,3,4,7,10,11,12	1	8901680	1.1233834512137035e-07
9	straight	mask_1ca7	0,1,2,5,7,10,11,12	4	8901680	4.493533804854814e-07
9	straight	mask_1cad	0,2,3,5,7,10,11,12	1	8901680	1.1233834512137035e-07
9	straight	mask_1cae	1,2,3,5,7,10,11,12	2	8901680	2.246766902427407e-07
9	straight	mask_1cb6	1,2,4,5,7,10,11,12	1	8901680	1.1233834512137035e-07
9	straight	mask_1cbc	2,3,4,5,7,10,11,12	2	8901680	2.246766902427407e-07
9	straight	mask_1cc7	0,1,2,6,7,10,11,12	4	8901680	4.493533804854814e-07
9	straight	mask_1ccb	0,1,3,6,7,10,11,12	2	8901680	2.246766902427407e-07
9	straight	mask_1cd6	1,2,4,6,7,10,11,12	9	8901680	1.0110451060923332e-06
9	straight	mask_1cda	1,3,4,6,7,10,11,12	4	8901680	4.493533804854814e-07
9	straight	mask_1cdc	2,3,4,6,7,10,11,12	2	8901680	2.246766902427407e-07
9	straight	mask_1ce3	0,1,5,6,7,10,11,12	37	8901680	4.1565187694907028e-06
9	straight	mask_1ce5	0,2,5,6,7,10,11,12	16	8901680	1.7974135219419256e-06
9	straight	mask_1ce6	1,2,5,6,7,10,11,12	75	8901680	8.4253758841027756e-06
9	straight	mask_1ce9	0,3,5,6,7,10,11,12	2	8901680	2.246766902427407e-07
9	straight	mask_1cf1	0,4,5,6,7,10,11,12	5	8901680	5.6169172560685179e-07
9	straight	mask_1cf2	1,4,5,6,7,10,11,12	27	8901680	3.0331353182769995e-06
9	straight	mask_1cf4	2,4,5,6,7,10,11,12	13	8901680	1.4603984865778146e-06
9	straight	mask_1cf8	3,4,5,6,7,10,11,12	1	8901680	1.1233834512137035e-07
9	straight	mask_1d17	0,1,2,4,8,10,11,12	28	8901680	3.1454736633983698e-06
9	straight	mask_1d1b	0,1,3,4,8,10,11,12	1	8901680	1.1233834512137035e-07
9	straight	mask_1d27	0,1,2,5,8,10,11,12	6	8901680	6.7403007072822212e-07
9	straight	mask_1d2b	0,1,3,5,8,10,11,12	1	8901680	1.1233834512137035e-07
9	straight	mask_1d2e	1,2,3,5,8,10,11,12	3	8901680	3.3701503536411106e-07
9	straight	mask_1d33	0,1,4,5,8,10,11,12	2300	8901680	0.00025837819377915182
9	straight	mask_1d35	0,2,4,5,8,10,11,12	7	8901680	7.8636841584959246e-07
9	straight	mask_1d36	1,2,4,5,8,10,11,12	23	8901680	2.5837819377915181e-06
9	straight	mask_1d3a	1,3,4,5,8,10,11,12	2	8901680	2.246766902427407e-07
9	straight	mask_1d53	0,1,4,6,8,10,11,12	117	8901680	1.3143586379200331e-05
9	straight	mask_1d55	0,2,4,6,8,10,11,12	1	8901680	1.1233834512137035e-07
9	straight	mask_1d56	1,2,4,6,8,10,11,12	3	8901680	3.3701503536411106e-07
9	straight	mask_1d5a	1,3,4,6,8,10,11,12	2	8901680	2.246766902427407e-07
9	straight	mask_1d63	0,1,5,6,8,10,11,12	23	8901680	2.5837819377915181e-06
9	straight	mask_1d65	0,2,5,6,8,10,11,12	4	8901680	4.493533804854814e-07
9	straight	mask_1d66	1,2,5,6,8,10,11,12	49	8901680	5.5045789109471469e-06
9	straight	mask_1d6a	1,3,5,6,8,10,11,12	1	8901680	1.1233834512137035e-07
9	straight	mask_1d6c	2,3,5,6,8,10,11,12	4	8901680	4.493533804854814e-07
9	straight	mask_1d72	1,4,5,6,8,10,11,12	50	8901680	5.6169172560685176e-06
9	straight	mask_1d74	2,4,5,6,8,10,11,12	14	8901680	1.5727368316991849e-06
9	straight	mask_1d78	3,4,5,6,8,10,11,12	4	8901680	4.493533804854814e-07
9	straight	mask_1d87	0,1,2,7,8,10,11,12	1	8901680	1.1233834512137035e-07
9	straight	mask_1d93	0,1,4,7,8,10,11,12	1	8901680	1.1233834512137035e-07
9	straight	mask_1d96	1,2,4,7,8,10,11,12	3	8901680	3.3701503536411106e-07
9	straight	mask_1da5	0,2,5,7,8,10,11,12	1	8901680	1.1233834512137035e-07
9	straight	mask_1da6	1,2,5,7,8,10,11,12	4	8901680	4.493533804854814e-07
9	straight	mask_1db2	1,4,5,7,8,10,11,12	4	8901680	4.493533804854814e-07
9	straight	mask_1db4	2,4,5,7,8,10,11,12	1	8901680	1.1233834512137035e-07
9	straight	mask_1dc3	0,1,6,7,8,10,11,12	3	8901680	3.3701503536411106e-07
9	straight	mask_1dc6	1,2,6,7,8,10,11,12	2	8901680	2.246766902427407e-07
9	straight	mask_1dca	1,3,6,7,8,10,11,12	2	8901680	2.246766902427407e-07
9	straight	mask_1dcc	2,3,6,7,8,10,11,12	5	8901680	5.6169172560685179e-07
9	straight	mask_1dd2	1,4,6,7,8,10,11,12	2	8901680	2.246766902427407e-07
9	straight	mask_1dd4	2,4,6,7,8,10,11,12	1	8901680	1.1233834512137035e-07
9	straight	mask_1de1	0,5,6,7,8,10,11,12	11	8901680	1.2357217963350739e-06
9	straight	mask_1de2	1,5,6,7,8,10,11,12	28	8901680	3.1454736633983698e-06
9	straight	mask_1de4	2,5,6,7,8,10,11,12	16	8901680	1.7974135219419256e-06
9	straight	mask_1e17	0,1,2,4,9,10,11,12	6	8901680	6.7403007072822212e-07
9	straight	mask_1e1e	1,2,3,4,9,10,11,12	2	8901680	2.246766902427407e-07
9	straight	mask_1e27	0,1,2,5,9,10,11,12	11	8901680	1.2357217963350739e-06
9	straight	mask_1e2e	1,2,3,5,9,10,11,12	7	8901680	7.8636841584959246e-07
9	straight	mask_1e33	0,1,4,5,9,10,11,12	196	8901680	2.2018315643788588e-05
9	straight	mask_1e35	0,2,4,5,9,10,11,12	15	8901680	1.6850751768205552e-06
9	straight	mask_1e36	1,2,4,5,9,10,11,12	49	8901680	5.5045789109471469e-06
9	straight	mask_1e39	0,3,4,5,9,10,11,12	1	8901680	1.1233834512137035e-07
9	straight	mask_1e3a	1,3,4,5,9,10,11,12	7	8901680	7.8636841584959246e-07
9	straight	mask_1e3c	2,3,4,5,9,10,11,12	5	8901680	5.6169172560685179e-07
9	straight	mask_1e47	0,1,2,6,9,10,11,12	2	8901680	2.246766902427407e-07
9	straight	mask_1e53	0,1,4,6,9,10,11,12	17	8901680	1.9097518670632957e-06
9	straight	mask_1e55	0,2,4,6,9,10,11,12	3	8901680	3.3701503536411106e-07
9	straight	mask_1e56	1,2,4,6,9,10,11,12	17	8901680	1.9097518670632957e-06
9	straight	mask_1e59	0,3,4,6,9,10,11,12	2	8901680	2.246766902427407e-07
9	straight	mask_1e5a	1,3,4,6,9,10,11,12	1	8901680	1.1233834512137035e-07
9	straight	mask_1e5c	2,3,4,6,9,10,11,12	1	8901680	1.1233834512137035e-07
9	straight	mask_1e63	0,1,5,6,9,10,11,12	83	8901680	9.3240826450737383e-06
9	straight	mask_1e65	0,2,5,6,9,10,11,12	24	8901680	2.6961202829128885e-06
9	straight	mask_1e66	1,2,5,6,9,10,11,12	302	8901680	3.3926180226653846e-05
9	straight	mask_1e6a	1,3,5,6,9,10,11,12	10	8901680	1.1233834512137036e-06
9	straight	mask_1e72	1,4,5,6,9,10,11,12	264	8901680	2.9657323112041772e-05
9	straight	mask_1e74	2,4,5,6,9,10,11,12	81	8901680	9.0994059548309985e-06
9	straight	mask_1e78	3,4,5,6,9,10,11,12	11	8901680	1.2357217963350739e-06
9	straight	mask_1e87	0,1,2,7,9,10,11,12	2	8901680	2.246766902427407e-07
9	straight	mask_1e93	0,1,4,7,9,10,11,12	2	8901680	2.246766902427407e-07
9	straight	mask_1ea3	0,1,5,7,9,10,11,12	8	8901680	8.9870676097096279e-07
9	straight	mask_1ea5	0,2,5,7,9,10,11,12	3	8901680	3.3701503536411106e-07
9	straight	mask_1ea6	1,2,5,7,9,10,11,12	13	8901680	1.4603984865778146e-06
9	straight	mask_1eb2	1,4,5,7,9,10,11,12	9	8901680	1.0110451060923332e-06
9	straight	mask_1eb4	2,4,5,7,9,10,11,12	9	8901680	1.0110451060923332e-06
9	straight	mask_1ec3	0,1,6,7,9,10,11,12	11	8901680	1.2357217963350739e-06
9	straight	mask_1ec5	0,2,6,7,9,10,11,12	3	8901680	3.3701503536411106e-07
9	straight	mask_1ec9	0,3,6,7,9,10,11,12	1	8901680	1.1233834512137035e-07
9	straight	mask_1ed2	1,4,6,7,9,10,11,12	22	8901680	2.4714435926701478e-06
9	straight	mask_1ed4	2,4,6,7,9,10,11,12	10	8901680	1.1233834512137036e-06
9	straight	mask_1ee1	0,5,6,7,9,10,11,12	54	8901680	6.066270636553999e-06
9	straight	mask_1f07	0,1,2,8,9,10,11,12	1	8901680	1.1233834512137035e-07
9	straight	mask_1f13	0,1,4,8,9,10,11,12	2130	8901680	0.00023928067510851884
9	straight	mask_1f15	0,2,4,8,9,10,11,12	18	8901680	2.0220902121846665e-06
9	straight	mask_1f16	1,2,4,8,9,10,11,12	5	8901680	5.6169172560685179e-07
9	straight	mask_1f19	0,3,4,8,9,10,11,12	2	8901680	2.246766902427407e-07
9	straight	mask_1f1a	1,3,4,8,9,10,11,12	1	8901680	1.1233834512137035e-07
9	straight	mask_1f23	0,1,5,8,9,10,11,12	70	8901680	7.8636841584959244e-06
9	straight	mask_1f25	0,2,5,8,9,10,11,12	7	8901680	7.8636841584959246e-07
9	straight	mask_1f26	1,2,5,8,9,10,11,12	16	8901680	1.7974135219419256e-06
9	straight	mask_1f2c	2,3,5,8,9,10,11,12	3	8901680	3.3701503536411106e-07
9	straight	mask_1f32	1,4,5,8,9,10,11,12	562	8901680	6.3134149958210138e-05
9	straight	mask_1f34	2,4,5,8,9,10,11,12	35	8901680	3.9318420792479622e-06
9	straight	mask_1f43	0,1,6,8,9,10,11,12	5	8901680	5.6169172560685179e-07
9	straight	mask_1f45	0,2,6,8,9,10,11,12	2	8901680	2.246766902427407e-07
9	straight	mask_1f46	1,2,6,8,9,10,11,12	15	8901680	1.6850751768205552e-06
9	straight	mask_1f4a	1,3,6,8,9,10,11,12	2	8901680	2.246766902427407e-07
9	straight	mask_1f4c	2,3,6,8,9,10,11,12	3	8901680	3.3701503536411106e-07
9	straight	mask_1f52	1,4,6,8,9,10,11,12	28	8901680	3.1454736633983698e-06
9	straight	mask_1f54	2,4,6,8,9,10,11,12	6	8901680	6.7403007072822212e-07
9	straight	mask_1f62	1,5,6,8,9,10,11,12	342	8901680	3.8419714031508656e-05
9	straight	mask_1f64	2,5,6,8,9,10,11,12	158	8901680	1.7749458529176514e-05
9	straight	mask_1f8c	2,3,7,8,9,10,11,12	2	8901680	2.246766902427407e-07
9	straight	mask_1f92	1,4,7,8,9,10,11,12	1	8901680	1.1233834512137035e-07
9	straight	mask_1fa2	1,5,7,8,9,10,11,12	20	8901680	2.2467669024274071e-06
9	straight	mask_1fa4	2,5,7,8,9,10,11,12	6	8901680	6.7403007072822212e-07
9	straight	mask_1fc2	1,6,7,8,9,10,11,12	12	8901680	1.3480601414564442e-06
9	straight	mask_1fc4	2,6,7,8,9,10,11,12	29	8901680	3.2578120085197402e-06
9	straight	mask_20bf	0,1,2,3,4,5,7,13	1205	8901680	0.00013536770587125127
9	straight	mask_20df	0,1,2,3,4,6,7,13	912	8901680	0.00010245257075068975
9	straight	mask_20f7	0,1,2,4,5,6,7,13	439	8901680	4.931653350828158e-05
9	straight	mask_20fb	0,1,3,4,5,6,7,13	29	8901680	3.2578120085197402e-06
9	straight	mask_20fd	0,2,3,4,5,6,7,13	68	8901680	7.6390074682531828e-06
9	straight	mask_20fe	1,2,3,4,5,6,7,13	235	8901680	2.6399511103522033e-05
9	straight	mask_219f	0,1,2,3,4,7,8,13	87	8901680	9.7734360255592196e-06
9	straight	mask_21af	0,1,2,3,5,7,8,13	2709	8901680	0.00030432457693379227
9	straight	mask_21b7	0,1,2,4,5,7,8,13	91	8901680	1.0222789406044701e-05
9	straight	mask_21bb	0,1,3,4,5,7,8,13	2	8901680	2.246766902427407e-07
9	straight	mask_21bd	0,2,3,4,5,7,8,13	22	8901680	2.4714435926701478e-06
9	straight	mask_21be	1,2,3,4,5,7,8,13	24	8901680	2.6961202829128885e-06
9	straight	mask_21cf	0,1,2,3,6,7,8,13	2928	8901680	0.00032892667451537238
9	straight	mask_21d7	0,1,2,4,6,7,8,13	24	8901680	2.6961202829128885e-06
9	straight	mask_21db	0,1,3,4,6,7,8,13	3	8901680	3.3701503536411106e-07
9	straight	mask_21dd	0,2,3,4,6,7,8,13	2	8901680	2.246766902427407e-07
9	straight	mask_21de	1,2,3,4,6,7,8,13	18	8901680	2.0220902121846665e-06
9	straight	mask_21e7	0,1,2,5,6,7,8,13	388	8901680	4.3587277907091695e-05
9	straight	mask_21eb	0,1,3,5,6,7,8,13	32	8901680	3.5948270438838512e-06
9	straight	mask_21ed	0,2,3,5,6,7,8,13	45	8901680	5.0552255304616655e-06
9	straight	mask_21ee	1,2,3,5,6,7,8,13	91	8901680	1.0222789406044701e-05
9	straight	mask_21f3	0,1,4,5,6,7,8,13	130	8901680	1.4603984865778145e-05
9	straight	mask_21f5	0,2,4,5,6,7,8,13	101	8901680	1.1346172857258405e-05
9	straight	mask_21f6	1,2,4,5,6,7,8,13	311	8901680	3.4937225332746177e-05
9	straight	mask_21f9	0,3,4,5,6,7,8,13	12	8901680	1.3480601414564442e-06
9	straight	mask_21fa	1,3,4,5,6,7,8,13	34	8901680	3.8195037341265914e-06
9	straight	mask_21fc	2,3,4,5,6,7,8,13	13	8901680	1.4603984865778146e-06
9	straight	mask_229f	0,1,2,3,4,7,9,13	211	8901680	2.3703390820609145e-05
9	straight	mask_22bb	0,1,3,4,5,7,9,13	3	8901680	3.3701503536411106e-07
9	straight	mask_22bd	0,2,3,4,5,7,9,13	37	8901680	4.1565187694907028e-06
9	straight	mask_22be	1,2,3,4,5,7,9,13	44	8901680	4.9428871853402956e-06
9	straight	mask_22d7	0,1,2,4,6,7,9,13	32	8901680	3.5948270438838512e-06
9	straight	mask_22db	0,1,3,4,6,7,9,13	7	8901680	7.8636841584959246e-07
9	straight	mask_22dd	0,2,3,4,6,7,9,13	6	8901680	6.7403007072822212e-07
9	straight	mask_22de	1,2,3,4,6,7,9,13	36	8901680	4.0441804243693329e-06
9	straight	mask_22f3	0,1,4,5,6,7,9,13	98	8901680	1.1009157821894294e-05
9	straight	mask_22f5	0,2,4,5,6,7,9,13	232	8901680	2.6062496068157921e-05
9	straight	mask_22f6	1,2,4,5,6,7,9,13	454	8901680	5.100160868510214e-05
9	straight	mask_22f9	0,3,4,5,6,7,9,13	27	8901680	3.0331353182769995e-06
9	straight	mask_22fa	1,3,4,5,6,7,9,13	66	8901680	7.414330778010443e-06
9	straight	mask_22fc	2,3,4,5,6,7,9,13	106	8901680	1.1907864582865256e-05
9	straight	mask_238f	0,1,2,3,7,8,9,13	49	8901680	5.5045789109471469e-06
9	straight	mask_239d	0,2,3,4,7,8,9,13	2	8901680	2.246766902427407e-07
9	straight	mask_239e	1,2,3,4,7,8,9,13	3	8901680	3.3701503536411106e-07
9	straight	mask_23ab	0,1,3,5,7,8,9,13	2	8901680	2.246766902427407e-07
9	straight	mask_23ad	0,2,3,5,7,8,9,13	17	8901680	1.9097518670632957e-06
9	straight	mask_23ae	1,2,3,5,7,8,9,13	13	8901680	1.4603984865778146e-06
9	straight	mask_23b9	0,3,4,5,7,8,9,13	1	8901680	1.1233834512137035e-07
9	straight	mask_23ba	1,3,4,5,7,8,9,13	1	8901680	1.1233834512137035e-07
9	straight	mask_23bc	2,3,4,5,7,8,9,13	10	8901680	1.1233834512137036e-06
9	straight	mask_23c7	0,1,2,6,7,8,9,13	20	8901680	2.2467669024274071e-06
9	straight	mask_23cb	0,1,3,6,7,8,9,13	4	8901680	4.493533804854814e-07
9	straight	mask_23cd	0,2,3,6,7,8,9,13	6	8901680	6.7403007072822212e-07
9	straight	mask_23ce	1,2,3,6,7,8,9,13	24	8901680	2.6961202829128885e-06
9	straight	mask_23d6	1,2,4,6,7,8,9,13	21	8901680	2.3591052475487775e-06
9	straight	mask_23d9	0,3,4,6,7,8,9,13	4	8901680	4.493533804854814e-07
9	straight	mask_23da	1,3,4,6,7,8,9,13	21	8901680	2.3591052475487775e-06
9	straight	mask_23dc	2,3,4,6,7,8,9,13	4	8901680	4.493533804854814e-07
9	straight	mask_23e5	0,2,5,6,7,8,9,13	65	8901680	7.3019924328890723e-06
9	straight	mask_23e6	1,2,5,6,7,8,9,13	222	8901680	2.4939112616944219e-05
9	straight	mask_23e9	0,3,5,6,7,8,9,13	19	8901680	2.1344285573060368e-06
9	straight	mask_23ea	1,3,5,6,7,8,9,13	40	8901680	4.4935338048548143e-06
9	straight	mask_23ec	2,3,5,6,7,8,9,13	48	8901680	5.392240565825777e-06
9	straight	mask_249f	0,1,2,3,4,7,10,13	24	8901680	2.6961202829128885e-06
9	straight	mask_24b7	0,1,2,4,5,7,10,13	16	8901680	1.7974135219419256e-06
9	straight	mask_24bb	0,1,3,4,5,7,10,13	2	8901680	2.246766902427407e-07
9	straight	mask_24bd	0,2,3,4,5,7,10,13	3	8901680	3.3701503536411106e-07
9	straight	mask_24be	1,2,3,4,5,7,10,13	13	8901680	1.4603984865778146e-06
9	straight	mask_24d7	0,1,2,4,6,7,10,13	3	8901680	3.3701503536411106e-07
9	straight	mask_24db	0,1,3,4,6,7,10,13	5	8901680	5.6169172560685179e-07
9	straight	mask_24dd	0,2,3,4,6,7,10,13	3	8901680	3.3701503536411106e-07
9	straight	mask_24de	1,2,3,4,6,7,10,13	20	8901680	2.2467669024274071e-06
9	straight	mask_24f3	0,1,4,5,6,7,10,13	52	8901680	5.8415939463112583e-06
9	straight	mask_24f5	0,2,4,5,6,7,10,13	46	8901680	5.1675638755830363e-06
9	straight	mask_24f6	1,2,4,5,6,7,10,13	196	8901680	2.2018315643788588e-05
9	straight	mask_24f9	0,3,4,5,6,7,10,13	11	8901680	1.2357217963350739e-06
9	straight	mask_24fa	1,3,4,5,6,7,10,13	65	8901680	7.3019924328890723e-06
9	straight	mask_24fc	2,3,4,5,6,7,10,13	40	8901680	4.4935338048548143e-06
9	straight	mask_258f	0,1,2,3,7,8,10,13	10	8901680	1.1233834512137036e-06
9	straight	mask_25a7	0,1,2,5,7,8,10,13	5	8901680	5.6169172560685179e-07
9	straight	mask_25ab	0,1,3,5,7,8,10,13	1	8901680	1.1233834512137035e-07
9	straight	mask_25ae	1,2,3,5,7,8,10,13	1	8901680	1.1233834512137035e-07
9	straight	mask_25b6	1,2,4,5,7,8,10,13	4	8901680	4.493533804854814e-07
9	straight	mask_25ba	1,3,4,5,7,8,10,13	2	8901680	2.246766902427407e-07
9	straight	mask_25c7	0,1,2,6,7,8,10,13	2	8901680	2.246766902427407e-07
9	straight	mask_25cb	0,1,3,6,7,8,10,13	1	8901680	1.1233834512137035e-07
9	straight	mask_25cd	0,2,3,6,7,8,10,13	2	8901680	2.246766902427407e-07
9	straight	mask_25ce	1,2,3,6,7,8,10,13	2	8901680	2.246766902427407e-07
9	straight	mask_25d3	0,1,4,6,7,8,10,13	2	8901680	2.246766902427407e-07
9	straight	mask_25d5	0,2,4,6,7,8,10,13	1	8901680	1.1233834512137035e-07
9	straight	mask_25d6	1,2,4,6,7,8,10,13	5	8901680	5.6169172560685179e-07
9	straight	mask_25d9	0,3,4,6,7,8,10,13	1	8901680	1.1233834512137035e-07
9	straight	mask_25da	1,3,4,6,7,8,10,13	2	8901680	2.246766902427407e-07
9	straight	mask_25e3	0,1,5,6,7,8,10,13	39	8901680	4.3811954597334435e-06
9	straight	mask_25e5	0,2,5,6,7,8,10,13	27	8901680	3.0331353182769995e-06
9	straight	mask_25e6	1,2,5,6,7,8,10,13	78	8901680	8.762390919466887e-06
9	straight	mask_25e9	0,3,5,6,7,8,10,13	5	8901680	5.6169172560685179e-07
9	straight	mask_25ea	1,3,5,6,7,8,10,13	24	8901680	2.6961202829128885e-06
9	straight	mask_25ec	2,3,5,6,7,8,10,13	13	8901680	1.4603984865778146e-06
9	straight	mask_25f2	1,4,5,6,7,8,10,13	67	8901680	7.5266691231318129e-06
9	straight	mask_25f4	2,4,5,6,7,8,10,13	39	8901680	4.3811954597334435e-06
9	straight	mask_269b	0,1,3,4,7,9,10,13	1	8901680	1.1233834512137035e-07
9	straight	mask_269d	0,2,3,4,7,9,10,13	1	8901680	1.1233834512137035e-07
9	straight	mask_269e	1,2,3,4,7,9,10,13	2	8901680	2.246766902427407e-07
9	straight	mask_26b9	0,3,4,5,7,9,10,13	6	8901680	6.7403007072822212e-07
9	straight	mask_26ba	1,3,4,5,7,9,10,13	10	8901680	1.1233834512137036e-06
9	straight	mask_26bc	2,3,4,5,7,9,10,13	11	8901680	1.2357217963350739e-06
9	straight	mask_26d3	0,1,4,6,7,9,10,13	12	8901680	1.3480601414564442e-06
9	straight	mask_26d5	0,2,4,6,7,9,10,13	20	8901680	2.2467669024274071e-06
9	straight	mask_26d6	1,2,4,6,7,9,10,13	85	8901680	9.5487593353164798e-06
9	straight	mask_26d9	0,3,4,6,7,9,10,13	9	8901680	1.0110451060923332e-06
9	straight	mask_26da	1,3,4,6,7,9,10,13	35	8901680	3.9318420792479622e-06
9	straight	mask_26dc	2,3,4,6,7,9,10,13	33	8901680	3.7071653890052215e-06
9	straight	mask_26f2	1,4,5,6,7,9,10,13	351	8901680	3.9430759137600993e-05
9	straight	mask_26f4	2,4,5,6,7,9,10,13	621	8901680	6.9762112320370982e-05
9	straight	mask_278e	1,2,3,7,8,9,10,13	1	8901680	1.1233834512137035e-07
9	straight	mask_2799	0,3,4,7,8,9,10,13	1	8901680	1.1233834512137035e-07
9	straight	mask_279a	1,3,4,7,8,9,10,13	1	8901680	1.1233834512137035e-07
9	straight	mask_27a9	0,3,5,7,8,9,10,13	1	8901680	1.1233834512137035e-07
9	straight	mask_27aa	1,3,5,7,8,9,10,13	12	8901680	1.3480601414564442e-06
9	straight	mask_27ac	2,3,5,7,8,9,10,13	6	8901680	6.7403007072822212e-07
9	straight	mask_27c5	0,2,6,7,8,9,10,13	8	8901680	8.9870676097096279e-07
9	straight	mask_27c6	1,2,6,7,8,9,10,13	79	8901680	8.874729264588257e-06
9	straight	mask_27c9	0,3,6,7,8,9,10,13	5	8901680	5.6169172560685179e-07
9	straight	mask_27ca	1,3,6,7,8,9,10,13	22	8901680	2.4714435926701478e-06
9	straight	mask_27e4	2,5,6,7,8,9,10,13	130	8901680	1.4603984865778145e-05
9	straight	mask_283f	0,1,2,3,4,5,11,13	178	8901680	1.9996225431603922e-05
9	straight	mask_285f	0,1,2,3,4,6,11,13	105	8901680	1.1795526237743887e-05
9	straight	mask_2877	0,1,2,4,5,6,11,13	30	8901680	3.3701503536411105e-06
9	straight	mask_287b	0,1,3,4,5,6,11,13	13	8901680	1.4603984865778146e-06
9	straight	mask_287d	0,2,3,4,5,6,11,13	12	8901680	1.3480601414564442e-06
9	straight	mask_287e	1,2,3,4,5,6,11,13	35	8901680	3.9318420792479622e-06
9	straight	mask_289f	0,1,2,3,4,7,11,13	7	8901680	7.8636841584959246e-07
9	straight	mask_28b7	0,1,2,4,5,7,11,13	4	8901680	4.493533804854814e-07
9	straight	mask_28bd	0,2,3,4,5,7,11,13	4	8901680	4.493533804854814e-07
9	straight	mask_28be	1,2,3,4,5,7,11,13	5	8901680	5.6169172560685179e-07
9	straight	mask_28d7	0,1,2,4,6,7,11,13	2	8901680	2.246766902427407e-07
9	straight	mask_28dd	0,2,3,4,6,7,11,13	1	8901680	1.1233834512137035e-07
9	straight	mask_28de	1,2,3,4,6,7,11,13	5	8901680	5.6169172560685179e-07
9	straight	mask_28f3	0,1,4,5,6,7,11,13	10	8901680	1.1233834512137036e-06
9	straight	mask_28f5	0,2,4,5,6,7,11,13	12	8901680	1.3480601414564442e-06
9	straight	mask_28f6	1,2,4,5,6,7,11,13	69	8901680	7.7513458133745544e-06
9	straight	mask_28f9	0,3,4,5,6,7,11,13	2	8901680	2.246766902427407e-07
9	straight	mask_28fa	1,3,4,5,6,7,11,13	12	8901680	1.3480601414564442e-06
9	straight	mask_28fc	2,3,4,5,6,7,11,13	22	8901680	2.4714435926701478e-06
9	straight	mask_291f	0,1,2,3,4,8,11,13	1	8901680	1.1233834512137035e-07
9	straight	mask_292f	0,1,2,3,5,8,11,13	3	8901680	3.3701503536411106e-07
9	straight	mask_293b	0,1,3,4,5,8,11,13	1	8901680	1.1233834512137035e-07
9	straight	mask_293d	0,2,3,4,5,8,11,13	1	8901680	1.1233834512137035e-07
9	straight	mask_293e	1,2,3,4,5,8,11,13	3	8901680	3.3701503536411106e-07
9	straight	mask_2967	0,1,2,5,6,8,11,13	8	8901680	8.9870676097096279e-07
9	straight	mask_296e	1,2,3,5,6,8,11,13	4	8901680	4.493533804854814e-07
9	straight	mask_2975	0,2,4,5,6,8,11,13	5	8901680	5.6169172560685179e-07
9	straight	mask_2976	1,2,4,5,6,8,11,13	11	8901680	1.2357217963350739e-06
9	straight	mask_297a	1,3,4,5,6,8,11,13	2	8901680	2.246766902427407e-07
9	straight	mask_297c	2,3,4,5,6,8,11,13	1	8901680	1.1233834512137035e-07
9	straight	mask_29ad	0,2,3,5,7,8,11,13	1	8901680	1.1233834512137035e-07
9	straight	mask_29b5	0,2,4,5,7,8,11,13	1	8901680	1.1233834512137035e-07
9	straight	mask_29b6	1,2,4,5,7,8,11,13	1	8901680	1.1233834512137035e-07
9	straight	mask_29c7	0,1,2,6,7,8,11,13	2	8901680	2.246766902427407e-07
9	straight	mask_29d5	0,2,4,6,7,8,11,13	1	8901680	1.1233834512137035e-07
9	straight	mask_29d6	1,2,4,6,7,8,11,13	1	8901680	1.1233834512137035e-07
9	straight	mask_29e3	0,1,5,6,7,8,11,13	3	8901680	3.3701503536411106e-07
9	straight	mask_29e5	0,2,5,6,7,8,11,13	1	8901680	1.1233834512137035e-07
9	straight	mask_29e6	1,2,5,6,7,8,11,13	3	8901680	3.3701503536411106e-07
9	straight	mask_29f2	1,4,5,6,7,8,11,13	2	8901680	2.246766902427407e-07
9	straight	mask_29f4	2,4,5,6,7,8,11,13	4	8901680	4.493533804854814e-07
9	straight	mask_2a1f	0,1,2,3,4,9,11,13	120	8901680	1.3480601414564442e-05
9	straight	mask_2a3b	0,1,3,4,5,9,11,13	2	8901680	2.246766902427407e-07
9	straight	mask_2a3d	0,2,3,4,5,9,11,13	9	8901680	1.0110451060923332e-06
9	straight	mask_2a3e	1,2,3,4,5,9,11,13	6	8901680	6.7403007072822212e-07
9	straight	mask_2a5d	0,2,3,4,6,9,11,13	3	8901680	3.3701503536411106e-07
9	straight	mask_2a5e	1,2,3,4,6,9,11,13	2	8901680	2.246766902427407e-07
9	straight	mask_2a75	0,2,4,5,6,9,11,13	54	8901680	6.066270636553999e-06
9	straight	mask_2a76	1,2,4,5,6,9,11,13	84	8901680	9.4364209901951099e-06
9	straight	mask_2a79	0,3,4,5,6,9,11,13	5	8901680	5.6169172560685179e-07
9	straight	mask_2a7a	1,3,4,5,6,9,11,13	4	8901680	4.493533804854814e-07
9	straight	mask_2a7c	2,3,4,5,6,9,11,13	26	8901680	2.9207969731556292e-06
9	straight	mask_2a9d	0,2,3,4,7,9,11,13	1	8901680	1.1233834512137035e-07
9	straight	mask_2ab5	0,2,4,5,7,9,11,13	3	8901680	3.3701503536411106e-07
9	straight	mask_2ab6	1,2,4,5,7,9,11,13	12	8901680	1.3480601414564442e-06
9	straight	mask_2abc	2,3,4,5,7,9,11,13	7	8901680	7.8636841584959246e-07
9	straight	mask_2ad3	0,1,4,6,7,9,11,13	5	8901680	5.6169172560685179e-07
9	straight	mask_2ad5	0,2,4,6,7,9,11,13	3	8901680	3.3701503536411106e-07
9	straight	mask_2ad6	1,2,4,6,7,9,11,13	7	8901680	7.8636841584959246e-07
9	straight	mask_2ad9	0,3,4,6,7,9,11,13	1	8901680	1.1233834512137035e-07
9	straight	mask_2ada	1,3,4,6,7,9,11,13	4	8901680	4.493533804854814e-07
9	straight	mask_2adc	2,3,4,6,7,9,11,13	8	8901680	8.9870676097096279e-07
9	straight	mask_2af2	1,4,5,6,7,9,11,13	41	8901680	4.6058721499761842e-06
9	straight	mask_2af4	2,4,5,6,7,9,11,13	88	8901680	9.8857743706805912e-06
9	straight	mask_2b0f	0,1,2,3,8,9,11,13	1	8901680	1.1233834512137035e-07
9	straight	mask_2b1e	1,2,3,4,8,9,11,13	2	8901680	2.246766902427407e-07
9	straight	mask_2b2b	0,1,3,5,8,9,11,13	1	8901680	1.1233834512137035e-07
9	straight	mask_2b2d	0,2,3,5,8,9,11,13	1	8901680	1.1233834512137035e-07
9	straight	mask_2b39	0,3,4,5,8,9,11,13	3	8901680	3.3701503536411106e-07
9	straight	mask_2b3a	1,3,4,5,8,9,11,13	8	8901680	8.9870676097096279e-07
9	straight	mask_2b3c	2,3,4,5,8,9,11,13	1	8901680	1.1233834512137035e-07
9	straight	mask_2b4e	1,2,3,6,8,9,11,13	1	8901680	1.1233834512137035e-07
9	straight	mask_2b55	0,2,4,6,8,9,11,13	9	8901680	1.0110451060923332e-06
9	straight	mask_2b56	1,2,4,6,8,9,11,13	12	8901680	1.3480601414564442e-06
9	straight	mask_2b5c	2,3,4,6,8,9,11,13	2	8901680	2.246766902427407e-07
9	straight	mask_2b65	0,2,5,6,8,9,11,13	26	8901680	2.9207969731556292e-06
9	straight	mask_2b66	1,2,5,6,8,9,11,13	92	8901680	1.0335127751166073e-05
9	straight	mask_2b69	0,3,5,6,8,9,11,13	1	8901680	1.1233834512137035e-07
9	straight	mask_2b6a	1,3,5,6,8,9,11,13	3	8901680	3.3701503536411106e-07
9	straight	mask_2b74	2,4,5,6,8,9,11,13	123	8901680	1.3817616449928553e-05
9	straight	mask_2b87	0,1,2,7,8,9,11,13	1	8901680	1.1233834512137035e-07
9	straight	mask_2b8e	1,2,3,7,8,9,11,13	1	8901680	1.1233834512137035e-07
9	straight	mask_2b96	1,2,4,7,8,9,11,13	1	8901680	1.1233834512137035e-07
9	straight	mask_2ba5	0,2,5,7,8,9,11,13	2	8901680	2.246766902427407e-07
9	straight	mask_2ba6	1,2,5,7,8,9,11,13	3	8901680	3.3701503536411106e-07
9	straight	mask_2bb2	1,4,5,7,8,9,11,13	2	8901680	2.246766902427407e-07
9	straight	mask_2bb4	2,4,5,7,8,9,11,13	4	8901680	4.493533804854814e-07
9	straight	mask_2bc3	0,1,6,7,8,9,11,13	1	8901680	1.1233834512137035e-07
9	straight	mask_2bc5	0,2,6,7,8,9,11,13	4	8901680	4.493533804854814e-07
9	straight	mask_2bc6	1,2,6,7,8,9,11,13	5	8901680	5.6169172560685179e-07
9	straight	mask_2bd2	1,4,6,7,8,9,11,13	2	8901680	2.246766902427407e-07
9	straight	mask_2bd4	2,4,6,7,8,9,11,13	4	8901680	4.493533804854814e-07
9	straight	mask_2be2	1,5,6,7,8,9,11,13	39	8901680	4.3811954597334435e-06
9	straight	mask_2c1f	0,1,2,3,4,10,11,13	25	8901680	2.8084586280342588e-06
9	straight	mask_2c3b	0,1,3,4,5,10,11,13	5	8901680	5.6169172560685179e-07
9	straight	mask_2c3d	0,2,3,4,5,10,11,13	1	8901680	1.1233834512137035e-07
9	straight	mask_2c57	0,1,2,4,6,10,11,13	1	8901680	1.1233834512137035e-07
9	straight	mask_2c75	0,2,4,5,6,10,11,13	24	8901680	2.6961202829128885e-06
9	straight	mask_2c79	0,3,4,5,6,10,11,13	4	8901680	4.493533804854814e-07
9	straight	mask_2c97	0,1,2,4,7,10,11,13	1	8901680	1.1233834512137035e-07
9	straight	mask_2cb3	0,1,4,5,7,10,11,13	3	8901680	3.3701503536411106e-07
9	straight	mask_2cb5	0,2,4,5,7,10,11,13	3	8901680	3.3701503536411106e-07
9	straight	mask_2d2d	0,2,3,5,8,10,11,13	1	8901680	1.1233834512137035e-07
9	straight	mask_2d2e	1,2,3,5,8,10,11,13	3	8901680	3.3701503536411106e-07
9	straight	mask_2d3a	1,3,4,5,8,10,11,13	2	8901680	2.246766902427407e-07
9	straight	mask_2d56	1,2,4,6,8,10,11,13	6	8901680	6.7403007072822212e-07
9	straight	mask_2d5a	1,3,4,6,8,10,11,13	2	8901680	2.246766902427407e-07
9	straight	mask_2d65	0,2,5,6,8,10,11,13	3	8901680	3.3701503536411106e-07
9	straight	mask_2d66	1,2,5,6,8,10,11,13	71	8901680	7.9760225036172943e-06
9	straight	mask_2d6a	1,3,5,6,8,10,11,13	8	8901680	8.9870676097096279e-07
9	straight	mask_2d74	2,4,5,6,8,10,11,13	32	8901680	3.5948270438838512e-06
9	straight	mask_2d95	0,2,4,7,8,10,11,13	1	8901680	1.1233834512137035e-07
9	straight	mask_2da3	0,1,5,7,8,10,11,13	2	8901680	2.246766902427407e-07
9	straight	mask_2da6	1,2,5,7,8,10,11,13	2	8901680	2.246766902427407e-07
9	straight	mask_2dc3	0,1,6,7,8,10,11,13	2	8901680	2.246766902427407e-07
9	straight	mask_2dc5	0,2,6,7,8,10,11,13	1	8901680	1.1233834512137035e-07
9	straight	mask_2e39	0,3,4,5,9,10,11,13	4	8901680	4.493533804854814e-07
9	straight	mask_2e3a	1,3,4,5,9,10,11,13	13	8901680	1.4603984865778146e-06
9	straight	mask_2e3c	2,3,4,5,9,10,11,13	20	8901680	2.2467669024274071e-06
9	straight	mask_2e59	0,3,4,6,9,10,11,13	3	8901680	3.3701503536411106e-07
9	straight	mask_2e74	2,4,5,6,9,10,11,13	108	8901680	1.2132541273107998e-05
9	straight	mask_2e99	0,3,4,7,9,10,11,13	1	8901680	1.1233834512137035e-07
9	straight	mask_2f19	0,3,4,8,9,10,11,13	1	8901680	1.1233834512137035e-07
9	straight	mask_2f1c	2,3,4,8,9,10,11,13	1	8901680	1.1233834512137035e-07
9	straight	mask_2f2a	1,3,5,8,9,10,11,13	4	8901680	4.493533804854814e-07
9	straight	mask_2f83	0,1,7,8,9,10,11,13	1	8901680	1.1233834512137035e-07
9	straight	mask_30af	0,1,2,3,5,7,12,13	6	8901680	6.7403007072822212e-07
9	straight	mask_30bd	0,2,3,4,5,7,12,13	1	8901680	1.1233834512137035e-07
9	straight	mask_30be	1,2,3,4,5,7,12,13	1	8901680	1.1233834512137035e-07
9	straight	mask_30cf	0,1,2,3,6,7,12,13	10	8901680	1.1233834512137036e-06
9	straight	mask_30f9	0,3,4,5,6,7,12,13	1	8901680	1.1233834512137035e-07
9	straight	mask_318f	0,1,2,3,7,8,12,13	7	8901680	7.8636841584959246e-07
9	straight	mask_31cd	0,2,3,6,7,8,12,13	1	8901680	1.1233834512137035e-07
9	straight	mask_31d9	0,3,4,6,7,8,12,13	7	8901680	7.8636841584959246e-07
9	straight	mask_31da	1,3,4,6,7,8,12,13	5	8901680	5.6169172560685179e-07
9	straight	mask_31e9	0,3,5,6,7,8,12,13	2	8901680	2.246766902427407e-07
9	straight	mask_31ea	1,3,5,6,7,8,12,13	3	8901680	3.3701503536411106e-07
9	straight	mask_32cd	0,2,3,6,7,9,12,13	5	8901680	5.6169172560685179e-07
9	straight	mask_32dc	2,3,4,6,7,9,12,13	3	8901680	3.3701503536411106e-07
9	straight	mask_34ab	0,1,3,5,7,10,12,13	1	8901680	1.1233834512137035e-07
9	straight	mask_34bc	2,3,4,5,7,10,12,13	1	8901680	1.1233834512137035e-07
9	straight	mask_34dc	2,3,4,6,7,10,12,13	1	8901680	1.1233834512137035e-07
9	straight	mask_35ca	1,3,6,7,8,10,12,13	1	8901680	1.1233834512137035e-07
9	straight	mask_381f	0,1,2,3,4,11,12,13	1	8901680	1.1233834512137035e-07
9	straight	mask_3879	0,3,4,5,6,11,12,13	1	8901680	1.1233834512137035e-07
9	straight	mask_387a	1,3,4,5,6,11,12,13	2	8901680	2.246766902427407e-07
9	straight	mask_38bc	2,3,4,5,7,11,12,13	1	8901680	1.1233834512137035e-07
9	straight	mask_3a1d	0,2,3,4,9,11,12,13	1	8901680	1.1233834512137035e-07
9	straight	mask_3a3c	2,3,4,5,9,11,12,13	1	8901680	1.1233834512137035e-07
9	straight	mask_3b19	0,3,4,8,9,11,12,13	1	8901680	1.1233834512137035e-07
9	straight	mask_3b1a	1,3,4,8,9,11,12,13	1	8901680	1.1233834512137035e-07
9	straight	mask_3b85	0,2,7,8,9,11,12,13	1	8901680	1.1233834512137035e-07
9	straight	mask_3c3a	1,3,4,5,10,11,12,13	1	8901680	1.1233834512137035e-07
9	straight	mask_3c87	0,1,2,7,10,11,12,13	1	8901680	1.1233834512137035e-07
9	straight	mask_3cc3	0,1,6,7,10,11,12,13	6	8901680	6.7403007072822212e-07
9	straight	mask_3d19	0,3,4,8,10,11,12,13	8	8901680	8.9870676097096279e-07
9	straight	mask_583e	1,2,3,4,5,11,12,14	1	8901680	1.1233834512137035e-07
9	straight	mask_588f	0,1,2,3,7,11,12,14	16	8901680	1.7974135219419256e-06
9	straight	mask_58c7	0,1,2,6,7,11,12,14	1	8901680	1.1233834512137035e-07
9	straight	mask_595a	1,3,4,6,8,11,12,14	1	8901680	1.1233834512137035e-07
9	straight	mask_5a87	0,1,2,7,9,11,12,14	1	8901680	1.1233834512137035e-07
9	straight	mask_5e89	0,3,7,9,10,11,12,14	1	8901680	1.1233834512137035e-07
9	straight	mask_915b	0,1,3,4,6,8,12,15	1	8901680	1.1233834512137035e-07
